# Blender 4.4.3
# www.blender.org
mtllib pground_cube.mtl
o floor
v -1.000000 -0.500000 -1.000000
v -1.000000 -0.500000 1.000000
v -1.000000 0.500000 -1.000000
v 1.000000 -0.500000 1.000000
v 1.000000 -0.500000 -1.000000
v 1.000000 0.500000 -1.000000
v 3.000000 -0.500000 -1.000000
v 3.000000 0.500000 -1.000000
v 5.000000 0.500000 1.000000
v 5.000000 -0.500000 -1.000000
v 5.000000 0.500000 -1.000000
v 7.000000 0.500000 1.000000
v 7.000000 -0.500000 1.000000
v 7.000000 -0.500000 -1.000000
v 7.000000 0.500000 -1.000000
v 9.000000 0.500000 1.000000
v 9.000000 0.500000 -1.000000
v -1.000000 -0.500000 3.000000
v -1.000000 0.500000 3.000000
v -1.000000 0.500000 1.000000
v 1.000000 0.500000 3.000000
v 1.000000 0.500000 1.000000
v 3.000000 0.500000 3.000000
v 3.000000 -0.500000 3.000000
v 3.000000 -0.500000 1.000000
v 3.000000 0.500000 1.000000
v 5.000000 -0.500000 1.000000
v 7.000000 0.500000 3.000000
v 9.000000 0.500000 3.000000
v -1.000000 0.500001 5.000000
v 1.000000 -0.500000 3.000000
v 3.000000 -0.499999 5.000000
v 5.000000 -0.500000 3.000000
v 5.000000 0.500000 3.000000
v 7.000000 0.500001 5.000000
v 7.000000 -0.500000 3.000000
v -1.000000 -0.499999 5.000000
v -1.000000 -0.499998 7.000000
v 1.000000 0.500002 7.000000
v 1.000000 -0.499999 5.000000
v 1.000000 0.500001 5.000000
v 3.000000 0.500002 7.000000
v 3.000000 -0.499998 7.000000
v 3.000000 0.500001 5.000000
v 5.000000 -0.499998 7.000000
v 5.000000 -0.499999 5.000000
v 5.000000 0.500001 5.000000
v 7.000000 0.500002 7.000000
v 7.000000 -0.499999 5.000000
v 9.000000 0.500002 7.000000
v 9.000000 0.500001 5.000000
v -1.000000 -0.499998 9.000000
v -1.000000 0.500002 7.000000
v 1.000000 -0.499998 7.000000
v 3.000000 0.500002 9.000000
v 3.000000 -0.499998 9.000000
v 5.000000 0.500002 9.000000
v 5.000000 -0.499998 9.000000
v 5.000000 0.500002 7.000000
v 7.000000 0.500002 9.000000
v 7.000000 -0.499998 9.000000
v 7.000000 -0.499998 7.000000
v -1.000000 0.500002 9.000000
v 1.000000 0.500003 11.000000
v 1.000000 -0.499998 9.000000
v 1.000000 0.500002 9.000000
v 7.000000 -0.499997 11.000000
v 5.000000 0.581622 5.000000
v 5.000000 0.581622 3.000000
v 7.000000 0.581622 5.000000
v 7.000000 0.581622 3.000000
v -1.000000 -0.499997 11.000000
v 1.000000 -0.499997 11.000000
v -1.000000 0.500003 11.000000
v 1.000000 -0.499997 13.000000
v 3.000000 -0.499997 11.000000
v 3.000000 0.500003 11.000000
v 5.000000 -0.499997 11.000000
v 5.000000 0.500003 11.000000
v 7.000000 0.500003 13.000000
v 7.000000 0.500003 11.000000
v 9.000000 -0.499997 11.000000
v -1.000000 -0.499997 13.000000
v -1.000000 0.500003 15.000000
v -1.000000 0.500003 13.000000
v 1.000000 0.500003 15.000000
v 1.000000 0.500003 13.000000
v 3.000000 0.500003 15.000000
v 3.000000 -0.499997 13.000000
v 3.000000 0.500003 13.000000
v 5.000000 -0.499997 13.000000
v 5.000000 0.500003 13.000000
v 7.000000 -0.499997 13.000000
v 9.000000 0.500003 15.000000
v 9.000000 -0.499997 15.000000
v 9.000000 -0.499997 13.000000
v -1.000000 -0.499997 15.000000
v -1.000000 0.500004 17.000000
v 1.000000 0.500004 17.000000
v 1.000000 -0.499996 17.000000
v 1.000000 -0.499997 15.000000
v 3.000000 -0.499996 17.000000
v 3.000000 -0.499997 15.000000
v 5.000000 -0.499997 15.000000
v 5.000000 0.500003 15.000000
v 7.000000 0.500004 17.000000
v 7.000000 -0.499996 17.000000
v 7.000000 -0.499997 15.000000
v 7.000000 0.500003 15.000000
v -1.000000 -0.499996 17.000000
v -1.000000 -0.499996 19.000000
v 1.000000 0.500004 19.000000
v 1.000000 -0.499996 19.000000
v 3.000000 0.500004 19.000000
v 3.000000 0.500004 17.000000
v 5.000000 -0.499996 19.000000
v 5.000000 -0.499996 17.000000
v 5.000000 0.500004 17.000000
v 9.000000 -0.499996 19.000000
v 9.000000 0.500004 17.000000
v -1.000000 0.500005 21.000000
v -1.000000 0.500004 19.000000
v 1.000000 0.500005 21.000000
v 3.000000 0.500005 21.000000
v 3.000000 -0.499996 19.000000
v 5.000000 -0.499995 21.000000
v 5.000000 0.500004 19.000000
v 7.000000 0.500005 21.000000
v 7.000000 -0.499996 19.000000
v 7.000000 0.500004 19.000000
v 1.000000 -0.499995 21.000000
v 3.000000 0.500005 23.000000
v 3.000000 -0.499995 21.000000
v 5.000000 0.500005 21.000000
v 7.000000 -0.499995 23.000000
v 7.000000 -0.499995 21.000000
v 9.000000 0.500005 23.000000
v 5.000000 0.581625 17.000000
v 5.000000 0.581625 15.000000
v 7.000000 0.581625 17.000000
v 7.000000 0.581625 15.000000
v -1.000000 -0.499995 21.000000
v 1.000000 0.500005 23.000000
v 9.000000 -0.500000 -1.000000
v 11.000000 0.500000 1.000000
v 11.000000 -0.500000 1.000000
v 11.000000 -0.500000 -1.000000
v 11.000000 0.500000 -1.000000
v 13.000000 0.500000 1.000000
v 13.000000 -0.500000 -1.000000
v 13.000000 0.500000 -1.000000
v 15.000000 0.500000 1.000000
v 15.000000 -0.500000 -1.000000
v 15.000000 0.500000 -1.000000
v 17.000000 0.500000 1.000000
v 17.000000 -0.500000 1.000000
v 17.000000 -0.500000 -1.000000
v 17.000000 0.500000 -1.000000
v 9.000000 -0.500000 1.000000
v 11.000000 0.500000 3.000000
v 13.000000 -0.500000 3.000000
v 13.000000 -0.500000 1.000000
v 15.000000 0.500000 3.000000
v 15.000000 -0.500000 1.000000
v 17.000000 0.500000 3.000000
v 17.000000 -0.500000 3.000000
v 19.000000 -0.500000 1.000000
v 19.000000 0.500000 1.000000
v 9.000000 -0.500000 3.000000
v 9.000000 -0.499999 5.000000
v 11.000000 -0.500000 3.000000
v 13.000000 0.500001 5.000000
v 13.000000 -0.499999 5.000000
v 13.000000 0.500000 3.000000
v 15.000000 0.500001 5.000000
v 15.000000 -0.499999 5.000000
v 15.000000 -0.500000 3.000000
v 17.000000 -0.499999 5.000000
v 19.000000 -0.499999 5.000000
v 19.000000 -0.500000 3.000000
v 11.000000 0.500002 7.000000
v 11.000000 -0.499998 7.000000
v 11.000000 -0.499999 5.000000
v 11.000000 0.500001 5.000000
v 13.000000 0.500002 7.000000
v 17.000000 -0.499998 7.000000
v 17.000000 0.500001 5.000000
v 19.000000 0.500002 7.000000
v 9.000000 -0.499998 7.000000
v 9.000000 -0.499998 9.000000
v 13.000000 0.500002 9.000000
v 13.000000 -0.499998 7.000000
v 15.000000 0.500002 9.000000
v 15.000000 -0.499998 7.000000
v 15.000000 0.500002 7.000000
v 17.000000 0.500002 9.000000
v 17.000000 0.500002 7.000000
v 19.000000 -0.499998 9.000000
v 11.000000 -0.499998 9.000000
v 13.000000 -0.499998 9.000000
v 15.000000 0.500003 11.000000
v 15.000000 -0.499998 9.000000
v 17.000000 0.500003 11.000000
v 17.000000 -0.499998 9.000000
v 19.000000 -0.499997 11.000000
v 15.000000 0.581622 5.000000
v 15.000000 0.581622 3.000000
v 17.000000 0.581622 5.000000
v 17.000000 0.581622 3.000000
v 9.000000 0.500002 9.000000
v 11.000000 -0.499997 11.000000
v 11.000000 0.500002 9.000000
v 9.000000 0.500003 13.000000
v 9.000000 0.500003 11.000000
v 11.000000 0.500003 11.000000
v 13.000000 0.500003 13.000000
v 13.000000 -0.499997 13.000000
v 13.000000 -0.499997 11.000000
v 13.000000 0.500003 11.000000
v 15.000000 0.500003 13.000000
v 15.000000 -0.499997 13.000000
v 15.000000 -0.499997 11.000000
v 17.000000 -0.499997 11.000000
v 19.000000 0.500003 13.000000
v 11.000000 0.500003 15.000000
v 11.000000 -0.499997 15.000000
v 11.000000 -0.499997 13.000000
v 11.000000 0.500003 13.000000
v 13.000000 0.500003 15.000000
v 13.000000 -0.499997 15.000000
v 15.000000 -0.499997 15.000000
v 17.000000 0.500003 15.000000
v 17.000000 -0.499997 15.000000
v 17.000000 -0.499997 13.000000
v 17.000000 0.500003 13.000000
v 9.000000 -0.499996 17.000000
v 11.000000 -0.499996 17.000000
v 15.000000 0.500004 17.000000
v 15.000000 0.500003 15.000000
v 19.000000 0.500004 17.000000
v 19.000000 0.500003 15.000000
v 9.000000 0.500004 19.000000
v 11.000000 -0.499996 19.000000
v 11.000000 0.500004 17.000000
v 13.000000 -0.499996 19.000000
v 13.000000 -0.499996 17.000000
v 13.000000 0.500004 17.000000
v 15.000000 -0.499996 17.000000
v 17.000000 0.500004 19.000000
v 17.000000 -0.499996 19.000000
v 17.000000 -0.499996 17.000000
v 17.000000 0.500004 17.000000
v 19.000000 0.500004 19.000000
v 19.000000 -0.499996 19.000000
v 11.000000 -0.499995 21.000000
v 11.000000 0.500004 19.000000
v 13.000000 0.500005 21.000000
v 13.000000 -0.499995 21.000000
v 13.000000 0.500004 19.000000
v 15.000000 0.500005 21.000000
v 15.000000 -0.499996 19.000000
v 15.000000 0.500004 19.000000
v 9.000000 -0.499995 21.000000
v 11.000000 0.500005 23.000000
v 11.000000 -0.499995 23.000000
v 13.000000 -0.499995 23.000000
v 15.000000 0.500005 23.000000
v 15.000000 -0.499995 23.000000
v 15.000000 -0.499995 21.000000
v 17.000000 -0.499995 21.000000
v 17.000000 0.500005 21.000000
v 19.000000 -0.499995 21.000000
v 15.000000 0.581625 17.000000
v 15.000000 0.581625 15.000000
v 17.000000 0.581625 17.000000
v 17.000000 0.581625 15.000000
v 9.000000 -0.499995 23.000000
v 9.000000 0.500005 21.000000
v 11.000000 0.500005 21.000000
v 19.000000 -0.500000 -1.000000
v 19.000000 0.500000 -1.000000
v 21.000000 -0.500000 -1.000000
v 21.000000 0.500000 -1.000000
v 23.000000 -0.500000 -1.000000
v 23.000000 0.500000 -1.000000
v 25.000000 -0.500000 1.000000
v 25.000000 -0.500000 -1.000000
v 25.000000 0.500000 -1.000000
v 27.000000 -0.500000 -1.000000
v 27.000000 0.500000 -1.000000
v 29.000000 -0.500000 -1.000000
v 21.000000 -0.500000 1.000000
v 21.000000 0.500000 1.000000
v 23.000000 -0.500000 1.000000
v 23.000000 0.500000 1.000000
v 25.000000 0.500000 1.000000
v 27.000000 -0.500000 3.000000
v 27.000000 -0.500000 1.000000
v 27.000000 0.500000 1.000000
v 19.000000 0.500001 5.000000
v 19.000000 0.500000 3.000000
v 21.000000 0.500001 5.000000
v 21.000000 -0.499999 5.000000
v 21.000000 -0.500000 3.000000
v 21.000000 0.500000 3.000000
v 23.000000 -0.500000 3.000000
v 23.000000 0.500000 3.000000
v 25.000000 -0.500000 3.000000
v 25.000000 0.500000 3.000000
v 27.000000 0.500000 3.000000
v 29.000000 -0.500000 3.000000
v 19.000000 -0.499998 7.000000
v 21.000000 0.500002 7.000000
v 23.000000 0.500002 7.000000
v 23.000000 -0.499999 5.000000
v 23.000000 0.500001 5.000000
v 25.000000 0.500002 7.000000
v 25.000000 -0.499999 5.000000
v 25.000000 0.500001 5.000000
v 27.000000 0.500002 7.000000
v 27.000000 -0.499998 7.000000
v 27.000000 -0.499999 5.000000
v 27.000000 0.500001 5.000000
v 29.000000 -0.499998 7.000000
v 29.000000 -0.499999 5.000000
v 21.000000 -0.499998 7.000000
v 23.000000 0.500002 9.000000
v 23.000000 -0.499998 9.000000
v 23.000000 -0.499998 7.000000
v 25.000000 -0.499998 7.000000
v 27.000000 0.500002 9.000000
v 27.000000 -0.499998 9.000000
v 29.000000 0.500002 9.000000
v 29.000000 -0.499998 9.000000
v 25.000000 -0.499998 9.000000
v 25.000000 0.500002 9.000000
v 25.000000 0.581622 5.000000
v 25.000000 0.581622 3.000000
v 27.000000 0.581622 5.000000
v 27.000000 0.581622 3.000000
v 19.000000 0.500003 11.000000
v 19.000000 0.500002 9.000000
v 21.000000 0.500003 11.000000
v 21.000000 -0.499997 11.000000
v 21.000000 -0.499998 9.000000
v 21.000000 0.500002 9.000000
v 23.000000 0.500003 13.000000
v 23.000000 -0.499997 11.000000
v 23.000000 0.500003 11.000000
v 25.000000 -0.499997 13.000000
v 25.000000 -0.499997 11.000000
v 25.000000 0.500003 11.000000
v 27.000000 -0.499997 13.000000
v 27.000000 -0.499997 11.000000
v 27.000000 0.500003 11.000000
v 29.000000 0.500003 13.000000
v 29.000000 -0.499997 13.000000
v 29.000000 0.500003 11.000000
v 19.000000 -0.499997 13.000000
v 19.000000 -0.499997 15.000000
v 21.000000 -0.499997 15.000000
v 21.000000 -0.499997 13.000000
v 21.000000 0.500003 13.000000
v 23.000000 0.500003 15.000000
v 23.000000 -0.499997 15.000000
v 23.000000 -0.499997 13.000000
v 25.000000 0.540814 15.000000
v 25.000000 -0.499997 15.000000
v 25.000000 0.500003 13.000000
v 27.000000 -0.499997 15.000000
v 27.000000 0.500003 13.000000
v 29.000000 0.500003 15.000000
v 29.000000 -0.499997 15.000000
v 21.000000 0.500004 17.000000
v 21.000000 0.500003 15.000000
v 27.000000 -0.499996 17.000000
v 27.000000 0.540814 15.000000
v 29.000000 0.500004 17.000000
v 29.000000 -0.499996 17.000000
v 19.000000 -0.499996 17.000000
v 21.000000 0.500004 19.000000
v 21.000000 -0.499996 19.000000
v 21.000000 -0.499996 17.000000
v 23.000000 -0.499996 19.000000
v 23.000000 -0.499996 17.000000
v 23.000000 0.500004 17.000000
v 25.000000 0.500004 19.000000
v 25.000000 -0.499996 19.000000
v 25.000000 -0.499996 17.000000
v 25.000000 0.540814 17.000000
v 27.000000 -0.499996 19.000000
v 27.000000 0.540814 17.000000
v 19.000000 0.500005 21.000000
v 23.000000 -0.499995 21.000000
v 23.000000 0.500004 19.000000
v 27.000000 -0.499995 21.000000
v 27.000000 0.500004 19.000000
v 23.000000 0.500005 23.000000
v 23.000000 -0.499995 23.000000
v 23.000000 0.500005 21.000000
v 25.000000 0.500005 23.000000
v 25.000000 -0.499995 23.000000
v 25.000000 -0.499995 21.000000
v 25.000000 0.500005 21.000000
v 27.000000 0.500005 23.000000
v 27.000000 -0.499995 23.000000
v 27.000000 0.500005 21.000000
v 29.000000 -0.499995 23.000000
v 21.000000 0.500005 23.000000
v 21.000000 -0.499995 21.000000
v 21.000000 0.500005 21.000000
v 29.000000 -0.500000 1.000000
v 29.000000 0.500000 -1.000000
v 31.000000 0.500000 1.000000
v 31.000000 -0.500000 -1.000000
v 31.000000 0.500000 -1.000000
v 33.000000 0.500000 1.000000
v 33.000000 -0.500000 1.000000
v 33.000000 -0.500000 -1.000000
v 33.000000 0.500000 -1.000000
v 35.000000 0.500000 1.000000
v 35.000000 -0.500000 1.000000
v 35.000000 -0.500000 -1.000000
v 35.000000 0.500000 -1.000000
v 37.000000 0.500000 1.000000
v 37.000000 -0.500000 1.000000
v 37.000000 -0.500000 -1.000000
v 37.000000 0.500000 -1.000000
v 39.000000 0.500000 1.000000
v 39.000000 -0.500000 1.000000
v 39.000000 -0.500000 -1.000000
v 39.000000 0.500000 -1.000000
v 29.000000 0.500000 3.000000
v 29.000000 0.500000 1.000000
v 31.000000 -0.500000 3.000000
v 31.000000 -0.500000 1.000000
v 33.000000 0.500000 3.000000
v 33.000000 -0.500000 3.000000
v 33.000000 -0.500000 1.000000
v 35.000000 -0.500000 3.000000
v 35.000000 -0.500000 1.000000
v 35.000000 0.500000 1.000000
v 37.000000 0.500000 3.000000
v 37.000000 -0.500000 3.000000
v 37.000000 -0.500000 1.000000
v 37.000000 0.500000 1.000000
v 39.000000 0.500000 1.000000
v 31.000000 0.500001 5.000000
v 31.000000 -0.499999 5.000000
v 31.000000 0.500000 3.000000
v 33.000000 0.500001 5.000000
v 35.000000 0.500001 5.000000
v 35.000000 -0.499999 5.000000
v 35.000000 -0.500000 3.000000
v 35.000000 0.500000 3.000000
v 37.000000 0.500001 5.000000
v 37.000000 -0.499999 5.000000
v 37.000000 -0.500000 3.000000
v 37.000000 0.500000 3.000000
v 39.000000 0.500001 5.000000
v 39.000000 -0.499999 5.000000
v 39.000000 -0.500000 3.000000
v 39.000000 0.500000 3.000000
v 29.000000 0.500002 7.000000
v 29.000000 0.500001 5.000000
v 31.000000 -0.499998 7.000000
v 33.000000 0.500002 7.000000
v 33.000000 -0.499998 7.000000
v 33.000000 -0.499999 5.000000
v 35.000000 0.500002 7.000000
v 35.000000 -0.499998 7.000000
v 35.000000 0.500001 5.000000
v 37.000000 0.500002 7.000000
v 37.000000 -0.499998 7.000000
v 37.000000 0.500001 5.000000
v 39.000000 -0.499998 7.000000
v 31.000000 0.500002 9.000000
v 31.000000 0.500002 7.000000
v 33.000000 -0.499998 9.000000
v 33.000000 -0.499998 7.000000
v 35.000000 0.500002 9.000000
v 35.000000 -0.499998 9.000000
v 35.000000 -0.499998 7.000000
v 37.000000 0.500002 9.000000
v 37.000000 -0.499998 9.000000
v 37.000000 0.500002 7.000000
v 39.000000 0.500002 9.000000
v 39.000000 -0.499998 9.000000
v 39.000000 -0.499998 7.000000
v 39.000000 0.500002 7.000000
v 31.000000 -0.499998 9.000000
v 33.000000 0.500003 11.000000
v 33.000000 -0.499997 11.000000
v 33.000000 0.500002 9.000000
v 35.000000 0.500003 11.000000
v 35.000000 -0.499997 11.000000
v 35.000000 -0.499998 9.000000
v 35.000000 0.500002 9.000000
v 37.000000 0.500003 11.000000
v 37.000000 -0.499998 9.000000
v 39.000000 0.500003 11.000000
v 39.000000 -0.499997 11.000000
v 39.000000 -0.499998 9.000000
v 39.000000 0.500002 9.000000
v 35.000000 0.581622 5.000000
v 35.000000 0.581622 3.000000
v 37.000000 0.581622 5.000000
v 37.000000 0.581622 3.000000
v 29.000000 -0.499997 11.000000
v 31.000000 0.500003 13.000000
v 31.000000 -0.499997 11.000000
v 31.000000 0.500003 11.000000
v 33.000000 0.500003 13.000000
v 33.000000 -0.499997 13.000000
v 33.000000 0.500003 11.000000
v 35.000000 -0.499997 13.000000
v 35.000000 -0.499997 11.000000
v 35.000000 0.500003 11.000000
v 37.000000 0.500003 13.000000
v 37.000000 -0.499997 13.000000
v 37.000000 -0.499997 11.000000
v 37.000000 0.500003 11.000000
v 39.000000 0.500003 13.000000
v 39.000000 -0.499997 13.000000
v 39.000000 -0.499997 11.000000
v 39.000000 0.500003 11.000000
v 31.000000 -0.499997 13.000000
v 33.000000 0.500003 15.000000
v 33.000000 0.500003 13.000000
v 35.000000 0.500003 15.000000
v 35.000000 -0.499997 15.000000
v 35.000000 -0.499997 13.000000
v 35.000000 0.500003 13.000000
v 37.000000 0.500003 15.000000
v 37.000000 -0.499997 15.000000
v 37.000000 -0.499997 13.000000
v 37.000000 0.500003 13.000000
v 39.000000 0.500003 15.000000
v 39.000000 -0.499997 15.000000
v 39.000000 -0.499997 13.000000
v 39.000000 0.500003 13.000000
v 31.000000 -0.499997 15.000000
v 31.000000 0.500003 15.000000
v 33.000000 0.500004 17.000000
v 33.000000 -0.499997 15.000000
v 35.000000 0.500004 17.000000
v 35.000000 -0.499996 17.000000
v 37.000000 0.500004 17.000000
v 37.000000 -0.499996 17.000000
v 37.000000 -0.499997 15.000000
v 39.000000 0.500004 17.000000
v 39.000000 0.500003 15.000000
v 29.000000 -0.499996 19.000000
v 31.000000 0.500004 19.000000
v 31.000000 -0.499996 19.000000
v 31.000000 -0.499996 17.000000
v 31.000000 0.500004 17.000000
v 33.000000 0.500004 19.000000
v 33.000000 -0.499996 17.000000
v 33.000000 0.500004 17.000000
v 35.000000 -0.499996 19.000000
v 35.000000 -0.499996 17.000000
v 37.000000 0.500004 19.000000
v 37.000000 -0.499996 19.000000
v 37.000000 0.500004 17.000000
v 39.000000 -0.499996 19.000000
v 39.000000 -0.499996 17.000000
v 29.000000 0.500004 19.000000
v 31.000000 0.500005 21.000000
v 33.000000 0.500005 21.000000
v 33.000000 -0.499995 21.000000
v 33.000000 -0.499996 19.000000
v 33.000000 0.500004 19.000000
v 35.000000 0.500005 21.000000
v 35.000000 -0.499995 21.000000
v 35.000000 -0.499996 19.000000
v 35.000000 0.500004 19.000000
v 37.000000 0.500005 21.000000
v 37.000000 -0.499995 21.000000
v 37.000000 -0.499996 19.000000
v 37.000000 0.500004 19.000000
v 39.000000 0.500005 21.000000
v 39.000000 -0.499995 21.000000
v 39.000000 0.500004 19.000000
v 29.000000 -0.499995 21.000000
v 29.000000 0.500005 21.000000
v 31.000000 -0.499995 21.000000
v 33.000000 0.500005 23.000000
v 33.000000 -0.499995 23.000000
v 33.000000 -0.499995 21.000000
v 35.000000 0.500005 23.000000
v 35.000000 -0.499995 21.000000
v 35.000000 0.500005 21.000000
v 37.000000 0.500005 23.000000
v 37.000000 -0.499995 23.000000
v 37.000000 -0.499995 21.000000
v 37.000000 0.500005 21.000000
v 39.000000 0.500005 23.000000
v 39.000000 -0.499995 23.000000
v 39.000000 -0.499995 21.000000
v 39.000000 0.500005 21.000000
v 35.000000 0.581625 17.000000
v 35.000000 0.581625 15.000000
v 37.000000 0.581625 17.000000
v 37.000000 0.581625 15.000000
v 31.000000 0.500005 23.000000
v 31.000000 -0.499995 23.000000
v -1.000000 -0.499995 23.000000
v -1.000000 0.500006 25.000000
v -1.000000 0.500005 23.000000
v 1.000000 0.500006 25.000000
v 1.000000 -0.499995 23.000000
v 3.000000 -0.499994 25.000000
v 3.000000 -0.499995 23.000000
v 5.000000 0.500006 25.000000
v 5.000000 -0.499995 23.000000
v 5.000000 0.500005 23.000000
v 7.000000 0.500006 25.000000
v 7.000000 0.500005 23.000000
v 9.000000 0.500006 25.000000
v -1.000000 -0.499994 25.000000
v -1.000000 -0.499994 27.000000
v -1.000000 0.500006 27.000000
v 1.000000 -0.499994 25.000000
v 3.000000 0.500006 27.000000
v 3.000000 -0.499994 27.000000
v 3.000000 0.500006 25.000000
v 5.000000 -0.499994 27.000000
v 5.000000 -0.499994 25.000000
v 7.000000 -0.499994 25.000000
v 1.000000 0.500006 29.000000
v 1.000000 -0.499994 29.000000
v 1.000000 -0.499994 27.000000
v 1.000000 0.500006 27.000000
v 5.000000 0.500006 29.000000
v 5.000000 0.500006 27.000000
v 7.000000 0.500006 29.000000
v 7.000000 -0.499994 29.000000
v 7.000000 -0.499994 27.000000
v 7.000000 0.500006 27.000000
v -1.000000 -0.499994 29.000000
v -1.000000 -0.499993 31.000000
v -1.000000 0.500006 29.000000
v 1.000000 0.500007 31.000000
v 3.000000 0.500007 31.000000
v 3.000000 -0.499993 31.000000
v 3.000000 -0.499994 29.000000
v 3.000000 0.500006 29.000000
v 5.000000 0.500007 31.000000
v 5.000000 -0.499993 31.000000
v 5.000000 -0.499994 29.000000
v 7.000000 0.500007 31.000000
v 7.000000 -0.499993 31.000000
v -1.000000 -0.499992 33.000000
v -1.000000 0.500007 31.000000
v 1.000000 0.500008 33.000000
v 1.000000 -0.499993 31.000000
v 5.000000 0.500008 33.000000
v 9.000000 0.500008 33.000000
v 1.000000 -0.499992 35.000000
v 3.000000 0.500008 35.000000
v 3.000000 -0.499992 33.000000
v 3.000000 0.500008 33.000000
v 5.000000 0.500008 35.000000
v 5.000000 -0.499992 33.000000
v 7.000000 0.500008 35.000000
v 7.000000 -0.499992 35.000000
v 7.000000 -0.499992 33.000000
v 7.000000 0.500008 33.000000
v 9.000000 -0.499992 35.000000
v 5.000000 0.581628 29.000000
v 5.000000 0.581628 27.000000
v 7.000000 0.581628 29.000000
v 7.000000 0.581628 27.000000
v -1.000000 -0.499992 35.000000
v -1.000000 0.500008 33.000000
v 1.000000 -0.499992 35.000000
v 1.000000 -0.499992 33.000000
v -1.000000 -0.499992 35.000000
v -1.000000 0.500008 35.000000
v 1.000000 -0.499992 35.000000
v 1.000000 0.500008 35.000000
v 3.000000 0.500009 37.000000
v 3.000000 -0.499991 37.000000
v 3.000000 -0.499992 35.000000
v 5.000000 -0.499992 35.000000
v 5.000000 0.500008 35.000000
v 7.000000 -0.499991 37.000000
v 7.000000 0.500008 35.000000
v 9.000000 -0.499991 37.000000
v 9.000000 -0.499992 35.000000
v 9.000000 0.500008 35.000000
v -1.000000 -0.499991 37.000000
v -1.000000 -0.499991 39.000000
v -1.000000 0.500009 39.000000
v -1.000000 0.500009 37.000000
v 1.000000 0.500009 39.000000
v 1.000000 -0.499991 39.000000
v 1.000000 -0.499991 37.000000
v 1.000000 0.500009 37.000000
v 3.000000 0.500009 39.000000
v 3.000000 0.500009 37.000000
v 5.000000 -0.499991 39.000000
v 5.000000 -0.499991 37.000000
v 5.000000 0.500009 37.000000
v 7.000000 0.500009 39.000000
v 7.000000 -0.499991 39.000000
v 7.000000 0.500009 37.000000
v 9.000000 0.500009 39.000000
v 9.000000 0.500009 37.000000
v -1.000000 -0.499991 41.000000
v -1.000000 0.500009 41.000000
v 1.000000 -0.499991 41.000000
v 3.000000 -0.499991 39.000000
v 5.000000 0.500009 41.000000
v 5.000000 -0.499991 41.000000
v 5.000000 0.500009 39.000000
v 7.000000 0.500009 41.000000
v 7.000000 -0.499991 41.000000
v 9.000000 0.500009 41.000000
v 9.000000 -0.499991 41.000000
v 9.000000 -0.499991 39.000000
v 9.000000 0.500009 39.000000
v -1.000000 -0.499991 43.000000
v 1.000000 -0.499991 43.000000
v 1.000000 0.500009 41.000000
v 3.000000 0.500009 43.000000
v 3.000000 -0.499991 41.000000
v 3.000000 0.500009 41.000000
v 5.000000 -0.499991 41.000000
v 5.000000 0.500009 41.000000
v 7.000000 -0.499991 43.000000
v 9.000000 -0.499991 41.000000
v 9.000000 0.500009 41.000000
v -1.000000 -0.499991 43.000000
v -1.000000 -0.499990 45.000000
v -1.000000 0.500010 45.000000
v -1.000000 0.500009 43.000000
v 1.000000 -0.499990 45.000000
v 1.000000 0.500009 43.000000
v 3.000000 -0.499990 45.000000
v 3.000000 -0.499991 43.000000
v 3.000000 0.500009 43.000000
v 5.000000 -0.499991 43.000000
v 5.000000 0.500009 43.000000
v 7.000000 -0.499991 43.000000
v 7.000000 0.500009 43.000000
v 9.000000 0.500010 45.000000
v 9.000000 -0.499990 45.000000
v 1.000000 0.500011 47.000000
v 1.000000 -0.499989 47.000000
v 1.000000 0.500010 45.000000
v 3.000000 0.500011 47.000000
v 3.000000 -0.499989 47.000000
v 3.000000 0.500010 45.000000
v 5.000000 0.500011 47.000000
v 5.000000 -0.499989 47.000000
v 5.000000 -0.499990 45.000000
v 5.000000 0.500010 45.000000
v 7.000000 0.500011 47.000000
v 7.000000 -0.499989 47.000000
v 7.000000 -0.499990 45.000000
v 7.000000 0.500010 45.000000
v 9.000000 0.500011 47.000000
v 9.000000 -0.499989 47.000000
v 9.000000 0.500010 45.000000
v 5.000000 0.581631 41.000000
v 5.000000 0.581631 39.000000
v 7.000000 0.581631 41.000000
v 7.000000 0.581631 39.000000
v -1.000000 -0.499989 47.000000
v -1.000000 0.500011 47.000000
v -1.000000 0.500010 45.000000
v 1.000000 0.500010 45.000000
v 13.000000 0.500005 23.000000
v 15.000000 0.500006 25.000000
v 15.000000 -0.499994 25.000000
v 17.000000 -0.499994 25.000000
v 17.000000 -0.499995 23.000000
v 17.000000 0.500005 23.000000
v 19.000000 -0.499994 25.000000
v 19.000000 -0.499995 23.000000
v 19.000000 0.500005 23.000000
v 9.000000 -0.499994 25.000000
v 11.000000 -0.499994 25.000000
v 11.000000 0.500006 25.000000
v 13.000000 -0.499994 27.000000
v 13.000000 -0.499994 25.000000
v 13.000000 0.500006 25.000000
v 17.000000 0.500006 25.000000
v 9.000000 -0.499994 27.000000
v 9.000000 0.500006 29.000000
v 9.000000 0.500006 27.000000
v 11.000000 0.500006 29.000000
v 11.000000 -0.499994 29.000000
v 11.000000 -0.499994 27.000000
v 11.000000 0.500006 27.000000
v 13.000000 0.500006 29.000000
v 13.000000 -0.499994 29.000000
v 13.000000 0.500006 27.000000
v 15.000000 -0.499994 29.000000
v 15.000000 -0.499994 27.000000
v 15.000000 0.500006 27.000000
v 17.000000 0.500006 29.000000
v 17.000000 -0.499994 27.000000
v 17.000000 0.500006 27.000000
v 19.000000 0.500006 29.000000
v 9.000000 -0.499994 29.000000
v 11.000000 -0.499993 31.000000
v 15.000000 0.500007 31.000000
v 15.000000 -0.499993 31.000000
v 15.000000 0.500006 29.000000
v 17.000000 0.500007 31.000000
v 17.000000 -0.499994 29.000000
v 9.000000 -0.499993 31.000000
v 9.000000 0.500008 33.000000
v 9.000000 0.500007 31.000000
v 11.000000 0.500008 33.000000
v 11.000000 -0.499992 33.000000
v 11.000000 0.500007 31.000000
v 13.000000 -0.499993 31.000000
v 13.000000 0.500007 31.000000
v 15.000000 0.500008 33.000000
v 17.000000 -0.499992 33.000000
v 17.000000 -0.499993 31.000000
v 19.000000 -0.499992 33.000000
v 9.000000 -0.499992 33.000000
v 11.000000 0.500008 35.000000
v 11.000000 0.500008 33.000000
v 13.000000 0.500008 35.000000
v 13.000000 -0.499992 33.000000
v 13.000000 0.500008 33.000000
v 15.000000 -0.499992 35.000000
v 15.000000 -0.499992 33.000000
v 17.000000 -0.499992 35.000000
v 17.000000 0.500008 33.000000
v 19.000000 0.500008 35.000000
v 19.000000 0.500008 33.000000
v 15.000000 0.581628 29.000000
v 15.000000 0.581628 27.000000
v 17.000000 0.581628 29.000000
v 17.000000 0.581628 27.000000
v 11.000000 -0.499992 33.000000
v 9.000000 0.500008 35.000000
v 11.000000 -0.499992 35.000000
v 13.000000 0.500009 37.000000
v 13.000000 -0.499992 35.000000
v 15.000000 0.500009 37.000000
v 15.000000 0.500008 35.000000
v 17.000000 0.500008 35.000000
v 19.000000 -0.499992 35.000000
v 19.000000 0.500008 35.000000
v 9.000000 -0.499991 39.000000
v 11.000000 -0.499991 37.000000
v 11.000000 0.500009 37.000000
v 13.000000 0.500009 39.000000
v 13.000000 -0.499991 39.000000
v 13.000000 -0.499991 37.000000
v 15.000000 0.500009 39.000000
v 15.000000 -0.499991 39.000000
v 15.000000 -0.499991 37.000000
v 17.000000 0.500009 39.000000
v 17.000000 -0.499991 37.000000
v 17.000000 0.500009 37.000000
v 19.000000 0.500009 39.000000
v 9.000000 -0.499991 39.000000
v 11.000000 0.500009 41.000000
v 11.000000 -0.499991 39.000000
v 11.000000 0.500009 39.000000
v 13.000000 0.500009 41.000000
v 13.000000 -0.499991 39.000000
v 15.000000 -0.499991 39.000000
v 17.000000 -0.499991 39.000000
v 19.000000 -0.499991 39.000000
v 9.000000 0.500009 43.000000
v 9.000000 0.500009 41.000000
v 11.000000 0.500009 43.000000
v 11.000000 -0.499991 43.000000
v 11.000000 -0.499991 41.000000
v 11.000000 0.500009 41.000000
v 13.000000 -0.499991 41.000000
v 15.000000 -0.499991 43.000000
v 15.000000 -0.499991 41.000000
v 15.000000 0.500009 41.000000
v 17.000000 -0.499991 43.000000
v 17.000000 -0.499991 41.000000
v 17.000000 0.500009 41.000000
v 19.000000 0.500009 43.000000
v 19.000000 -0.499991 43.000000
v 19.000000 -0.499991 41.000000
v 19.000000 0.500009 41.000000
v 9.000000 -0.499991 43.000000
v 9.000000 0.500010 45.000000
v 11.000000 -0.499990 45.000000
v 13.000000 0.500010 45.000000
v 13.000000 -0.499990 45.000000
v 13.000000 -0.499991 43.000000
v 13.000000 0.500009 43.000000
v 15.000000 0.500010 45.000000
v 15.000000 0.500009 43.000000
v 17.000000 -0.499991 43.000000
v 17.000000 0.500009 43.000000
v 19.000000 -0.499990 45.000000
v 19.000000 -0.499991 43.000000
v 11.000000 0.500011 47.000000
v 11.000000 -0.499989 47.000000
v 11.000000 0.500010 45.000000
v 13.000000 0.500011 47.000000
v 13.000000 -0.499989 47.000000
v 15.000000 0.500011 47.000000
v 15.000000 -0.499989 47.000000
v 15.000000 -0.499990 45.000000
v 15.000000 0.500010 45.000000
v 17.000000 0.500011 47.000000
v 17.000000 -0.499989 47.000000
v 17.000000 -0.499990 45.000000
v 17.000000 0.500010 45.000000
v 15.000000 0.581631 41.000000
v 15.000000 0.581631 39.000000
v 17.000000 0.581631 41.000000
v 17.000000 0.581631 39.000000
v 9.000000 -0.499990 45.000000
v 9.000000 0.500010 45.000000
v 11.000000 -0.499990 45.000000
v 19.000000 0.500006 25.000000
v 21.000000 -0.499995 23.000000
v 27.000000 -0.499994 25.000000
v 29.000000 0.500005 23.000000
v 19.000000 -0.499994 27.000000
v 19.000000 0.500006 27.000000
v 21.000000 0.500006 27.000000
v 21.000000 -0.499994 25.000000
v 21.000000 0.500006 25.000000
v 23.000000 -0.499994 27.000000
v 23.000000 -0.499994 25.000000
v 23.000000 0.500006 25.000000
v 25.000000 0.540817 27.000000
v 25.000000 -0.499994 25.000000
v 25.000000 0.500006 25.000000
v 27.000000 0.540817 27.000000
v 27.000000 -0.499994 27.000000
v 27.000000 0.500006 25.000000
v 21.000000 -0.499994 27.000000
v 23.000000 0.500006 27.000000
v 25.000000 -0.499994 27.000000
v 29.000000 0.500006 29.000000
v 29.000000 0.500006 27.000000
v 19.000000 -0.499994 29.000000
v 19.000000 -0.499993 31.000000
v 21.000000 0.500007 31.000000
v 21.000000 -0.499993 31.000000
v 21.000000 -0.499994 29.000000
v 21.000000 0.500006 29.000000
v 23.000000 -0.499994 29.000000
v 23.000000 0.500006 29.000000
v 25.000000 -0.499994 29.000000
v 25.000000 0.540817 29.000000
v 27.000000 0.500007 31.000000
v 27.000000 -0.499993 31.000000
v 27.000000 -0.499994 29.000000
v 27.000000 0.540817 29.000000
v 29.000000 -0.499993 31.000000
v 29.000000 -0.499994 29.000000
v 19.000000 -0.499992 33.000000
v 19.000000 0.500007 31.000000
v 21.000000 0.500008 33.000000
v 21.000000 -0.499992 33.000000
v 23.000000 0.500008 33.000000
v 23.000000 -0.499992 33.000000
v 23.000000 -0.499993 31.000000
v 23.000000 0.500007 31.000000
v 25.000000 -0.499992 33.000000
v 25.000000 -0.499993 31.000000
v 25.000000 0.500007 31.000000
v 27.000000 -0.499992 33.000000
v 29.000000 0.500008 33.000000
v 21.000000 -0.499992 35.000000
v 25.000000 0.500008 33.000000
v 27.000000 0.500008 35.000000
v 27.000000 -0.499992 35.000000
v 27.000000 0.500008 33.000000
v 29.000000 0.500008 35.000000
v 29.000000 0.500008 33.000000
v 19.000000 -0.499992 35.000000
v 19.000000 0.500008 35.000000
v 21.000000 0.500008 35.000000
v 21.000000 -0.499992 33.000000
v 19.000000 0.500009 37.000000
v 19.000000 0.500008 35.000000
v 21.000000 0.500009 37.000000
v 21.000000 0.500008 35.000000
v 23.000000 -0.499991 37.000000
v 23.000000 -0.499992 35.000000
v 23.000000 0.500008 35.000000
v 25.000000 -0.499991 37.000000
v 25.000000 -0.499992 35.000000
v 25.000000 0.500008 35.000000
v 27.000000 -0.499991 37.000000
v 27.000000 0.500008 35.000000
v 29.000000 0.500009 37.000000
v 29.000000 -0.499992 35.000000
v 19.000000 -0.499991 37.000000
v 19.000000 0.500009 39.000000
v 19.000000 0.500009 37.000000
v 21.000000 -0.499991 39.000000
v 21.000000 -0.499991 37.000000
v 23.000000 0.500009 39.000000
v 23.000000 -0.499991 39.000000
v 23.000000 -0.499991 37.000000
v 23.000000 0.500009 37.000000
v 25.000000 -0.499991 39.000000
v 25.000000 -0.499991 37.000000
v 25.000000 0.500009 37.000000
v 27.000000 -0.499991 39.000000
v 27.000000 -0.499991 37.000000
v 27.000000 0.500009 37.000000
v 29.000000 -0.499991 39.000000
v 29.000000 -0.499991 37.000000
v 21.000000 -0.499991 41.000000
v 21.000000 0.500009 39.000000
v 23.000000 0.500009 41.000000
v 25.000000 0.500009 41.000000
v 25.000000 0.500009 39.000000
v 27.000000 0.500009 41.000000
v 27.000000 -0.499991 41.000000
v 27.000000 0.500009 39.000000
v 29.000000 0.500009 41.000000
v 29.000000 -0.499991 41.000000
v 19.000000 0.500009 43.000000
v 21.000000 -0.499991 41.000000
v 21.000000 0.500009 41.000000
v 23.000000 -0.499991 43.000000
v 23.000000 -0.499991 41.000000
v 25.000000 0.500009 43.000000
v 25.000000 -0.499991 41.000000
v 27.000000 -0.499991 43.000000
v 29.000000 0.500009 43.000000
v 29.000000 -0.499991 41.000000
v 29.000000 0.500009 41.000000
v 19.000000 -0.499991 43.000000
v 19.000000 0.500009 43.000000
v 21.000000 -0.499991 43.000000
v 21.000000 0.500009 43.000000
v 23.000000 0.500010 45.000000
v 23.000000 -0.499991 43.000000
v 23.000000 0.500009 43.000000
v 25.000000 0.500010 45.000000
v 25.000000 -0.499991 43.000000
v 27.000000 0.500010 45.000000
v 27.000000 -0.499991 43.000000
v 27.000000 0.500009 43.000000
v 29.000000 0.500010 45.000000
v 29.000000 -0.499991 43.000000
v 29.000000 0.500009 43.000000
v 21.000000 0.500010 45.000000
v 23.000000 0.500011 47.000000
v 23.000000 -0.499989 47.000000
v 23.000000 -0.499990 45.000000
v 23.000000 0.500010 45.000000
v 25.000000 0.500011 47.000000
v 25.000000 -0.499989 47.000000
v 25.000000 -0.499990 45.000000
v 25.000000 0.500010 45.000000
v 27.000000 0.500011 47.000000
v 27.000000 -0.499989 47.000000
v 27.000000 -0.499990 45.000000
v 27.000000 0.500010 45.000000
v 29.000000 -0.499989 47.000000
v 29.000000 -0.499990 45.000000
v 25.000000 6.120166 41.000000
v 25.000000 6.120166 39.000000
v 27.000000 6.120166 41.000000
v 27.000000 6.120166 39.000000
v 19.000000 -0.499989 47.000000
v 19.000000 0.500011 47.000000
v 19.000000 0.500010 45.000000
v 21.000000 0.500011 47.000000
v 21.000000 -0.499989 47.000000
v 21.000000 -0.499990 45.000000
v 21.000000 0.500010 45.000000
v 29.000000 -0.499994 25.000000
v 29.000000 0.500006 25.000000
v 33.000000 0.500006 25.000000
v 33.000000 -0.499995 23.000000
v 33.000000 0.500005 23.000000
v 35.000000 0.500006 25.000000
v 35.000000 -0.499995 23.000000
v 35.000000 0.500005 23.000000
v 37.000000 0.500006 25.000000
v 37.000000 -0.499994 25.000000
v 37.000000 -0.499995 23.000000
v 37.000000 0.500005 23.000000
v 39.000000 0.500006 25.000000
v 39.000000 -0.499995 23.000000
v 39.000000 0.500005 23.000000
v 29.000000 -0.499994 27.000000
v 31.000000 0.500006 27.000000
v 31.000000 -0.499994 25.000000
v 31.000000 0.500006 25.000000
v 33.000000 -0.499994 25.000000
v 35.000000 0.500006 27.000000
v 35.000000 -0.499994 27.000000
v 35.000000 -0.499994 25.000000
v 35.000000 0.500006 25.000000
v 37.000000 0.500006 27.000000
v 37.000000 -0.499994 25.000000
v 37.000000 0.500006 25.000000
v 39.000000 0.500006 27.000000
v 39.000000 -0.499994 27.000000
v 39.000000 -0.499994 25.000000
v 39.000000 0.500006 25.000000
v 31.000000 -0.499994 27.000000
v 33.000000 -0.499994 29.000000
v 33.000000 -0.499994 27.000000
v 33.000000 0.500006 27.000000
v 35.000000 0.500006 29.000000
v 35.000000 -0.499994 29.000000
v 35.000000 -0.499994 27.000000
v 35.000000 0.500006 27.000000
v 37.000000 0.500006 29.000000
v 37.000000 -0.499994 29.000000
v 37.000000 -0.499994 27.000000
v 37.000000 0.500006 27.000000
v 39.000000 0.500006 29.000000
v 39.000000 -0.499994 27.000000
v 39.000000 0.500006 27.000000
v 29.000000 0.500007 31.000000
v 31.000000 0.500007 31.000000
v 31.000000 -0.499993 31.000000
v 31.000000 -0.499994 29.000000
v 31.000000 0.500006 29.000000
v 33.000000 0.500007 31.000000
v 33.000000 0.500006 29.000000
v 35.000000 -0.499993 31.000000
v 35.000000 -0.499994 29.000000
v 37.000000 0.500007 31.000000
v 37.000000 -0.499993 31.000000
v 37.000000 -0.499994 29.000000
v 37.000000 0.500006 29.000000
v 39.000000 0.500007 31.000000
v 39.000000 -0.499993 31.000000
v 39.000000 -0.499994 29.000000
v 39.000000 0.500006 29.000000
v 29.000000 0.500008 33.000000
v 31.000000 0.500008 33.000000
v 33.000000 0.500008 33.000000
v 33.000000 -0.499992 33.000000
v 33.000000 -0.499993 31.000000
v 35.000000 0.500008 33.000000
v 35.000000 -0.499992 33.000000
v 35.000000 0.500007 31.000000
v 37.000000 -0.499992 33.000000
v 37.000000 -0.499993 31.000000
v 37.000000 0.500007 31.000000
v 39.000000 -0.499992 33.000000
v 39.000000 -0.499993 31.000000
v 39.000000 0.500007 31.000000
v 31.000000 -0.499992 35.000000
v 31.000000 -0.499992 33.000000
v 33.000000 -0.499992 33.000000
v 33.000000 0.500008 33.000000
v 35.000000 0.500008 35.000000
v 35.000000 -0.499992 33.000000
v 35.000000 0.500008 33.000000
v 37.000000 0.500008 35.000000
v 37.000000 -0.499992 35.000000
v 37.000000 -0.499992 33.000000
v 37.000000 0.500008 33.000000
v 39.000000 0.500008 35.000000
v 39.000000 -0.499992 35.000000
v 39.000000 -0.499992 33.000000
v 39.000000 0.500008 33.000000
v 35.000000 0.581628 29.000000
v 35.000000 0.581628 27.000000
v 37.000000 0.581628 29.000000
v 37.000000 0.581628 27.000000
v 29.000000 -0.499992 33.000000
v 29.000000 -0.499992 35.000000
v 29.000000 0.500008 33.000000
v 31.000000 0.500008 35.000000
v 31.000000 -0.499992 35.000000
v 29.000000 -0.499992 35.000000
v 29.000000 -0.499991 37.000000
v 29.000000 0.500008 35.000000
v 31.000000 -0.499991 37.000000
v 31.000000 0.500008 35.000000
v 33.000000 -0.499991 37.000000
v 33.000000 -0.499992 35.000000
v 33.000000 0.500008 35.000000
v 35.000000 0.500009 37.000000
v 35.000000 -0.499991 37.000000
v 35.000000 -0.499992 35.000000
v 35.000000 0.500008 35.000000
v 37.000000 0.500009 37.000000
v 37.000000 -0.499991 37.000000
v 37.000000 -0.499992 35.000000
v 37.000000 0.500008 35.000000
v 39.000000 0.500009 37.000000
v 39.000000 -0.499991 37.000000
v 39.000000 0.500008 35.000000
v 31.000000 0.500009 39.000000
v 31.000000 0.500009 37.000000
v 33.000000 0.500009 39.000000
v 33.000000 -0.499991 39.000000
v 33.000000 -0.499991 37.000000
v 33.000000 0.500009 37.000000
v 35.000000 0.500009 39.000000
v 35.000000 -0.499991 39.000000
v 35.000000 -0.499991 37.000000
v 35.000000 0.500009 37.000000
v 37.000000 0.500009 39.000000
v 37.000000 -0.499991 39.000000
v 37.000000 -0.499991 37.000000
v 37.000000 0.500009 37.000000
v 39.000000 0.500009 39.000000
v 39.000000 -0.499991 37.000000
v 29.000000 0.500009 41.000000
v 29.000000 0.500009 39.000000
v 31.000000 0.500009 41.000000
v 31.000000 -0.499991 41.000000
v 31.000000 -0.499991 39.000000
v 33.000000 0.500009 41.000000
v 33.000000 -0.499991 41.000000
v 35.000000 0.500009 41.000000
v 35.000000 -0.499991 41.000000
v 35.000000 -0.499991 39.000000
v 37.000000 0.500009 41.000000
v 37.000000 -0.499991 41.000000
v 37.000000 -0.499991 39.000000
v 37.000000 0.500009 39.000000
v 39.000000 0.500009 41.000000
v 39.000000 -0.499991 41.000000
v 39.000000 -0.499991 39.000000
v 39.000000 0.500009 39.000000
v 29.000000 -0.499991 41.000000
v 29.000000 0.500009 43.000000
v 29.000000 0.500009 41.000000
v 31.000000 -0.499991 43.000000
v 33.000000 0.500009 43.000000
v 33.000000 -0.499991 43.000000
v 33.000000 -0.499991 41.000000
v 33.000000 0.500009 41.000000
v 35.000000 0.500009 43.000000
v 35.000000 -0.499991 43.000000
v 35.000000 -0.499991 41.000000
v 35.000000 0.500009 41.000000
v 37.000000 0.500009 43.000000
v 37.000000 -0.499991 43.000000
v 37.000000 -0.499991 41.000000
v 37.000000 0.500009 41.000000
v 39.000000 0.500009 43.000000
v 39.000000 -0.499991 43.000000
v 39.000000 -0.499991 41.000000
v 39.000000 0.500009 41.000000
v 31.000000 0.500010 45.000000
v 31.000000 -0.499990 45.000000
v 31.000000 -0.499991 43.000000
v 31.000000 0.500009 43.000000
v 33.000000 0.500010 45.000000
v 33.000000 -0.499990 45.000000
v 33.000000 -0.499991 43.000000
v 35.000000 0.500010 45.000000
v 35.000000 -0.499990 45.000000
v 35.000000 -0.499991 43.000000
v 35.000000 0.500009 43.000000
v 37.000000 -0.499990 45.000000
v 37.000000 -0.499991 43.000000
v 37.000000 0.500009 43.000000
v 39.000000 0.500010 45.000000
v 39.000000 -0.499990 45.000000
v 39.000000 -0.499991 43.000000
v 31.000000 0.500011 47.000000
v 31.000000 -0.499989 47.000000
v 31.000000 -0.499990 45.000000
v 31.000000 0.500010 45.000000
v 33.000000 0.500011 47.000000
v 33.000000 -0.499989 47.000000
v 33.000000 0.500010 45.000000
v 35.000000 0.500011 47.000000
v 35.000000 -0.499989 47.000000
v 35.000000 0.500010 45.000000
v 37.000000 0.500011 47.000000
v 37.000000 -0.499989 47.000000
v 37.000000 -0.499990 45.000000
v 37.000000 0.500010 45.000000
v 39.000000 0.500011 47.000000
v 39.000000 -0.499989 47.000000
v 39.000000 -0.499990 45.000000
v 39.000000 0.500010 45.000000
v 35.000000 0.581631 41.000000
v 35.000000 0.581631 39.000000
v 37.000000 0.581631 41.000000
v 37.000000 0.581631 39.000000
v 29.000000 -0.499990 45.000000
v 29.000000 0.500011 47.000000
vn -1.0000 -0.0000 -0.0000
vn -0.0000 -0.0000 1.0000
vn -0.0000 -1.0000 -0.0000
vn -0.0000 1.0000 -0.0000
vn -0.0000 -0.0000 -1.0000
vn 1.0000 -0.0000 -0.0000
vn -0.0051 1.0000 -0.0051
vn -0.0000 0.9999 -0.0102
vn 0.0051 1.0000 -0.0051
vn -0.0102 0.9999 -0.0000
vn 0.0102 0.9999 -0.0000
vn -0.0051 1.0000 0.0051
vn -0.0000 0.9999 0.0102
vn 0.0051 1.0000 0.0051
vt 0.305781 0.277646
vt 0.278280 0.634153
vt 0.162497 0.706509
vt 0.162497 0.165940
vt 0.625084 0.999915
vt 0.698435 0.884268
vt 0.892056 0.207972
vt 0.999900 0.000100
vt 0.999900 0.999900
vt 0.000100 0.999900
vt 0.000100 0.000100
vt 0.855417 0.000085
vt 0.480676 0.081444
vt 0.480676 0.918556
vt 0.271398 0.918556
vt 0.271398 0.081444
vt 0.993645 0.000000
vt 0.993645 1.000000
vt 0.000000 1.000000
vt 1.000000 1.000000
vt 0.000000 0.000000
vt 1.000000 0.000000
vt 1.005363 -0.000000
vt 0.377924 0.356911
vt 0.369357 0.292383
vt 0.627470 0.258114
vt 1.000000 0.151054
vt 0.000000 0.151054
vt 0.000000 0.000000
s 1
usemtl floor
f 1/1/1 2/2/1 20/3/1 3/4/1
f 22/5/2 20/3/2 2/2/2 4/6/2
f 4/6/3 2/2/3 1/1/3 5/7/3
f 6/8/4 3/9/4 20/10/4 22/11/4
f 5/7/5 1/1/5 3/4/5 6/12/5
f 6/13/6 22/14/6 4/15/6 5/16/6
f 26/5/2 22/3/2 4/2/2 25/6/2
f 25/6/3 4/2/3 5/1/3 7/7/3
f 8/8/4 6/9/4 22/10/4 26/11/4
f 7/7/5 5/1/5 6/4/5 8/12/5
f 8/13/6 26/14/6 25/15/6 7/16/6
f 9/5/2 26/3/2 25/2/2 27/6/2
f 27/6/3 25/2/3 7/1/3 10/7/3
f 11/8/4 8/9/4 26/10/4 9/11/4
f 10/7/5 7/1/5 8/4/5 11/12/5
f 11/13/6 9/14/6 27/15/6 10/16/6
f 12/5/2 9/3/2 27/2/2 13/6/2
f 13/6/3 27/2/3 10/1/3 14/7/3
f 15/8/4 11/9/4 9/10/4 12/11/4
f 14/7/5 10/1/5 11/4/5 15/12/5
f 15/13/6 12/14/6 13/15/6 14/16/6
f 16/5/2 12/3/2 13/2/2 159/6/2
f 159/6/3 13/2/3 14/1/3 144/7/3
f 17/8/4 15/9/4 12/10/4 16/11/4
f 144/7/5 14/1/5 15/4/5 17/12/5
f 17/13/6 16/14/6 159/15/6 144/16/6
f 2/1/1 18/2/1 19/3/1 20/4/1
f 21/5/2 19/3/2 18/2/2 31/6/2
f 31/6/3 18/2/3 2/1/3 4/7/3
f 22/8/4 20/9/4 19/10/4 21/11/4
f 22/13/6 21/14/6 31/15/6 4/16/6
f 23/5/2 21/3/2 31/2/2 24/6/2
f 24/6/3 31/2/3 4/1/3 25/7/3
f 26/8/4 22/9/4 21/10/4 23/11/4
f 26/13/6 23/14/6 24/15/6 25/16/6
f 34/5/2 23/3/2 24/2/2 33/6/2
f 33/6/3 24/2/3 25/1/3 27/7/3
f 9/8/4 26/9/4 23/10/4 34/11/4
f 9/13/6 34/14/6 33/15/6 27/16/6
f 28/5/2 34/3/2 33/2/2 36/6/2
f 36/6/3 33/2/3 27/1/3 13/7/3
f 12/8/4 9/9/4 34/10/4 28/11/4
f 12/13/6 28/14/6 36/15/6 13/16/6
f 29/5/2 28/3/2 36/2/2 169/6/2
f 169/6/3 36/2/3 13/1/3 159/7/3
f 16/8/4 12/9/4 28/10/4 29/11/4
f 16/13/6 29/14/6 169/15/6 159/16/6
f 18/1/1 37/2/1 30/3/1 19/4/1
f 41/5/2 30/3/2 37/2/2 40/6/2
f 40/6/3 37/2/3 18/1/3 31/7/3
f 21/8/4 19/9/4 30/10/4 41/11/4
f 21/13/6 41/14/6 40/15/6 31/16/6
f 44/5/2 41/3/2 40/2/2 32/6/2
f 32/6/3 40/2/3 31/1/3 24/7/3
f 23/8/4 21/9/4 41/10/4 44/11/4
f 23/13/6 44/14/6 32/15/6 24/16/6
f 47/5/2 44/3/2 32/2/2 46/6/2
f 46/6/3 32/2/3 24/1/3 33/7/3
f 34/8/4 23/9/4 44/10/4 47/11/4
f 34/13/6 47/14/6 46/15/6 33/16/6
f 887/17/2 920/18/2 918/19/2 884/3/2 883/2/2 886/6/2
f 49/20/3 46/19/3 33/21/3 36/22/3
f 1023/19/5 1071/21/5 1073/23/5 1026/24/5 1014/25/5 1011/26/5
f 28/13/6 35/14/6 49/15/6 36/16/6
f 51/5/2 35/3/2 49/2/2 170/6/2
f 170/6/3 49/2/3 36/1/3 169/7/3
f 29/8/4 28/9/4 35/10/4 51/11/4
f 29/13/6 51/14/6 170/15/6 169/16/6
f 37/1/1 38/2/1 53/3/1 30/4/1
f 39/5/2 53/3/2 38/2/2 54/6/2
f 54/6/3 38/2/3 37/1/3 40/7/3
f 41/8/4 30/9/4 53/10/4 39/11/4
f 41/13/6 39/14/6 54/15/6 40/16/6
f 42/5/2 39/3/2 54/2/2 43/6/2
f 43/6/3 54/2/3 40/1/3 32/7/3
f 44/8/4 41/9/4 39/10/4 42/11/4
f 44/13/6 42/14/6 43/15/6 32/16/6
f 59/5/2 42/3/2 43/2/2 45/6/2
f 45/6/3 43/2/3 32/1/3 46/7/3
f 47/8/4 44/9/4 42/10/4 59/11/4
f 47/13/6 59/14/6 45/15/6 46/16/6
f 48/5/2 59/3/2 45/2/2 62/6/2
f 62/6/3 45/2/3 46/1/3 49/7/3
f 35/8/4 47/9/4 59/10/4 48/11/4
f 49/7/5 46/1/5 47/4/5 35/12/5
f 35/13/6 48/14/6 62/15/6 49/16/6
f 50/5/2 48/3/2 62/2/2 189/6/2
f 189/6/3 62/2/3 49/1/3 170/7/3
f 51/8/4 35/9/4 48/10/4 50/11/4
f 51/13/6 50/14/6 189/15/6 170/16/6
f 38/1/1 52/2/1 63/3/1 53/4/1
f 66/5/2 63/3/2 52/2/2 65/6/2
f 65/6/3 52/2/3 38/1/3 54/7/3
f 39/8/4 53/9/4 63/10/4 66/11/4
f 39/13/6 66/14/6 65/15/6 54/16/6
f 55/5/2 66/3/2 65/2/2 56/6/2
f 56/6/3 65/2/3 54/1/3 43/7/3
f 42/8/4 39/9/4 66/10/4 55/11/4
f 42/13/6 55/14/6 56/15/6 43/16/6
f 57/5/2 55/3/2 56/2/2 58/6/2
f 58/6/3 56/2/3 43/1/3 45/7/3
f 59/8/4 42/9/4 55/10/4 57/11/4
f 59/13/6 57/14/6 58/15/6 45/16/6
f 60/5/2 57/3/2 58/2/2 61/6/2
f 61/6/3 58/2/3 45/1/3 62/7/3
f 48/8/4 59/9/4 57/10/4 60/11/4
f 48/13/6 60/14/6 61/15/6 62/16/6
f 210/5/2 60/3/2 61/2/2 190/6/2
f 190/6/3 61/2/3 62/1/3 189/7/3
f 50/8/4 48/9/4 60/10/4 210/11/4
f 50/13/6 210/14/6 190/15/6 189/16/6
f 66/13/6 64/14/6 73/15/6 65/16/6
f 77/5/2 64/3/2 73/2/2 76/6/2
f 76/6/3 73/2/3 65/1/3 56/7/3
f 55/8/4 66/9/4 64/10/4 77/11/4
f 55/13/6 77/14/6 76/15/6 56/16/6
f 78/6/3 76/2/3 56/1/3 58/7/3
f 57/8/4 55/9/4 77/10/4 79/11/4
f 57/13/6 79/14/6 78/15/6 58/16/6
f 81/5/2 79/3/2 78/2/2 67/6/2
f 67/6/3 78/2/3 58/1/3 61/7/3
f 60/8/4 57/9/4 79/10/4 81/11/4
f 60/13/6 81/14/6 67/15/6 61/16/6
f 214/5/2 81/3/2 67/2/2 82/6/2
f 82/6/3 67/2/3 61/1/3 190/7/3
f 210/8/4 60/9/4 81/10/4 214/11/4
f 210/13/6 214/14/6 82/15/6 190/16/6
f 71/22/4 69/20/4 68/19/4 70/21/4
f 34/18/1 47/19/1 68/21/1 69/17/1
f 35/21/6 28/17/6 71/18/6 70/19/6
f 52/1/1 72/2/1 74/3/1 63/4/1
f 64/5/2 74/3/2 72/2/2 73/6/2
f 73/6/3 72/2/3 52/1/3 65/7/3
f 66/8/4 63/9/4 74/10/4 64/11/4
f 72/1/1 83/2/1 85/3/1 74/4/1
f 87/5/2 85/3/2 83/2/2 75/6/2
f 75/6/3 83/2/3 72/1/3 73/7/3
f 64/8/4 74/9/4 85/10/4 87/11/4
f 64/13/6 87/14/6 75/15/6 73/16/6
f 90/5/2 87/3/2 75/2/2 89/6/2
f 89/6/3 75/2/3 73/1/3 76/7/3
f 77/8/4 64/9/4 87/10/4 90/11/4
f 77/13/6 90/14/6 89/15/6 76/16/6
f 91/6/3 89/2/3 76/1/3 78/7/3
f 79/8/4 77/9/4 90/10/4 92/11/4
f 78/7/5 76/1/5 77/4/5 79/12/5
f 79/13/6 92/14/6 91/15/6 78/16/6
f 80/5/2 92/3/2 91/2/2 93/6/2
f 93/6/3 91/2/3 78/1/3 67/7/3
f 81/8/4 79/9/4 92/10/4 80/11/4
f 81/13/6 80/14/6 93/15/6 67/16/6
f 213/5/2 80/3/2 93/2/2 96/6/2
f 96/6/3 93/2/3 67/1/3 82/7/3
f 214/8/4 81/9/4 80/10/4 213/11/4
f 214/13/6 213/14/6 96/15/6 82/16/6
f 83/1/1 97/2/1 84/3/1 85/4/1
f 86/5/2 84/3/2 97/2/2 101/6/2
f 101/6/3 97/2/3 83/1/3 75/7/3
f 87/8/4 85/9/4 84/10/4 86/11/4
f 87/13/6 86/14/6 101/15/6 75/16/6
f 88/5/2 86/3/2 101/2/2 103/6/2
f 103/6/3 101/2/3 75/1/3 89/7/3
f 90/8/4 87/9/4 86/10/4 88/11/4
f 90/13/6 88/14/6 103/15/6 89/16/6
f 105/5/2 88/3/2 103/2/2 104/6/2
f 104/6/3 103/2/3 89/1/3 91/7/3
f 92/8/4 90/9/4 88/10/4 105/11/4
f 91/7/5 89/1/5 90/4/5 92/12/5
f 92/13/6 105/14/6 104/15/6 91/16/6
f 109/5/2 105/3/2 104/2/2 108/6/2
f 108/6/3 104/2/3 91/1/3 93/7/3
f 80/8/4 92/9/4 105/10/4 109/11/4
f 80/13/6 109/14/6 108/15/6 93/16/6
f 94/5/2 109/3/2 108/2/2 95/6/2
f 95/6/3 108/2/3 93/1/3 96/7/3
f 213/8/4 80/9/4 109/10/4 94/11/4
f 213/13/6 94/14/6 95/15/6 96/16/6
f 97/1/1 110/2/1 98/3/1 84/4/1
f 99/5/2 98/3/2 110/2/2 100/6/2
f 100/6/3 110/2/3 97/1/3 101/7/3
f 86/8/4 84/9/4 98/10/4 99/11/4
f 86/13/6 99/14/6 100/15/6 101/16/6
f 115/5/2 99/3/2 100/2/2 102/6/2
f 102/6/3 100/2/3 101/1/3 103/7/3
f 88/8/4 86/9/4 99/10/4 115/11/4
f 88/13/6 115/14/6 102/15/6 103/16/6
f 118/5/2 115/3/2 102/2/2 117/6/2
f 117/6/3 102/2/3 103/1/3 104/7/3
f 105/8/4 88/9/4 115/10/4 118/11/4
f 105/13/6 118/14/6 117/15/6 104/16/6
f 1024/27/2 1072/20/2 1070/19/2 1022/28/2 1035/21/2 1025/22/2
f 107/20/3 117/19/3 104/21/3 108/22/3
f 1120/17/2 1175/18/2 1173/19/2 1116/3/2 1117/2/2 1121/6/2
f 109/13/6 106/14/6 107/15/6 108/16/6
f 120/5/2 106/3/2 107/2/2 236/6/2
f 236/6/3 107/2/3 108/1/3 95/7/3
f 94/8/4 109/9/4 106/10/4 120/11/4
f 94/13/6 120/14/6 236/15/6 95/16/6
f 110/1/1 111/2/1 122/3/1 98/4/1
f 112/5/2 122/3/2 111/2/2 113/6/2
f 113/6/3 111/2/3 110/1/3 100/7/3
f 99/8/4 98/9/4 122/10/4 112/11/4
f 99/13/6 112/14/6 113/15/6 100/16/6
f 114/5/2 112/3/2 113/2/2 125/6/2
f 125/6/3 113/2/3 100/1/3 102/7/3
f 115/8/4 99/9/4 112/10/4 114/11/4
f 115/13/6 114/14/6 125/15/6 102/16/6
f 127/5/2 114/3/2 125/2/2 116/6/2
f 116/6/3 125/2/3 102/1/3 117/7/3
f 118/8/4 115/9/4 114/10/4 127/11/4
f 118/13/6 127/14/6 116/15/6 117/16/6
f 130/5/2 127/3/2 116/2/2 129/6/2
f 129/6/3 116/2/3 117/1/3 107/7/3
f 106/8/4 118/9/4 127/10/4 130/11/4
f 107/7/5 117/1/5 118/4/5 106/12/5
f 106/13/6 130/14/6 129/15/6 107/16/6
f 242/5/2 130/3/2 129/2/2 119/6/2
f 119/6/3 129/2/3 107/1/3 236/7/3
f 120/8/4 106/9/4 130/10/4 242/11/4
f 120/13/6 242/14/6 119/15/6 236/16/6
f 111/1/1 142/2/1 121/3/1 122/4/1
f 123/5/2 121/3/2 142/2/2 131/6/2
f 131/6/3 142/2/3 111/1/3 113/7/3
f 112/8/4 122/9/4 121/10/4 123/11/4
f 112/13/6 123/14/6 131/15/6 113/16/6
f 124/5/2 123/3/2 131/2/2 133/6/2
f 133/6/3 131/2/3 113/1/3 125/7/3
f 114/8/4 112/9/4 123/10/4 124/11/4
f 114/13/6 124/14/6 133/15/6 125/16/6
f 134/5/2 124/3/2 133/2/2 126/6/2
f 126/6/3 133/2/3 125/1/3 116/7/3
f 127/8/4 114/9/4 124/10/4 134/11/4
f 127/13/6 134/14/6 126/15/6 116/16/6
f 128/5/2 134/3/2 126/2/2 136/6/2
f 136/6/3 126/2/3 116/1/3 129/7/3
f 130/8/4 127/9/4 134/10/4 128/11/4
f 130/13/6 128/14/6 136/15/6 129/16/6
f 278/5/2 128/3/2 136/2/2 263/6/2
f 263/6/3 136/2/3 129/1/3 119/7/3
f 242/8/4 130/9/4 128/10/4 278/11/4
f 242/13/6 278/14/6 263/15/6 119/16/6
f 123/13/6 143/14/6 612/15/6 131/16/6
f 132/5/2 143/3/2 612/2/2 614/6/2
f 614/6/3 612/2/3 131/1/3 133/7/3
f 124/8/4 123/9/4 143/10/4 132/11/4
f 124/13/6 132/14/6 614/15/6 133/16/6
f 617/5/2 132/3/2 614/2/2 616/6/2
f 616/6/3 614/2/3 133/1/3 126/7/3
f 134/8/4 124/9/4 132/10/4 617/11/4
f 134/13/6 617/14/6 616/15/6 126/16/6
f 619/5/2 617/3/2 616/2/2 135/6/2
f 135/6/3 616/2/3 126/1/3 136/7/3
f 128/8/4 134/9/4 617/10/4 619/11/4
f 128/13/6 619/14/6 135/15/6 136/16/6
f 137/5/2 619/3/2 135/2/2 277/6/2
f 277/6/3 135/2/3 136/1/3 263/7/3
f 278/8/4 128/9/4 619/10/4 137/11/4
f 278/13/6 137/14/6 277/15/6 263/16/6
f 141/22/4 139/20/4 138/19/4 140/21/4
f 105/18/1 118/19/1 138/21/1 139/17/1
f 106/21/6 109/17/6 141/18/6 140/19/6
f 142/1/1 608/2/1 610/3/1 121/4/1
f 143/5/2 610/3/2 608/2/2 612/6/2
f 612/6/3 608/2/3 142/1/3 131/7/3
f 123/8/4 121/9/4 610/10/4 143/11/4
f 145/5/2 16/3/2 159/2/2 146/6/2
f 146/6/3 159/2/3 144/1/3 147/7/3
f 148/8/4 17/9/4 16/10/4 145/11/4
f 147/7/5 144/1/5 17/4/5 148/12/5
f 148/13/6 145/14/6 146/15/6 147/16/6
f 149/5/2 145/3/2 146/2/2 162/6/2
f 162/6/3 146/2/3 147/1/3 150/7/3
f 151/8/4 148/9/4 145/10/4 149/11/4
f 150/7/5 147/1/5 148/4/5 151/12/5
f 151/13/6 149/14/6 162/15/6 150/16/6
f 152/5/2 149/3/2 162/2/2 164/6/2
f 164/6/3 162/2/3 150/1/3 153/7/3
f 154/8/4 151/9/4 149/10/4 152/11/4
f 153/7/5 150/1/5 151/4/5 154/12/5
f 154/13/6 152/14/6 164/15/6 153/16/6
f 155/5/2 152/3/2 164/2/2 156/6/2
f 156/6/3 164/2/3 153/1/3 157/7/3
f 158/8/4 154/9/4 152/10/4 155/11/4
f 157/7/5 153/1/5 154/4/5 158/12/5
f 158/13/6 155/14/6 156/15/6 157/16/6
f 168/5/2 155/3/2 156/2/2 167/6/2
f 167/6/3 156/2/3 157/1/3 280/7/3
f 281/8/4 158/9/4 155/10/4 168/11/4
f 280/7/5 157/1/5 158/4/5 281/12/5
f 281/13/6 168/14/6 167/15/6 280/16/6
f 160/5/2 29/3/2 169/2/2 171/6/2
f 171/6/3 169/2/3 159/1/3 146/7/3
f 145/8/4 16/9/4 29/10/4 160/11/4
f 145/13/6 160/14/6 171/15/6 146/16/6
f 174/5/2 160/3/2 171/2/2 161/6/2
f 161/6/3 171/2/3 146/1/3 162/7/3
f 149/8/4 145/9/4 160/10/4 174/11/4
f 149/13/6 174/14/6 161/15/6 162/16/6
f 163/5/2 174/3/2 161/2/2 177/6/2
f 177/6/3 161/2/3 162/1/3 164/7/3
f 152/8/4 149/9/4 174/10/4 163/11/4
f 152/13/6 163/14/6 177/15/6 164/16/6
f 165/5/2 163/3/2 177/2/2 166/6/2
f 166/6/3 177/2/3 164/1/3 156/7/3
f 155/8/4 152/9/4 163/10/4 165/11/4
f 155/13/6 165/14/6 166/15/6 156/16/6
f 301/5/2 165/3/2 166/2/2 180/6/2
f 180/6/3 166/2/3 156/1/3 167/7/3
f 168/8/4 155/9/4 165/10/4 301/11/4
f 168/13/6 301/14/6 180/15/6 167/16/6
f 184/5/2 51/3/2 170/2/2 183/6/2
f 183/6/3 170/2/3 169/1/3 171/7/3
f 160/8/4 29/9/4 51/10/4 184/11/4
f 160/13/6 184/14/6 183/15/6 171/16/6
f 172/5/2 184/3/2 183/2/2 173/6/2
f 173/6/3 183/2/3 171/1/3 161/7/3
f 174/8/4 160/9/4 184/10/4 172/11/4
f 174/13/6 172/14/6 173/15/6 161/16/6
f 175/5/2 172/3/2 173/2/2 176/6/2
f 176/6/3 173/2/3 161/1/3 177/7/3
f 163/8/4 174/9/4 172/10/4 175/11/4
f 163/13/6 175/14/6 176/15/6 177/16/6
f 717/19/5 768/21/5 770/23/5 706/24/5 707/25/5 703/26/5
f 178/20/3 176/19/3 177/21/3 166/22/3
f 106/17/2 140/18/2 138/19/2 118/3/2 117/2/2 107/6/2
f 165/13/6 187/14/6 178/15/6 166/16/6
f 300/5/2 187/3/2 178/2/2 179/6/2
f 179/6/3 178/2/3 166/1/3 180/7/3
f 301/8/4 165/9/4 187/10/4 300/11/4
f 301/13/6 300/14/6 179/15/6 180/16/6
f 181/5/2 50/3/2 189/2/2 182/6/2
f 182/6/3 189/2/3 170/1/3 183/7/3
f 184/8/4 51/9/4 50/10/4 181/11/4
f 184/13/6 181/14/6 182/15/6 183/16/6
f 185/5/2 181/3/2 182/2/2 192/6/2
f 192/6/3 182/2/3 183/1/3 173/7/3
f 172/8/4 184/9/4 181/10/4 185/11/4
f 172/13/6 185/14/6 192/15/6 173/16/6
f 195/5/2 185/3/2 192/2/2 194/6/2
f 194/6/3 192/2/3 173/1/3 176/7/3
f 175/8/4 172/9/4 185/10/4 195/11/4
f 175/13/6 195/14/6 194/15/6 176/16/6
f 197/5/2 195/3/2 194/2/2 186/6/2
f 186/6/3 194/2/3 176/1/3 178/7/3
f 187/8/4 175/9/4 195/10/4 197/11/4
f 178/7/5 176/1/5 175/4/5 187/12/5
f 187/13/6 197/14/6 186/15/6 178/16/6
f 188/5/2 197/3/2 186/2/2 312/6/2
f 312/6/3 186/2/3 178/1/3 179/7/3
f 300/8/4 187/9/4 197/10/4 188/11/4
f 300/13/6 188/14/6 312/15/6 179/16/6
f 212/5/2 210/3/2 190/2/2 199/6/2
f 199/6/3 190/2/3 189/1/3 182/7/3
f 181/8/4 50/9/4 210/10/4 212/11/4
f 181/13/6 212/14/6 199/15/6 182/16/6
f 191/5/2 212/3/2 199/2/2 200/6/2
f 200/6/3 199/2/3 182/1/3 192/7/3
f 185/8/4 181/9/4 212/10/4 191/11/4
f 185/13/6 191/14/6 200/15/6 192/16/6
f 193/5/2 191/3/2 200/2/2 202/6/2
f 202/6/3 200/2/3 192/1/3 194/7/3
f 195/8/4 185/9/4 191/10/4 193/11/4
f 195/13/6 193/14/6 202/15/6 194/16/6
f 196/5/2 193/3/2 202/2/2 204/6/2
f 204/6/3 202/2/3 194/1/3 186/7/3
f 197/8/4 195/9/4 193/10/4 196/11/4
f 197/13/6 196/14/6 204/15/6 186/16/6
f 342/5/2 196/3/2 204/2/2 198/6/2
f 198/6/3 204/2/3 186/1/3 312/7/3
f 188/8/4 197/9/4 196/10/4 342/11/4
f 188/13/6 342/14/6 198/15/6 312/16/6
f 212/13/6 215/14/6 211/15/6 199/16/6
f 219/5/2 215/3/2 211/2/2 218/6/2
f 218/6/3 211/2/3 199/1/3 200/7/3
f 191/8/4 212/9/4 215/10/4 219/11/4
f 191/13/6 219/14/6 218/15/6 200/16/6
f 201/5/2 219/3/2 218/2/2 222/6/2
f 222/6/3 218/2/3 200/1/3 202/7/3
f 193/8/4 191/9/4 219/10/4 201/11/4
f 193/13/6 201/14/6 222/15/6 202/16/6
f 203/5/2 201/3/2 222/2/2 223/6/2
f 223/6/3 222/2/3 202/1/3 204/7/3
f 196/8/4 193/9/4 201/10/4 203/11/4
f 196/13/6 203/14/6 223/15/6 204/16/6
f 341/5/2 203/3/2 223/2/2 205/6/2
f 205/6/3 223/2/3 204/1/3 198/7/3
f 342/8/4 196/9/4 203/10/4 341/11/4
f 342/13/6 341/14/6 205/15/6 198/16/6
f 209/22/4 207/20/4 206/19/4 208/21/4
f 163/18/1 175/19/1 206/21/1 207/17/1
f 187/21/6 165/17/6 209/18/6 208/19/6
f 215/5/2 214/3/2 82/2/2 211/6/2
f 211/6/3 82/2/3 190/1/3 199/7/3
f 212/8/4 210/9/4 214/10/4 215/11/4
f 228/5/2 213/3/2 96/2/2 227/6/2
f 227/6/3 96/2/3 82/1/3 211/7/3
f 215/8/4 214/9/4 213/10/4 228/11/4
f 215/13/6 228/14/6 227/15/6 211/16/6
f 216/5/2 228/3/2 227/2/2 217/6/2
f 217/6/3 227/2/3 211/1/3 218/7/3
f 219/8/4 215/9/4 228/10/4 216/11/4
f 219/13/6 216/14/6 217/15/6 218/16/6
f 220/5/2 216/3/2 217/2/2 221/6/2
f 221/6/3 217/2/3 218/1/3 222/7/3
f 201/8/4 219/9/4 216/10/4 220/11/4
f 201/13/6 220/14/6 221/15/6 222/16/6
f 235/5/2 220/3/2 221/2/2 234/6/2
f 234/6/3 221/2/3 222/1/3 223/7/3
f 203/8/4 201/9/4 220/10/4 235/11/4
f 203/13/6 235/14/6 234/15/6 223/16/6
f 224/5/2 235/3/2 234/2/2 359/6/2
f 359/6/3 234/2/3 223/1/3 205/7/3
f 341/8/4 203/9/4 235/10/4 224/11/4
f 341/13/6 224/14/6 359/15/6 205/16/6
f 225/5/2 94/3/2 95/2/2 226/6/2
f 226/6/3 95/2/3 96/1/3 227/7/3
f 228/8/4 213/9/4 94/10/4 225/11/4
f 228/13/6 225/14/6 226/15/6 227/16/6
f 229/5/2 225/3/2 226/2/2 230/6/2
f 230/6/3 226/2/3 227/1/3 217/7/3
f 216/8/4 228/9/4 225/10/4 229/11/4
f 216/13/6 229/14/6 230/15/6 217/16/6
f 239/5/2 229/3/2 230/2/2 231/6/2
f 231/6/3 230/2/3 217/1/3 221/7/3
f 220/8/4 216/9/4 229/10/4 239/11/4
f 220/13/6 239/14/6 231/15/6 221/16/6
f 232/5/2 239/3/2 231/2/2 233/6/2
f 233/6/3 231/2/3 221/1/3 234/7/3
f 235/8/4 220/9/4 239/10/4 232/11/4
f 235/13/6 232/14/6 233/15/6 234/16/6
f 241/5/2 232/3/2 233/2/2 360/6/2
f 360/6/3 233/2/3 234/1/3 359/7/3
f 224/8/4 235/9/4 232/10/4 241/11/4
f 224/13/6 241/14/6 360/15/6 359/16/6
f 244/5/2 120/3/2 236/2/2 237/6/2
f 237/6/3 236/2/3 95/1/3 226/7/3
f 225/8/4 94/9/4 120/10/4 244/11/4
f 225/13/6 244/14/6 237/15/6 226/16/6
f 247/5/2 244/3/2 237/2/2 246/6/2
f 246/6/3 237/2/3 226/1/3 230/7/3
f 229/8/4 225/9/4 244/10/4 247/11/4
f 229/13/6 247/14/6 246/15/6 230/16/6
f 238/5/2 247/3/2 246/2/2 248/6/2
f 248/6/3 246/2/3 230/1/3 231/7/3
f 239/8/4 229/9/4 247/10/4 238/11/4
f 239/13/6 238/14/6 248/15/6 231/16/6
f 803/19/5 840/21/5 842/23/5 806/24/5 805/25/5 802/26/5
f 251/20/3 248/19/3 231/21/3 233/22/3
f 548/17/2 604/18/2 602/19/2 546/3/2 547/2/2 549/6/2
f 232/13/6 252/14/6 251/15/6 233/16/6
f 240/5/2 252/3/2 251/2/2 380/6/2
f 380/6/3 251/2/3 233/1/3 360/7/3
f 241/8/4 232/9/4 252/10/4 240/11/4
f 241/13/6 240/14/6 380/15/6 360/16/6
f 256/5/2 242/3/2 119/2/2 243/6/2
f 243/6/3 119/2/3 236/1/3 237/7/3
f 244/8/4 120/9/4 242/10/4 256/11/4
f 244/13/6 256/14/6 243/15/6 237/16/6
f 259/5/2 256/3/2 243/2/2 245/6/2
f 245/6/3 243/2/3 237/1/3 246/7/3
f 247/8/4 244/9/4 256/10/4 259/11/4
f 247/13/6 259/14/6 245/15/6 246/16/6
f 262/5/2 259/3/2 245/2/2 261/6/2
f 261/6/3 245/2/3 246/1/3 248/7/3
f 238/8/4 247/9/4 259/10/4 262/11/4
f 238/13/6 262/14/6 261/15/6 248/16/6
f 249/5/2 262/3/2 261/2/2 250/6/2
f 250/6/3 261/2/3 248/1/3 251/7/3
f 252/8/4 238/9/4 262/10/4 249/11/4
f 251/7/5 248/1/5 238/4/5 252/12/5
f 252/13/6 249/14/6 250/15/6 251/16/6
f 253/5/2 249/3/2 250/2/2 254/6/2
f 254/6/3 250/2/3 251/1/3 380/7/3
f 240/8/4 252/9/4 249/10/4 253/11/4
f 240/13/6 253/14/6 254/15/6 380/16/6
f 279/5/2 278/3/2 263/2/2 255/6/2
f 255/6/3 263/2/3 119/1/3 243/7/3
f 256/8/4 242/9/4 278/10/4 279/11/4
f 256/13/6 279/14/6 255/15/6 243/16/6
f 257/5/2 279/3/2 255/2/2 258/6/2
f 258/6/3 255/2/3 243/1/3 245/7/3
f 259/8/4 256/9/4 279/10/4 257/11/4
f 259/13/6 257/14/6 258/15/6 245/16/6
f 260/5/2 257/3/2 258/2/2 269/6/2
f 269/6/3 258/2/3 245/1/3 261/7/3
f 262/8/4 259/9/4 257/10/4 260/11/4
f 262/13/6 260/14/6 269/15/6 261/16/6
f 271/5/2 260/3/2 269/2/2 270/6/2
f 270/6/3 269/2/3 261/1/3 250/7/3
f 249/8/4 262/9/4 260/10/4 271/11/4
f 249/13/6 271/14/6 270/15/6 250/16/6
f 393/5/2 271/3/2 270/2/2 272/6/2
f 272/6/3 270/2/3 250/1/3 254/7/3
f 253/8/4 249/9/4 271/10/4 393/11/4
f 253/13/6 393/14/6 272/15/6 254/16/6
f 279/13/6 264/14/6 265/15/6 255/16/6
f 775/5/2 264/3/2 265/2/2 266/6/2
f 266/6/3 265/2/3 255/1/3 258/7/3
f 257/8/4 279/9/4 264/10/4 775/11/4
f 257/13/6 775/14/6 266/15/6 258/16/6
f 267/5/2 775/3/2 266/2/2 268/6/2
f 268/6/3 266/2/3 258/1/3 269/7/3
f 260/8/4 257/9/4 775/10/4 267/11/4
f 260/13/6 267/14/6 268/15/6 269/16/6
f 780/5/2 267/3/2 268/2/2 779/6/2
f 779/6/3 268/2/3 269/1/3 270/7/3
f 271/8/4 260/9/4 267/10/4 780/11/4
f 271/13/6 780/14/6 779/15/6 270/16/6
f 782/6/3 779/2/3 270/1/3 272/7/3
f 393/8/4 271/9/4 780/10/4 783/11/4
f 393/13/6 783/14/6 782/15/6 272/16/6
f 276/22/4 274/20/4 273/19/4 275/21/4
f 239/18/1 238/19/1 273/21/1 274/17/1
f 252/21/6 232/17/6 276/18/6 275/19/6
f 264/5/2 137/3/2 277/2/2 265/6/2
f 265/6/3 277/2/3 263/1/3 255/7/3
f 279/8/4 278/9/4 137/10/4 264/11/4
f 293/5/2 168/3/2 167/2/2 292/6/2
f 292/6/3 167/2/3 280/1/3 282/7/3
f 283/8/4 281/9/4 168/10/4 293/11/4
f 282/7/5 280/1/5 281/4/5 283/12/5
f 283/13/6 293/14/6 292/15/6 282/16/6
f 294/6/3 292/2/3 282/1/3 284/7/3
f 285/8/4 283/9/4 293/10/4 295/11/4
f 284/7/5 282/1/5 283/4/5 285/12/5
f 285/13/6 295/14/6 294/15/6 284/16/6
f 296/5/2 295/3/2 294/2/2 286/6/2
f 286/6/3 294/2/3 284/1/3 287/7/3
f 288/8/4 285/9/4 295/10/4 296/11/4
f 287/7/5 284/1/5 285/4/5 288/12/5
f 288/13/6 296/14/6 286/15/6 287/16/6
f 299/5/2 296/3/2 286/2/2 298/6/2
f 298/6/3 286/2/3 287/1/3 289/7/3
f 290/8/4 288/9/4 296/10/4 299/11/4
f 289/7/5 287/1/5 288/4/5 290/12/5
f 290/13/6 299/14/6 298/15/6 289/16/6
f 434/5/2 299/3/2 298/2/2 412/6/2
f 412/6/3 298/2/3 289/1/3 291/7/3
f 413/8/4 290/9/4 299/10/4 434/11/4
f 291/7/5 289/1/5 290/4/5 413/12/5
f 413/13/6 434/14/6 412/15/6 291/16/6
f 305/5/2 301/3/2 180/2/2 304/6/2
f 304/6/3 180/2/3 167/1/3 292/7/3
f 293/8/4 168/9/4 301/10/4 305/11/4
f 293/13/6 305/14/6 304/15/6 292/16/6
f 306/6/3 304/2/3 292/1/3 294/7/3
f 295/8/4 293/9/4 305/10/4 307/11/4
f 294/7/5 292/1/5 293/4/5 295/12/5
f 295/13/6 307/14/6 306/15/6 294/16/6
f 308/6/3 306/2/3 294/1/3 286/7/3
f 296/8/4 295/9/4 307/10/4 309/11/4
f 296/13/6 309/14/6 308/15/6 286/16/6
f 310/5/2 309/3/2 308/2/2 297/6/2
f 297/6/3 308/2/3 286/1/3 298/7/3
f 299/8/4 296/9/4 309/10/4 310/11/4
f 299/13/6 310/14/6 297/15/6 298/16/6
f 433/5/2 310/3/2 297/2/2 311/6/2
f 311/6/3 297/2/3 298/1/3 412/7/3
f 434/8/4 299/9/4 310/10/4 433/11/4
f 434/13/6 433/14/6 311/15/6 412/16/6
f 302/5/2 300/3/2 179/2/2 303/6/2
f 303/6/3 179/2/3 180/1/3 304/7/3
f 305/8/4 301/9/4 300/10/4 302/11/4
f 305/13/6 302/14/6 303/15/6 304/16/6
f 316/5/2 302/3/2 303/2/2 315/6/2
f 315/6/3 303/2/3 304/1/3 306/7/3
f 307/8/4 305/9/4 302/10/4 316/11/4
f 306/7/5 304/1/5 305/4/5 307/12/5
f 307/13/6 316/14/6 315/15/6 306/16/6
f 318/6/3 315/2/3 306/1/3 308/7/3
f 309/8/4 307/9/4 316/10/4 319/11/4
f 308/7/5 306/1/5 307/4/5 309/12/5
f 309/13/6 319/14/6 318/15/6 308/16/6
f 105/19/5 139/21/5 141/23/5 109/24/5 108/25/5 104/26/5
f 322/20/3 318/19/3 308/21/3 297/22/3
f 718/17/2 769/18/2 767/19/2 715/3/2 716/2/2 719/6/2
f 310/13/6 323/14/6 322/15/6 297/16/6
f 465/5/2 323/3/2 322/2/2 325/6/2
f 325/6/3 322/2/3 297/1/3 311/7/3
f 433/8/4 310/9/4 323/10/4 465/11/4
f 433/13/6 465/14/6 325/15/6 311/16/6
f 313/5/2 188/3/2 312/2/2 326/6/2
f 326/6/3 312/2/3 179/1/3 303/7/3
f 302/8/4 300/9/4 188/10/4 313/11/4
f 302/13/6 313/14/6 326/15/6 303/16/6
f 314/5/2 313/3/2 326/2/2 329/6/2
f 329/6/3 326/2/3 303/1/3 315/7/3
f 316/8/4 302/9/4 313/10/4 314/11/4
f 316/13/6 314/14/6 329/15/6 315/16/6
f 317/5/2 314/3/2 329/2/2 330/6/2
f 330/6/3 329/2/3 315/1/3 318/7/3
f 319/8/4 316/9/4 314/10/4 317/11/4
f 318/7/5 315/1/5 316/4/5 319/12/5
f 319/13/6 317/14/6 330/15/6 318/16/6
f 320/5/2 317/3/2 330/2/2 321/6/2
f 321/6/3 330/2/3 318/1/3 322/7/3
f 323/8/4 319/9/4 317/10/4 320/11/4
f 322/7/5 318/1/5 319/4/5 323/12/5
f 323/13/6 320/14/6 321/15/6 322/16/6
f 464/5/2 320/3/2 321/2/2 324/6/2
f 324/6/3 321/2/3 322/1/3 325/7/3
f 465/8/4 323/9/4 320/10/4 464/11/4
f 465/13/6 464/14/6 324/15/6 325/16/6
f 346/5/2 342/3/2 198/2/2 345/6/2
f 345/6/3 198/2/3 312/1/3 326/7/3
f 313/8/4 188/9/4 342/10/4 346/11/4
f 313/13/6 346/14/6 345/15/6 326/16/6
f 327/5/2 346/3/2 345/2/2 328/6/2
f 328/6/3 345/2/3 326/1/3 329/7/3
f 314/8/4 313/9/4 346/10/4 327/11/4
f 314/13/6 327/14/6 328/15/6 329/16/6
f 336/5/2 327/3/2 328/2/2 335/6/2
f 335/6/3 328/2/3 329/1/3 330/7/3
f 317/8/4 314/9/4 327/10/4 336/11/4
f 317/13/6 336/14/6 335/15/6 330/16/6
f 331/5/2 336/3/2 335/2/2 332/6/2
f 332/6/3 335/2/3 330/1/3 321/7/3
f 320/8/4 317/9/4 336/10/4 331/11/4
f 320/13/6 331/14/6 332/15/6 321/16/6
f 333/5/2 331/3/2 332/2/2 334/6/2
f 334/6/3 332/2/3 321/1/3 324/7/3
f 464/8/4 320/9/4 331/10/4 333/11/4
f 464/13/6 333/14/6 334/15/6 324/16/6
f 346/13/6 343/14/6 344/15/6 345/16/6
f 349/5/2 343/3/2 344/2/2 348/6/2
f 348/6/3 344/2/3 345/1/3 328/7/3
f 327/8/4 346/9/4 343/10/4 349/11/4
f 327/13/6 349/14/6 348/15/6 328/16/6
f 351/6/3 348/2/3 328/1/3 335/7/3
f 336/8/4 327/9/4 349/10/4 352/11/4
f 336/13/6 352/14/6 351/15/6 335/16/6
f 354/6/3 351/2/3 335/1/3 332/7/3
f 331/8/4 336/9/4 352/10/4 355/11/4
f 331/13/6 355/14/6 354/15/6 332/16/6
f 358/5/2 355/3/2 354/2/2 509/6/2
f 509/6/3 354/2/3 332/1/3 334/7/3
f 333/8/4 331/9/4 355/10/4 358/11/4
f 333/13/6 358/14/6 509/15/6 334/16/6
f 340/22/4 338/20/4 337/19/4 339/21/4
f 309/18/1 319/19/1 337/21/1 338/17/1
f 323/21/6 310/17/6 340/18/6 339/19/6
f 343/5/2 341/3/2 205/2/2 344/6/2
f 344/6/3 205/2/3 198/1/3 345/7/3
f 346/8/4 342/9/4 341/10/4 343/11/4
f 363/5/2 224/3/2 359/2/2 362/6/2
f 362/6/3 359/2/3 205/1/3 344/7/3
f 343/8/4 341/9/4 224/10/4 363/11/4
f 343/13/6 363/14/6 362/15/6 344/16/6
f 347/5/2 363/3/2 362/2/2 366/6/2
f 366/6/3 362/2/3 344/1/3 348/7/3
f 349/8/4 343/9/4 363/10/4 347/11/4
f 349/13/6 347/14/6 366/15/6 348/16/6
f 369/5/2 347/3/2 366/2/2 350/6/2
f 350/6/3 366/2/3 348/1/3 351/7/3
f 352/8/4 349/9/4 347/10/4 369/11/4
f 351/7/5 348/1/5 349/4/5 352/12/5
f 352/13/6 369/14/6 350/15/6 351/16/6
f 371/5/2 369/3/2 350/2/2 353/6/2
f 353/6/3 350/2/3 351/1/3 354/7/3
f 355/8/4 352/9/4 369/10/4 371/11/4
f 354/7/5 351/1/5 352/4/5 355/12/5
f 355/13/6 371/14/6 353/15/6 354/16/6
f 356/5/2 371/3/2 353/2/2 357/6/2
f 357/6/3 353/2/3 354/1/3 509/7/3
f 358/8/4 355/9/4 371/10/4 356/11/4
f 358/13/6 356/14/6 357/15/6 509/16/6
f 375/5/2 241/3/2 360/2/2 361/6/2
f 361/6/3 360/2/3 359/1/3 362/7/3
f 363/8/4 224/9/4 241/10/4 375/11/4
f 363/13/6 375/14/6 361/15/6 362/16/6
f 364/5/2 375/3/2 361/2/2 365/6/2
f 365/6/3 361/2/3 362/1/3 366/7/3
f 347/8/4 363/9/4 375/10/4 364/11/4
f 347/13/6 364/14/6 365/15/6 366/16/6
f 367/5/2 364/3/2 365/2/2 368/6/2
f 368/6/3 365/2/3 366/1/3 350/7/3
f 369/8/7 347/9/7 364/10/7 367/11/7
f 369/13/6 367/14/6 368/15/6 350/16/6
f 377/5/2 367/3/2 368/2/2 370/6/2
f 370/6/3 368/2/3 350/1/3 353/7/3
f 371/8/8 369/9/8 367/10/8 377/11/8
f 371/13/6 377/14/6 370/15/6 353/16/6
f 372/5/2 377/3/2 370/2/2 373/6/2
f 373/6/3 370/2/3 353/1/3 357/7/3
f 356/8/9 371/9/9 377/10/9 372/11/9
f 356/13/6 372/14/6 373/15/6 357/16/6
f 374/5/2 240/3/2 380/2/2 383/6/2
f 383/6/3 380/2/3 360/1/3 361/7/3
f 375/8/4 241/9/4 240/10/4 374/11/4
f 375/13/6 374/14/6 383/15/6 361/16/6
f 386/5/2 374/3/2 383/2/2 385/6/2
f 385/6/3 383/2/3 361/1/3 365/7/3
f 364/8/4 375/9/4 374/10/4 386/11/4
f 364/13/6 386/14/6 385/15/6 365/16/6
f 389/6/3 385/2/3 365/1/3 368/7/3
f 367/8/10 364/9/10 386/10/10 390/11/10
f 367/13/6 390/14/6 389/15/6 368/16/6
f 239/19/5 274/21/5 276/23/5 232/24/5 233/25/5 231/26/5
f 376/20/3 389/19/3 368/21/3 370/22/3
f 35/17/2 70/18/2 68/19/2 47/3/2 46/2/2 49/6/2
f 377/13/6 392/14/6 376/15/6 370/16/6
f 378/5/2 392/3/2 376/2/2 379/6/2
f 379/6/3 376/2/3 370/1/3 373/7/3
f 372/8/11 377/9/11 392/10/11 378/11/11
f 372/13/6 378/14/6 379/15/6 373/16/6
f 381/5/2 253/3/2 254/2/2 382/6/2
f 382/6/3 254/2/3 380/1/3 383/7/3
f 374/8/4 240/9/4 253/10/4 381/11/4
f 374/13/6 381/14/6 382/15/6 383/16/6
f 395/5/2 381/3/2 382/2/2 384/6/2
f 384/6/3 382/2/3 383/1/3 385/7/3
f 386/8/4 374/9/4 381/10/4 395/11/4
f 386/13/6 395/14/6 384/15/6 385/16/6
f 387/5/2 395/3/2 384/2/2 388/6/2
f 388/6/3 384/2/3 385/1/3 389/7/3
f 390/8/12 386/9/12 395/10/12 387/11/12
f 389/7/5 385/1/5 386/4/5 390/12/5
f 390/13/6 387/14/6 388/15/6 389/16/6
f 397/5/2 387/3/2 388/2/2 391/6/2
f 391/6/3 388/2/3 389/1/3 376/7/3
f 392/8/13 390/9/13 387/10/13 397/11/13
f 376/7/5 389/1/5 390/4/5 392/12/5
f 392/13/6 397/14/6 391/15/6 376/16/6
f 568/5/2 397/3/2 391/2/2 553/6/2
f 553/6/3 391/2/3 376/1/3 379/7/3
f 378/8/14 392/9/14 397/10/14 568/11/14
f 378/13/6 568/14/6 553/15/6 379/16/6
f 411/5/2 393/3/2 272/2/2 410/6/2
f 410/6/3 272/2/3 254/1/3 382/7/3
f 381/8/4 253/9/4 393/10/4 411/11/4
f 381/13/6 411/14/6 410/15/6 382/16/6
f 400/5/2 411/3/2 410/2/2 394/6/2
f 394/6/3 410/2/3 382/1/3 384/7/3
f 395/8/4 381/9/4 411/10/4 400/11/4
f 395/13/6 400/14/6 394/15/6 384/16/6
f 404/5/2 400/3/2 394/2/2 403/6/2
f 403/6/3 394/2/3 384/1/3 388/7/3
f 387/8/4 395/9/4 400/10/4 404/11/4
f 387/13/6 404/14/6 403/15/6 388/16/6
f 407/5/2 404/3/2 403/2/2 396/6/2
f 396/6/3 403/2/3 388/1/3 391/7/3
f 397/8/4 387/9/4 404/10/4 407/11/4
f 397/13/6 407/14/6 396/15/6 391/16/6
f 586/5/2 407/3/2 396/2/2 585/6/2
f 585/6/3 396/2/3 391/1/3 553/7/3
f 568/8/4 397/9/4 407/10/4 586/11/4
f 568/13/6 586/14/6 585/15/6 553/16/6
f 411/13/6 409/14/6 926/15/6 410/16/6
f 398/5/2 409/3/2 926/2/2 399/6/2
f 399/6/3 926/2/3 410/1/3 394/7/3
f 400/8/4 411/9/4 409/10/4 398/11/4
f 400/13/6 398/14/6 399/15/6 394/16/6
f 401/5/2 398/3/2 399/2/2 402/6/2
f 402/6/3 399/2/3 394/1/3 403/7/3
f 404/8/4 400/9/4 398/10/4 401/11/4
f 404/13/6 401/14/6 402/15/6 403/16/6
f 405/5/2 401/3/2 402/2/2 406/6/2
f 406/6/3 402/2/3 403/1/3 396/7/3
f 407/8/4 404/9/4 401/10/4 405/11/4
f 407/13/6 405/14/6 406/15/6 396/16/6
f 928/5/2 405/3/2 406/2/2 408/6/2
f 408/6/3 406/2/3 396/1/3 585/7/3
f 586/8/4 407/9/4 405/10/4 928/11/4
f 586/13/6 928/14/6 408/15/6 585/16/6
f 377/22/4 367/20/4 390/19/4 392/21/4
f 409/5/2 783/3/2 782/2/2 926/6/2
f 926/6/3 782/2/3 272/1/3 410/7/3
f 411/8/4 393/9/4 783/10/4 409/11/4
f 414/5/2 434/3/2 412/2/2 436/6/2
f 436/6/3 412/2/3 291/1/3 415/7/3
f 416/8/4 413/9/4 434/10/4 414/11/4
f 415/7/5 291/1/5 413/4/5 416/12/5
f 416/13/6 414/14/6 436/15/6 415/16/6
f 417/5/2 414/3/2 436/2/2 418/6/2
f 418/6/3 436/2/3 415/1/3 419/7/3
f 420/8/4 416/9/4 414/10/4 417/11/4
f 419/7/5 415/1/5 416/4/5 420/12/5
f 420/13/6 417/14/6 418/15/6 419/16/6
f 421/5/2 417/3/2 418/2/2 422/6/2
f 422/6/3 418/2/3 419/1/3 423/7/3
f 424/8/4 420/9/4 417/10/4 421/11/4
f 423/7/5 419/1/5 420/4/5 424/12/5
f 424/13/6 421/14/6 422/15/6 423/16/6
f 425/5/2 421/3/2 422/2/2 426/6/2
f 426/6/3 422/2/3 423/1/3 427/7/3
f 428/8/4 424/9/4 421/10/4 425/11/4
f 427/7/5 423/1/5 424/4/5 428/12/5
f 428/13/6 425/14/6 426/15/6 427/16/6
f 429/5/2 425/3/2 426/2/2 430/6/2
f 430/6/3 426/2/3 427/1/3 431/7/3
f 432/8/4 428/9/4 425/10/4 429/11/4
f 431/7/5 427/1/5 428/4/5 432/12/5
f 432/13/6 429/14/6 430/15/6 431/16/6
f 450/5/2 433/3/2 311/2/2 435/6/2
f 435/6/3 311/2/3 412/1/3 436/7/3
f 414/8/4 434/9/4 433/10/4 450/11/4
f 414/13/6 450/14/6 435/15/6 436/16/6
f 437/5/2 450/3/2 435/2/2 438/6/2
f 438/6/3 435/2/3 436/1/3 439/7/3
f 417/8/4 414/9/4 450/10/4 437/11/4
f 439/7/5 436/1/5 414/4/5 417/12/5
f 417/13/6 437/14/6 438/15/6 439/16/6
f 455/5/2 437/3/2 438/2/2 440/6/2
f 440/6/3 438/2/3 439/1/3 441/7/3
f 442/8/4 417/9/4 437/10/4 455/11/4
f 441/7/5 439/1/5 417/4/5 442/12/5
f 442/13/6 455/14/6 440/15/6 441/16/6
f 443/5/2 455/3/2 440/2/2 444/6/2
f 444/6/3 440/2/3 441/1/3 445/7/3
f 446/8/4 442/9/4 455/10/4 443/11/4
f 445/7/5 441/1/5 442/4/5 446/12/5
f 446/13/6 443/14/6 444/15/6 445/16/6
f 463/5/2 443/3/2 444/2/2 462/6/2
f 462/6/3 444/2/3 445/1/3 430/7/3
f 447/8/4 446/9/4 443/10/4 463/11/4
f 430/7/5 445/1/5 446/4/5 447/12/5
f 447/13/6 463/14/6 462/15/6 430/16/6
f 448/5/2 465/3/2 325/2/2 449/6/2
f 449/6/3 325/2/3 311/1/3 435/7/3
f 450/8/4 433/9/4 465/10/4 448/11/4
f 450/13/6 448/14/6 449/15/6 435/16/6
f 451/5/2 448/3/2 449/2/2 469/6/2
f 469/6/3 449/2/3 435/1/3 438/7/3
f 437/8/4 450/9/4 448/10/4 451/11/4
f 437/13/6 451/14/6 469/15/6 438/16/6
f 452/5/2 451/3/2 469/2/2 453/6/2
f 453/6/3 469/2/3 438/1/3 454/7/3
f 455/8/4 437/9/4 451/10/4 452/11/4
f 454/7/5 438/1/5 437/4/5 455/12/5
f 455/13/6 452/14/6 453/15/6 454/16/6
f 457/20/3 453/19/3 454/21/3 458/22/3
f 187/17/2 208/18/2 206/19/2 175/3/2 176/2/2 178/6/2
f 459/13/6 456/14/6 457/15/6 458/16/6
f 460/5/2 456/3/2 457/2/2 461/6/2
f 461/6/3 457/2/3 458/1/3 462/7/3
f 463/8/4 459/9/4 456/10/4 460/11/4
f 462/7/5 458/1/5 459/4/5 463/12/5
f 463/13/6 460/14/6 461/15/6 462/16/6
f 478/5/2 464/3/2 324/2/2 466/6/2
f 466/6/3 324/2/3 325/1/3 449/7/3
f 448/8/4 465/9/4 464/10/4 478/11/4
f 448/13/6 478/14/6 466/15/6 449/16/6
f 467/5/2 478/3/2 466/2/2 468/6/2
f 468/6/3 466/2/3 449/1/3 469/7/3
f 451/8/4 448/9/4 478/10/4 467/11/4
f 451/13/6 467/14/6 468/15/6 469/16/6
f 470/5/2 467/3/2 468/2/2 471/6/2
f 471/6/3 468/2/3 469/1/3 453/7/3
f 472/8/4 451/9/4 467/10/4 470/11/4
f 453/7/5 469/1/5 451/4/5 472/12/5
f 472/13/6 470/14/6 471/15/6 453/16/6
f 473/5/2 470/3/2 471/2/2 474/6/2
f 474/6/3 471/2/3 453/1/3 457/7/3
f 475/8/4 472/9/4 470/10/4 473/11/4
f 457/7/5 453/1/5 472/4/5 475/12/5
f 475/13/6 473/14/6 474/15/6 457/16/6
f 490/5/2 473/3/2 474/2/2 476/6/2
f 476/6/3 474/2/3 457/1/3 461/7/3
f 460/8/4 475/9/4 473/10/4 490/11/4
f 461/7/5 457/1/5 475/4/5 460/12/5
f 460/13/6 490/14/6 476/15/6 461/16/6
f 477/5/2 333/3/2 334/2/2 491/6/2
f 491/6/3 334/2/3 324/1/3 466/7/3
f 478/8/4 464/9/4 333/10/4 477/11/4
f 478/13/6 477/14/6 491/15/6 466/16/6
f 494/5/2 477/3/2 491/2/2 479/6/2
f 479/6/3 491/2/3 466/1/3 480/7/3
f 467/8/4 478/9/4 477/10/4 494/11/4
f 480/7/5 466/1/5 478/4/5 467/12/5
f 467/13/6 494/14/6 479/15/6 480/16/6
f 481/5/2 494/3/2 479/2/2 482/6/2
f 482/6/3 479/2/3 480/1/3 483/7/3
f 470/8/4 467/9/4 494/10/4 481/11/4
f 483/7/5 480/1/5 467/4/5 470/12/5
f 470/13/6 481/14/6 482/15/6 483/16/6
f 484/5/2 481/3/2 482/2/2 485/6/2
f 485/6/3 482/2/3 483/1/3 474/7/3
f 486/8/4 470/9/4 481/10/4 484/11/4
f 474/7/5 483/1/5 470/4/5 486/12/5
f 486/13/6 484/14/6 485/15/6 474/16/6
f 487/5/2 484/3/2 485/2/2 488/6/2
f 488/6/3 485/2/3 474/1/3 489/7/3
f 490/8/4 486/9/4 484/10/4 487/11/4
f 489/7/5 474/1/5 486/4/5 490/12/5
f 490/13/6 487/14/6 488/15/6 489/16/6
f 477/13/6 512/14/6 511/15/6 491/16/6
f 492/5/2 512/3/2 511/2/2 493/6/2
f 493/6/3 511/2/3 491/1/3 479/7/3
f 494/8/4 477/9/4 512/10/4 492/11/4
f 494/13/6 492/14/6 493/15/6 479/16/6
f 495/5/2 492/3/2 493/2/2 496/6/2
f 496/6/3 493/2/3 479/1/3 497/7/3
f 498/8/4 494/9/4 492/10/4 495/11/4
f 497/7/5 479/1/5 494/4/5 498/12/5
f 498/13/6 495/14/6 496/15/6 497/16/6
f 499/5/2 495/3/2 496/2/2 521/6/2
f 521/6/3 496/2/3 497/1/3 500/7/3
f 484/8/4 498/9/4 495/10/4 499/11/4
f 500/7/5 497/1/5 498/4/5 484/12/5
f 484/13/6 499/14/6 521/15/6 500/16/6
f 501/5/2 499/3/2 521/2/2 502/6/2
f 502/6/3 521/2/3 500/1/3 503/7/3
f 504/8/4 484/9/4 499/10/4 501/11/4
f 503/7/5 500/1/5 484/4/5 504/12/5
f 504/13/6 501/14/6 502/15/6 503/16/6
f 508/22/4 506/20/4 505/19/4 507/21/4
f 455/18/1 452/19/1 505/21/1 506/17/1
f 456/21/6 459/17/6 508/18/6 507/19/6
f 512/5/2 358/3/2 509/2/2 511/6/2
f 511/6/3 509/2/3 334/1/3 491/7/3
f 477/8/4 333/9/4 358/10/4 512/11/4
f 510/5/2 356/3/2 357/2/2 527/6/2
f 527/6/3 357/2/3 509/1/3 511/7/3
f 512/8/4 358/9/4 356/10/4 510/11/4
f 512/13/6 510/14/6 527/15/6 511/16/6
f 513/5/2 510/3/2 527/2/2 514/6/2
f 514/6/3 527/2/3 511/1/3 493/7/3
f 515/8/4 512/9/4 510/10/4 513/11/4
f 493/7/5 511/1/5 512/4/5 515/12/5
f 515/13/6 513/14/6 514/15/6 493/16/6
f 533/5/2 513/3/2 514/2/2 516/6/2
f 516/6/3 514/2/3 493/1/3 517/7/3
f 518/8/4 515/9/4 513/10/4 533/11/4
f 517/7/5 493/1/5 515/4/5 518/12/5
f 518/13/6 533/14/6 516/15/6 517/16/6
f 519/5/2 533/3/2 516/2/2 520/6/2
f 520/6/3 516/2/3 517/1/3 521/7/3
f 522/8/4 518/9/4 533/10/4 519/11/4
f 521/7/5 517/1/5 518/4/5 522/12/5
f 522/13/6 519/14/6 520/15/6 521/16/6
f 523/5/2 519/3/2 520/2/2 524/6/2
f 524/6/3 520/2/3 521/1/3 525/7/3
f 526/8/4 522/9/4 519/10/4 523/11/4
f 525/7/5 521/1/5 522/4/5 526/12/5
f 526/13/6 523/14/6 524/15/6 525/16/6
f 543/5/2 372/3/2 373/2/2 542/6/2
f 542/6/3 373/2/3 357/1/3 527/7/3
f 510/8/4 356/9/4 372/10/4 543/11/4
f 510/13/6 543/14/6 542/15/6 527/16/6
f 528/5/2 543/3/2 542/2/2 545/6/2
f 545/6/3 542/2/3 527/1/3 514/7/3
f 529/8/4 510/9/4 543/10/4 528/11/4
f 514/7/5 527/1/5 510/4/5 529/12/5
f 529/13/6 528/14/6 545/15/6 514/16/6
f 530/5/2 528/3/2 545/2/2 531/6/2
f 531/6/3 545/2/3 514/1/3 532/7/3
f 533/8/4 529/9/4 528/10/4 530/11/4
f 532/7/5 514/1/5 529/4/5 533/12/5
f 533/13/6 530/14/6 531/15/6 532/16/6
f 534/5/2 530/3/2 531/2/2 535/6/2
f 535/6/3 531/2/3 532/1/3 536/7/3
f 537/8/4 533/9/4 530/10/4 534/11/4
f 536/7/5 532/1/5 533/4/5 537/12/5
f 537/13/6 534/14/6 535/15/6 536/16/6
f 538/5/2 534/3/2 535/2/2 539/6/2
f 539/6/3 535/2/3 536/1/3 540/7/3
f 541/8/4 537/9/4 534/10/4 538/11/4
f 540/7/5 536/1/5 537/4/5 541/12/5
f 541/13/6 538/14/6 539/15/6 540/16/6
f 557/5/2 378/3/2 379/2/2 556/6/2
f 556/6/3 379/2/3 373/1/3 542/7/3
f 543/8/4 372/9/4 378/10/4 557/11/4
f 543/13/6 557/14/6 556/15/6 542/16/6
f 544/5/2 557/3/2 556/2/2 559/6/2
f 559/6/3 556/2/3 542/1/3 545/7/3
f 528/8/4 543/9/4 557/10/4 544/11/4
f 528/13/6 544/14/6 559/15/6 545/16/6
f 546/5/2 544/3/2 559/2/2 547/6/2
f 547/6/3 559/2/3 545/1/3 531/7/3
f 530/8/4 528/9/4 544/10/4 546/11/4
f 530/13/6 546/14/6 547/15/6 531/16/6
f 455/19/5 506/21/5 508/23/5 459/24/5 458/25/5 454/26/5
f 549/20/3 547/19/3 531/21/3 550/22/3
f 534/13/6 548/14/6 549/15/6 550/16/6
f 551/5/2 548/3/2 549/2/2 567/6/2
f 567/6/3 549/2/3 550/1/3 539/7/3
f 552/8/4 534/9/4 548/10/4 551/11/4
f 539/7/5 550/1/5 534/4/5 552/12/5
f 552/13/6 551/14/6 567/15/6 539/16/6
f 554/5/2 568/3/2 553/2/2 555/6/2
f 555/6/3 553/2/3 379/1/3 556/7/3
f 557/8/4 378/9/4 568/10/4 554/11/4
f 557/13/6 554/14/6 555/15/6 556/16/6
f 558/5/2 554/3/2 555/2/2 572/6/2
f 572/6/3 555/2/3 556/1/3 559/7/3
f 560/8/4 557/9/4 554/10/4 558/11/4
f 559/7/5 556/1/5 557/4/5 560/12/5
f 560/13/6 558/14/6 572/15/6 559/16/6
f 577/5/2 558/3/2 572/2/2 561/6/2
f 561/6/3 572/2/3 559/1/3 562/7/3
f 546/8/4 560/9/4 558/10/4 577/11/4
f 562/7/5 559/1/5 560/4/5 546/12/5
f 546/13/6 577/14/6 561/15/6 562/16/6
f 563/5/2 577/3/2 561/2/2 564/6/2
f 564/6/3 561/2/3 562/1/3 549/7/3
f 565/8/4 546/9/4 577/10/4 563/11/4
f 549/7/5 562/1/5 546/4/5 565/12/5
f 565/13/6 563/14/6 564/15/6 549/16/6
f 584/5/2 563/3/2 564/2/2 566/6/2
f 566/6/3 564/2/3 549/1/3 567/7/3
f 551/8/4 565/9/4 563/10/4 584/11/4
f 567/7/5 549/1/5 565/4/5 551/12/5
f 551/13/6 584/14/6 566/15/6 567/16/6
f 569/5/2 586/3/2 585/2/2 587/6/2
f 587/6/3 585/2/3 553/1/3 555/7/3
f 554/8/4 568/9/4 586/10/4 569/11/4
f 554/13/6 569/14/6 587/15/6 555/16/6
f 570/5/2 569/3/2 587/2/2 571/6/2
f 571/6/3 587/2/3 555/1/3 572/7/3
f 573/8/4 554/9/4 569/10/4 570/11/4
f 572/7/5 555/1/5 554/4/5 573/12/5
f 573/13/6 570/14/6 571/15/6 572/16/6
f 574/5/2 570/3/2 571/2/2 575/6/2
f 575/6/3 571/2/3 572/1/3 576/7/3
f 577/8/4 573/9/4 570/10/4 574/11/4
f 576/7/5 572/1/5 573/4/5 577/12/5
f 577/13/6 574/14/6 575/15/6 576/16/6
f 578/5/2 574/3/2 575/2/2 579/6/2
f 579/6/3 575/2/3 576/1/3 580/7/3
f 581/8/4 577/9/4 574/10/4 578/11/4
f 580/7/5 576/1/5 577/4/5 581/12/5
f 581/13/6 578/14/6 579/15/6 580/16/6
f 582/5/2 578/3/2 579/2/2 583/6/2
f 583/6/3 579/2/3 580/1/3 566/7/3
f 584/8/4 581/9/4 578/10/4 582/11/4
f 566/7/5 580/1/5 581/4/5 584/12/5
f 584/13/6 582/14/6 583/15/6 566/16/6
f 569/13/6 606/14/6 607/15/6 587/16/6
f 588/5/2 606/3/2 607/2/2 589/6/2
f 589/6/3 607/2/3 587/1/3 590/7/3
f 570/8/4 569/9/4 606/10/4 588/11/4
f 590/7/5 587/1/5 569/4/5 570/12/5
f 570/13/6 588/14/6 589/15/6 590/16/6
f 591/5/2 588/3/2 589/2/2 1087/6/2
f 1087/6/3 589/2/3 590/1/3 592/7/3
f 593/8/4 570/9/4 588/10/4 591/11/4
f 592/7/5 590/1/5 570/4/5 593/12/5
f 593/13/6 591/14/6 1087/15/6 592/16/6
f 594/5/2 591/3/2 1087/2/2 595/6/2
f 595/6/3 1087/2/3 592/1/3 596/7/3
f 597/8/4 593/9/4 591/10/4 594/11/4
f 596/7/5 592/1/5 593/4/5 597/12/5
f 597/13/6 594/14/6 595/15/6 596/16/6
f 598/5/2 594/3/2 595/2/2 599/6/2
f 599/6/3 595/2/3 596/1/3 600/7/3
f 601/8/4 597/9/4 594/10/4 598/11/4
f 600/7/5 596/1/5 597/4/5 601/12/5
f 601/13/6 598/14/6 599/15/6 600/16/6
f 605/22/4 603/20/4 602/19/4 604/21/4
f 530/18/1 546/19/1 602/21/1 603/17/1
f 548/21/6 534/17/6 605/18/6 604/19/6
f 606/5/2 928/3/2 408/2/2 607/6/2
f 607/6/3 408/2/3 585/1/3 587/7/3
f 569/8/4 586/9/4 928/10/4 606/11/4
f 608/1/1 621/2/1 609/3/1 610/4/1
f 611/5/2 609/3/2 621/2/2 624/6/2
f 624/6/3 621/2/3 608/1/3 612/7/3
f 143/8/4 610/9/4 609/10/4 611/11/4
f 143/13/6 611/14/6 624/15/6 612/16/6
f 627/5/2 611/3/2 624/2/2 613/6/2
f 613/6/3 624/2/3 612/1/3 614/7/3
f 132/8/4 143/9/4 611/10/4 627/11/4
f 132/13/6 627/14/6 613/15/6 614/16/6
f 615/5/2 627/3/2 613/2/2 629/6/2
f 629/6/3 613/2/3 614/1/3 616/7/3
f 617/8/4 132/9/4 627/10/4 615/11/4
f 617/13/6 615/14/6 629/15/6 616/16/6
f 618/5/2 615/3/2 629/2/2 630/6/2
f 630/6/3 629/2/3 616/1/3 135/7/3
f 619/8/4 617/9/4 615/10/4 618/11/4
f 619/13/6 618/14/6 630/15/6 135/16/6
f 620/5/2 618/3/2 630/2/2 784/6/2
f 784/6/3 630/2/3 135/1/3 277/7/3
f 137/8/4 619/9/4 618/10/4 620/11/4
f 137/13/6 620/14/6 784/15/6 277/16/6
f 621/1/1 622/2/1 623/3/1 609/4/1
f 634/5/2 623/3/2 622/2/2 633/6/2
f 633/6/3 622/2/3 621/1/3 624/7/3
f 611/8/4 609/9/4 623/10/4 634/11/4
f 611/13/6 634/14/6 633/15/6 624/16/6
f 625/5/2 634/3/2 633/2/2 626/6/2
f 626/6/3 633/2/3 624/1/3 613/7/3
f 627/8/4 611/9/4 634/10/4 625/11/4
f 627/13/6 625/14/6 626/15/6 613/16/6
f 636/5/2 625/3/2 626/2/2 628/6/2
f 628/6/3 626/2/3 613/1/3 629/7/3
f 615/8/4 627/9/4 625/10/4 636/11/4
f 615/13/6 636/14/6 628/15/6 629/16/6
f 640/5/2 636/3/2 628/2/2 639/6/2
f 639/6/3 628/2/3 629/1/3 630/7/3
f 618/8/4 615/9/4 636/10/4 640/11/4
f 618/13/6 640/14/6 639/15/6 630/16/6
f 793/5/2 640/3/2 639/2/2 791/6/2
f 791/6/3 639/2/3 630/1/3 784/7/3
f 620/8/4 618/9/4 640/10/4 793/11/4
f 620/13/6 793/14/6 791/15/6 784/16/6
f 622/1/1 641/2/1 643/3/1 623/4/1
f 631/5/2 643/3/2 641/2/2 632/6/2
f 632/6/3 641/2/3 622/1/3 633/7/3
f 634/8/4 623/9/4 643/10/4 631/11/4
f 634/13/6 631/14/6 632/15/6 633/16/6
f 648/5/2 631/3/2 632/2/2 647/6/2
f 647/6/3 632/2/3 633/1/3 626/7/3
f 625/8/4 634/9/4 631/10/4 648/11/4
f 625/13/6 648/14/6 647/15/6 626/16/6
f 635/5/2 648/3/2 647/2/2 651/6/2
f 651/6/3 647/2/3 626/1/3 628/7/3
f 636/8/4 625/9/4 648/10/4 635/11/4
f 636/13/6 635/14/6 651/15/6 628/16/6
f 309/19/5 338/21/5 340/23/5 310/24/5 297/25/5 308/26/5
f 638/20/3 651/19/3 628/21/3 639/22/3
f 323/17/2 339/18/2 337/19/2 319/3/2 318/2/2 322/6/2
f 640/13/6 637/14/6 638/15/6 639/16/6
f 792/5/2 637/3/2 638/2/2 808/6/2
f 808/6/3 638/2/3 639/1/3 791/7/3
f 793/8/4 640/9/4 637/10/4 792/11/4
f 793/13/6 792/14/6 808/15/6 791/16/6
f 641/1/1 642/2/1 655/3/1 643/4/1
f 644/5/2 655/3/2 642/2/2 657/6/2
f 657/6/3 642/2/3 641/1/3 632/7/3
f 631/8/4 643/9/4 655/10/4 644/11/4
f 631/13/6 644/14/6 657/15/6 632/16/6
f 645/5/2 644/3/2 657/2/2 646/6/2
f 646/6/3 657/2/3 632/1/3 647/7/3
f 648/8/4 631/9/4 644/10/4 645/11/4
f 648/13/6 645/14/6 646/15/6 647/16/6
f 649/5/2 645/3/2 646/2/2 650/6/2
f 650/6/3 646/2/3 647/1/3 651/7/3
f 635/8/4 648/9/4 645/10/4 649/11/4
f 635/13/6 649/14/6 650/15/6 651/16/6
f 652/5/2 649/3/2 650/2/2 653/6/2
f 653/6/3 650/2/3 651/1/3 638/7/3
f 637/8/4 635/9/4 649/10/4 652/11/4
f 638/7/5 651/1/5 635/4/5 637/12/5
f 637/13/6 652/14/6 653/15/6 638/16/6
f 817/5/2 652/3/2 653/2/2 815/6/2
f 815/6/3 653/2/3 638/1/3 808/7/3
f 792/8/4 637/9/4 652/10/4 817/11/4
f 792/13/6 817/14/6 815/15/6 808/16/6
f 642/1/1 654/2/1 676/3/1 655/4/1
f 656/5/2 676/3/2 654/2/2 678/6/2
f 678/6/3 654/2/3 642/1/3 657/7/3
f 644/8/4 655/9/4 676/10/4 656/11/4
f 644/13/6 656/14/6 678/15/6 657/16/6
f 663/5/2 656/3/2 678/2/2 662/6/2
f 662/6/3 678/2/3 657/1/3 646/7/3
f 645/8/4 644/9/4 656/10/4 663/11/4
f 645/13/6 663/14/6 662/15/6 646/16/6
f 658/5/2 663/3/2 662/2/2 665/6/2
f 665/6/3 662/2/3 646/1/3 650/7/3
f 649/8/4 645/9/4 663/10/4 658/11/4
f 649/13/6 658/14/6 665/15/6 650/16/6
f 669/5/2 658/3/2 665/2/2 668/6/2
f 668/6/3 665/2/3 650/1/3 653/7/3
f 652/8/4 649/9/4 658/10/4 669/11/4
f 652/13/6 669/14/6 668/15/6 653/16/6
f 659/5/2 669/3/2 668/2/2 827/6/2
f 827/6/3 668/2/3 653/1/3 815/7/3
f 817/8/4 652/9/4 669/10/4 659/11/4
f 817/13/6 659/14/6 827/15/6 815/16/6
f 656/13/6 682/14/6 660/15/6 678/16/6
f 661/5/2 682/3/2 660/2/2 685/6/2
f 685/6/3 660/2/3 678/1/3 662/7/3
f 663/8/4 656/9/4 682/10/4 661/11/4
f 663/13/6 661/14/6 685/15/6 662/16/6
f 664/5/2 661/3/2 685/2/2 686/6/2
f 686/6/3 685/2/3 662/1/3 665/7/3
f 658/8/4 663/9/4 661/10/4 664/11/4
f 658/13/6 664/14/6 686/15/6 665/16/6
f 666/5/2 664/3/2 686/2/2 667/6/2
f 667/6/3 686/2/3 665/1/3 668/7/3
f 669/8/4 658/9/4 664/10/4 666/11/4
f 669/13/6 666/14/6 667/15/6 668/16/6
f 844/5/2 666/3/2 667/2/2 670/6/2
f 670/6/3 667/2/3 668/1/3 827/7/3
f 816/8/4 669/9/4 666/10/4 844/11/4
f 827/7/5 668/1/5 669/4/5 816/12/5
f 816/13/6 844/14/6 670/15/6 827/16/6
f 674/22/4 672/20/4 671/19/4 673/21/4
f 636/18/1 635/19/1 671/21/1 672/17/1
f 637/21/6 640/17/6 674/18/6 673/19/6
f 654/1/1 675/2/1 680/3/1 676/4/1
f 682/5/2 680/3/2 675/2/2 677/6/2
f 677/6/3 675/2/3 654/1/3 678/7/3
f 656/8/4 676/9/4 680/10/4 682/11/4
f 679/1/1 693/2/1 696/3/1 680/4/1
f 699/6/3 693/2/3 679/1/3 681/7/3
f 682/8/4 680/9/4 696/10/4 700/11/4
f 681/7/5 679/1/5 680/4/5 682/12/5
f 682/13/6 700/14/6 699/15/6 681/16/6
f 683/5/2 700/3/2 699/2/2 684/6/2
f 684/6/3 699/2/3 681/1/3 685/7/3
f 661/8/4 682/9/4 700/10/4 683/11/4
f 685/7/5 681/1/5 682/4/5 661/12/5
f 661/13/6 683/14/6 684/15/6 685/16/6
f 705/5/2 683/3/2 684/2/2 704/6/2
f 704/6/3 684/2/3 685/1/3 686/7/3
f 687/8/4 661/9/4 683/10/4 705/11/4
f 686/7/5 685/1/5 661/4/5 687/12/5
f 687/13/6 705/14/6 704/15/6 686/16/6
f 708/5/2 705/3/2 704/2/2 688/6/2
f 688/6/3 704/2/3 686/1/3 667/7/3
f 689/8/4 687/9/4 705/10/4 708/11/4
f 667/7/5 686/1/5 687/4/5 689/12/5
f 689/13/6 708/14/6 688/15/6 667/16/6
f 710/5/2 708/3/2 688/2/2 690/6/2
f 690/6/3 688/2/3 667/1/3 691/7/3
f 692/8/4 689/9/4 708/10/4 710/11/4
f 691/7/5 667/1/5 689/4/5 692/12/5
f 692/13/6 710/14/6 690/15/6 691/16/6
f 693/1/1 694/2/1 695/3/1 696/4/1
f 697/5/2 695/3/2 694/2/2 698/6/2
f 698/6/3 694/2/3 693/1/3 699/7/3
f 700/8/4 696/9/4 695/10/4 697/11/4
f 699/7/5 693/1/5 696/4/5 700/12/5
f 700/13/6 697/14/6 698/15/6 699/16/6
f 701/5/2 697/3/2 698/2/2 714/6/2
f 714/6/3 698/2/3 699/1/3 684/7/3
f 702/8/4 700/9/4 697/10/4 701/11/4
f 684/7/5 699/1/5 700/4/5 702/12/5
f 702/13/6 701/14/6 714/15/6 684/16/6
f 717/5/2 701/3/2 714/2/2 703/6/2
f 703/6/3 714/2/3 684/1/3 704/7/3
f 705/8/4 702/9/4 701/10/4 717/11/4
f 704/7/5 684/1/5 702/4/5 705/12/5
f 705/13/6 717/14/6 703/15/6 704/16/6
f 706/5/2 717/3/2 703/2/2 707/6/2
f 707/6/3 703/2/3 704/1/3 688/7/3
f 708/8/4 705/9/4 717/10/4 706/11/4
f 708/13/6 706/14/6 707/15/6 688/16/6
f 709/5/2 706/3/2 707/2/2 722/6/2
f 722/6/3 707/2/3 688/1/3 690/7/3
f 710/8/4 708/9/4 706/10/4 709/11/4
f 710/13/6 709/14/6 722/15/6 690/16/6
f 694/1/1 711/2/1 712/3/1 695/4/1
f 726/5/2 712/3/2 711/2/2 713/6/2
f 713/6/3 711/2/3 694/1/3 698/7/3
f 697/8/4 695/9/4 712/10/4 726/11/4
f 697/13/6 726/14/6 713/15/6 698/16/6
f 729/5/2 726/3/2 713/2/2 728/6/2
f 728/6/3 713/2/3 698/1/3 714/7/3
f 701/8/4 697/9/4 726/10/4 729/11/4
f 701/13/6 729/14/6 728/15/6 714/16/6
f 715/5/2 729/3/2 728/2/2 716/6/2
f 716/6/3 728/2/3 714/1/3 703/7/3
f 717/8/4 701/9/4 729/10/4 715/11/4
f 717/13/6 715/14/6 716/15/6 703/16/6
f 636/19/5 672/21/5 674/23/5 640/24/5 639/25/5 628/26/5
f 719/20/3 716/19/3 703/21/3 707/22/3
f 637/17/2 673/18/2 671/19/2 635/3/2 651/2/2 638/6/2
f 706/13/6 718/14/6 719/15/6 707/16/6
f 720/5/2 718/3/2 719/2/2 721/6/2
f 721/6/3 719/2/3 707/1/3 722/7/3
f 723/8/4 706/9/4 718/10/4 720/11/4
f 722/7/5 707/1/5 706/4/5 723/12/5
f 723/13/6 720/14/6 721/15/6 722/16/6
f 711/1/1 724/2/1 738/3/1 712/4/1
f 740/5/2 738/3/2 724/2/2 725/6/2
f 725/6/3 724/2/3 711/1/3 713/7/3
f 726/8/4 712/9/4 738/10/4 740/11/4
f 726/13/6 740/14/6 725/15/6 713/16/6
f 727/5/2 740/3/2 725/2/2 742/6/2
f 742/6/3 725/2/3 713/1/3 728/7/3
f 729/8/4 726/9/4 740/10/4 727/11/4
f 729/13/6 727/14/6 742/15/6 728/16/6
f 745/5/2 727/3/2 742/2/2 744/6/2
f 744/6/3 742/2/3 728/1/3 730/7/3
f 731/8/4 729/9/4 727/10/4 745/11/4
f 730/7/5 728/1/5 729/4/5 731/12/5
f 731/13/6 745/14/6 744/15/6 730/16/6
f 747/5/2 745/3/2 744/2/2 732/6/2
f 732/6/3 744/2/3 730/1/3 719/7/3
f 718/8/4 731/9/4 745/10/4 747/11/4
f 719/7/5 730/1/5 731/4/5 718/12/5
f 718/13/6 747/14/6 732/15/6 719/16/6
f 875/5/2 747/3/2 732/2/2 892/6/2
f 892/6/3 732/2/3 719/1/3 733/7/3
f 734/8/4 718/9/4 747/10/4 875/11/4
f 733/7/5 719/1/5 718/4/5 734/12/5
f 734/13/6 875/14/6 892/15/6 733/16/6
f 735/1/1 736/2/1 737/3/1 738/4/1
f 752/5/2 737/3/2 736/2/2 739/6/2
f 739/6/3 736/2/3 735/1/3 725/7/3
f 740/8/4 738/9/4 737/10/4 752/11/4
f 725/7/5 735/1/5 738/4/5 740/12/5
f 740/13/6 752/14/6 739/15/6 725/16/6
f 755/5/2 752/3/2 739/2/2 741/6/2
f 741/6/3 739/2/3 725/1/3 742/7/3
f 743/8/4 740/9/4 752/10/4 755/11/4
f 742/7/5 725/1/5 740/4/5 743/12/5
f 743/13/6 755/14/6 741/15/6 742/16/6
f 759/5/2 755/3/2 741/2/2 758/6/2
f 758/6/3 741/2/3 742/1/3 744/7/3
f 745/8/4 743/9/4 755/10/4 759/11/4
f 744/7/5 742/1/5 743/4/5 745/12/5
f 745/13/6 759/14/6 758/15/6 744/16/6
f 762/6/3 758/2/3 744/1/3 746/7/3
f 747/8/4 745/9/4 759/10/4 763/11/4
f 746/7/5 744/1/5 745/4/5 747/12/5
f 747/13/6 763/14/6 762/15/6 746/16/6
f 748/5/2 763/3/2 762/2/2 749/6/2
f 749/6/3 762/2/3 746/1/3 892/7/3
f 875/8/4 747/9/4 763/10/4 748/11/4
f 892/7/5 746/1/5 747/4/5 875/12/5
f 875/13/6 748/14/6 749/15/6 892/16/6
f 739/7/5 736/1/5 773/4/5 752/12/5
f 752/13/6 750/14/6 751/15/6 739/16/6
f 753/5/2 750/3/2 751/2/2 754/6/2
f 754/6/3 751/2/3 739/1/3 741/7/3
f 755/8/4 752/9/4 750/10/4 753/11/4
f 755/13/6 753/14/6 754/15/6 741/16/6
f 756/5/2 753/3/2 754/2/2 757/6/2
f 757/6/3 754/2/3 741/1/3 758/7/3
f 759/8/4 755/9/4 753/10/4 756/11/4
f 759/13/6 756/14/6 757/15/6 758/16/6
f 760/5/2 756/3/2 757/2/2 761/6/2
f 761/6/3 757/2/3 758/1/3 762/7/3
f 763/8/4 759/9/4 756/10/4 760/11/4
f 762/7/5 758/1/5 759/4/5 763/12/5
f 763/13/6 760/14/6 761/15/6 762/16/6
f 764/5/2 760/3/2 761/2/2 765/6/2
f 765/6/3 761/2/3 762/1/3 922/7/3
f 766/8/4 763/9/4 760/10/4 764/11/4
f 922/7/5 762/1/5 763/4/5 766/12/5
f 766/13/6 764/14/6 765/15/6 922/16/6
f 770/22/4 768/20/4 767/19/4 769/21/4
f 717/18/1 715/19/1 767/21/1 768/17/1
f 718/21/6 706/17/6 770/18/6 769/19/6
f 736/1/1 771/2/1 772/3/1 773/4/1
f 750/5/2 772/3/2 771/2/2 751/6/2
f 751/6/3 771/2/3 736/1/3 739/7/3
f 774/8/4 773/9/4 772/10/4 750/11/4
f 786/5/2 620/3/2 784/2/2 785/6/2
f 785/6/3 784/2/3 277/1/3 265/7/3
f 264/8/4 137/9/4 620/10/4 786/11/4
f 264/13/6 786/14/6 785/15/6 265/16/6
f 788/6/3 785/2/3 265/1/3 266/7/3
f 775/8/4 264/9/4 786/10/4 789/11/4
f 775/13/6 789/14/6 788/15/6 266/16/6
f 776/5/2 789/3/2 788/2/2 777/6/2
f 777/6/3 788/2/3 266/1/3 268/7/3
f 267/8/4 775/9/4 789/10/4 776/11/4
f 267/13/6 776/14/6 777/15/6 268/16/6
f 790/5/2 776/3/2 777/2/2 778/6/2
f 778/6/3 777/2/3 268/1/3 779/7/3
f 780/8/4 267/9/4 776/10/4 790/11/4
f 780/13/6 790/14/6 778/15/6 779/16/6
f 925/5/2 790/3/2 778/2/2 781/6/2
f 781/6/3 778/2/3 779/1/3 782/7/3
f 783/8/4 780/9/4 790/10/4 925/11/4
f 782/7/5 779/1/5 780/4/5 783/12/5
f 783/13/6 925/14/6 781/15/6 782/16/6
f 796/6/3 791/2/3 784/1/3 785/7/3
f 786/8/4 620/9/4 793/10/4 797/11/4
f 786/13/6 797/14/6 796/15/6 785/16/6
f 800/5/2 797/3/2 796/2/2 787/6/2
f 787/6/3 796/2/3 785/1/3 788/7/3
f 789/8/4 786/9/4 797/10/4 800/11/4
f 788/7/5 785/1/5 786/4/5 789/12/5
f 789/13/6 800/14/6 787/15/6 788/16/6
f 803/5/2 800/3/2 787/2/2 802/6/2
f 802/6/3 787/2/3 788/1/3 777/7/3
f 776/8/4 789/9/4 800/10/4 803/11/4
f 776/13/6 803/14/6 802/15/6 777/16/6
f 806/5/2 803/3/2 802/2/2 805/6/2
f 805/6/3 802/2/3 777/1/3 778/7/3
f 790/8/4 776/9/4 803/10/4 806/11/4
f 790/13/6 806/14/6 805/15/6 778/16/6
f 930/5/2 806/3/2 805/2/2 929/6/2
f 929/6/3 805/2/3 778/1/3 781/7/3
f 925/8/4 790/9/4 806/10/4 930/11/4
f 925/13/6 930/14/6 929/15/6 781/16/6
f 794/5/2 792/3/2 808/2/2 795/6/2
f 795/6/3 808/2/3 791/1/3 796/7/3
f 797/8/4 793/9/4 792/10/4 794/11/4
f 796/7/5 791/1/5 793/4/5 797/12/5
f 797/13/6 794/14/6 795/15/6 796/16/6
f 798/5/2 794/3/2 795/2/2 799/6/2
f 799/6/3 795/2/3 796/1/3 787/7/3
f 800/8/4 797/9/4 794/10/4 798/11/4
f 800/13/6 798/14/6 799/15/6 787/16/6
f 812/5/2 798/3/2 799/2/2 801/6/2
f 801/6/3 799/2/3 787/1/3 802/7/3
f 803/8/4 800/9/4 798/10/4 812/11/4
f 803/13/6 812/14/6 801/15/6 802/16/6
f 530/19/5 603/21/5 605/23/5 534/24/5 550/25/5 531/26/5
f 814/20/3 801/19/3 802/21/3 805/22/3
f 34/19/5 69/21/5 71/23/5 28/24/5 36/25/5 33/26/5
f 806/13/6 804/14/6 814/15/6 805/16/6
f 807/5/2 804/3/2 814/2/2 948/6/2
f 948/6/3 814/2/3 805/1/3 929/7/3
f 930/8/4 806/9/4 804/10/4 807/11/4
f 930/13/6 807/14/6 948/15/6 929/16/6
f 820/5/2 817/3/2 815/2/2 809/6/2
f 809/6/3 815/2/3 808/1/3 795/7/3
f 794/8/4 792/9/4 817/10/4 820/11/4
f 794/13/6 820/14/6 809/15/6 795/16/6
f 822/5/2 820/3/2 809/2/2 821/6/2
f 821/6/3 809/2/3 795/1/3 799/7/3
f 798/8/4 794/9/4 820/10/4 822/11/4
f 798/13/6 822/14/6 821/15/6 799/16/6
f 810/5/2 822/3/2 821/2/2 811/6/2
f 811/6/3 821/2/3 799/1/3 801/7/3
f 812/8/4 798/9/4 822/10/4 810/11/4
f 812/13/6 810/14/6 811/15/6 801/16/6
f 813/5/2 810/3/2 811/2/2 825/6/2
f 825/6/3 811/2/3 801/1/3 814/7/3
f 804/8/4 812/9/4 810/10/4 813/11/4
f 814/7/5 801/1/5 812/4/5 804/12/5
f 804/13/6 813/14/6 825/15/6 814/16/6
f 965/5/2 813/3/2 825/2/2 949/6/2
f 949/6/3 825/2/3 814/1/3 948/7/3
f 807/8/4 804/9/4 813/10/4 965/11/4
f 807/13/6 965/14/6 949/15/6 948/16/6
f 815/1/1 827/2/1 816/3/1 817/4/1
f 818/5/2 816/3/2 827/2/2 819/6/2
f 819/6/3 827/2/3 815/1/3 809/7/3
f 820/8/4 817/9/4 816/10/4 818/11/4
f 820/13/6 818/14/6 819/15/6 809/16/6
f 832/5/2 818/3/2 819/2/2 831/6/2
f 831/6/3 819/2/3 809/1/3 821/7/3
f 822/8/4 820/9/4 818/10/4 832/11/4
f 822/13/6 832/14/6 831/15/6 821/16/6
f 823/5/2 832/3/2 831/2/2 834/6/2
f 834/6/3 831/2/3 821/1/3 811/7/3
f 810/8/4 822/9/4 832/10/4 823/11/4
f 810/13/6 823/14/6 834/15/6 811/16/6
f 836/5/2 823/3/2 834/2/2 824/6/2
f 824/6/3 834/2/3 811/1/3 825/7/3
f 813/8/4 810/9/4 823/10/4 836/11/4
f 813/13/6 836/14/6 824/15/6 825/16/6
f 838/5/2 836/3/2 824/2/2 826/6/2
f 826/6/3 824/2/3 825/1/3 949/7/3
f 965/8/4 813/9/4 836/10/4 838/11/4
f 965/13/6 838/14/6 826/15/6 949/16/6
f 819/7/5 827/1/5 816/4/5 829/12/5
f 829/13/6 828/14/6 845/15/6 819/16/6
f 830/5/2 828/3/2 845/2/2 847/6/2
f 847/6/3 845/2/3 819/1/3 831/7/3
f 832/8/4 829/9/4 828/10/4 830/11/4
f 831/7/5 819/1/5 829/4/5 832/12/5
f 832/13/6 830/14/6 847/15/6 831/16/6
f 849/5/2 830/3/2 847/2/2 833/6/2
f 833/6/3 847/2/3 831/1/3 834/7/3
f 823/8/4 832/9/4 830/10/4 849/11/4
f 823/13/6 849/14/6 833/15/6 834/16/6
f 850/5/2 849/3/2 833/2/2 835/6/2
f 835/6/3 833/2/3 834/1/3 824/7/3
f 836/8/4 823/9/4 849/10/4 850/11/4
f 836/13/6 850/14/6 835/15/6 824/16/6
f 837/5/2 850/3/2 835/2/2 984/6/2
f 984/6/3 835/2/3 824/1/3 964/7/3
f 838/8/4 836/9/4 850/10/4 837/11/4
f 964/7/5 824/1/5 836/4/5 838/12/5
f 838/13/6 837/14/6 984/15/6 964/16/6
f 842/22/4 840/20/4 839/19/4 841/21/4
f 803/18/1 812/19/1 839/21/1 840/17/1
f 804/21/6 806/17/6 842/18/6 841/19/6
f 828/5/2 844/3/2 670/2/2 845/6/2
f 845/6/3 670/2/3 827/1/3 843/7/3
f 818/8/4 816/9/4 844/10/4 828/11/4
f 670/1/1 690/2/1 710/3/1 844/4/1
f 855/5/2 710/3/2 690/2/2 854/6/2
f 854/6/3 690/2/3 670/1/3 845/7/3
f 828/8/4 844/9/4 710/10/4 855/11/4
f 828/13/6 855/14/6 854/15/6 845/16/6
f 846/5/2 855/3/2 854/2/2 858/6/2
f 858/6/3 854/2/3 845/1/3 847/7/3
f 830/8/4 828/9/4 855/10/4 846/11/4
f 830/13/6 846/14/6 858/15/6 847/16/6
f 848/5/2 846/3/2 858/2/2 861/6/2
f 861/6/3 858/2/3 847/1/3 833/7/3
f 849/8/4 830/9/4 846/10/4 848/11/4
f 849/13/6 848/14/6 861/15/6 833/16/6
f 864/5/2 848/3/2 861/2/2 863/6/2
f 863/6/3 861/2/3 833/1/3 835/7/3
f 850/8/4 849/9/4 848/10/4 864/11/4
f 850/13/6 864/14/6 863/15/6 835/16/6
f 1004/5/2 864/3/2 863/2/2 1002/6/2
f 1002/6/3 863/2/3 835/1/3 851/7/3
f 852/8/4 850/9/4 864/10/4 1004/11/4
f 851/7/5 835/1/5 850/4/5 852/12/5
f 852/13/6 1004/14/6 1002/15/6 851/16/6
f 690/1/1 853/2/1 709/3/1 710/4/1
f 869/5/2 709/3/2 853/2/2 868/6/2
f 868/6/3 853/2/3 690/1/3 854/7/3
f 855/8/4 710/9/4 709/10/4 869/11/4
f 855/13/6 869/14/6 868/15/6 854/16/6
f 856/5/2 869/3/2 868/2/2 857/6/2
f 857/6/3 868/2/3 854/1/3 858/7/3
f 846/8/4 855/9/4 869/10/4 856/11/4
f 846/13/6 856/14/6 857/15/6 858/16/6
f 859/5/2 856/3/2 857/2/2 860/6/2
f 860/6/3 857/2/3 858/1/3 861/7/3
f 848/8/4 846/9/4 856/10/4 859/11/4
f 848/13/6 859/14/6 860/15/6 861/16/6
f 862/5/2 859/3/2 860/2/2 873/6/2
f 873/6/3 860/2/3 861/1/3 863/7/3
f 864/8/4 848/9/4 859/10/4 862/11/4
f 864/13/6 862/14/6 873/15/6 863/16/6
f 865/5/2 862/3/2 873/2/2 874/6/2
f 874/6/3 873/2/3 863/1/3 1002/7/3
f 1004/8/4 864/9/4 862/10/4 865/11/4
f 1004/13/6 865/14/6 874/15/6 1002/16/6
f 866/1/1 721/2/1 720/3/1 709/4/1
f 867/5/2 720/3/2 721/2/2 879/6/2
f 879/6/3 721/2/3 866/1/3 868/7/3
f 869/8/4 709/9/4 720/10/4 867/11/4
f 868/7/5 866/1/5 709/4/5 869/12/5
f 869/13/6 867/14/6 879/15/6 868/16/6
f 870/5/2 867/3/2 879/2/2 881/6/2
f 881/6/3 879/2/3 868/1/3 871/7/3
f 856/8/4 869/9/4 867/10/4 870/11/4
f 871/7/5 868/1/5 869/4/5 856/12/5
f 856/13/6 870/14/6 881/15/6 871/16/6
f 884/5/2 870/3/2 881/2/2 883/6/2
f 883/6/3 881/2/3 871/1/3 872/7/3
f 859/8/4 856/9/4 870/10/4 884/11/4
f 872/7/5 871/1/5 856/4/5 859/12/5
f 859/13/6 884/14/6 883/15/6 872/16/6
f 252/17/2 275/18/2 273/19/2 238/3/2 248/2/2 251/6/2
f 886/20/3 883/19/3 872/21/3 873/22/3
f 456/17/2 507/18/2 505/19/2 452/3/2 453/2/2 457/6/2
f 862/13/6 887/14/6 886/15/6 873/16/6
f 890/6/3 886/2/3 873/1/3 874/7/3
f 1003/8/4 862/9/4 887/10/4 891/11/4
f 874/7/5 873/1/5 862/4/5 1003/12/5
f 1003/13/6 891/14/6 890/15/6 874/16/6
f 721/1/1 892/2/1 875/3/1 876/4/1
f 877/5/2 875/3/2 892/2/2 878/6/2
f 878/6/3 892/2/3 721/1/3 879/7/3
f 880/8/4 876/9/4 875/10/4 877/11/4
f 879/7/5 721/1/5 876/4/5 880/12/5
f 880/13/6 877/14/6 878/15/6 879/16/6
f 898/5/2 877/3/2 878/2/2 897/6/2
f 897/6/3 878/2/3 879/1/3 881/7/3
f 870/8/4 880/9/4 877/10/4 898/11/4
f 881/7/5 879/1/5 880/4/5 870/12/5
f 870/13/6 898/14/6 897/15/6 881/16/6
f 900/5/2 898/3/2 897/2/2 882/6/2
f 882/6/3 897/2/3 881/1/3 883/7/3
f 884/8/4 870/9/4 898/10/4 900/11/4
f 884/13/6 900/14/6 882/15/6 883/16/6
f 902/5/2 900/3/2 882/2/2 885/6/2
f 885/6/3 882/2/3 883/1/3 886/7/3
f 887/8/4 884/9/4 900/10/4 902/11/4
f 886/7/5 883/1/5 884/4/5 887/12/5
f 887/13/6 902/14/6 885/15/6 886/16/6
f 888/5/2 902/3/2 885/2/2 889/6/2
f 889/6/3 885/2/3 886/1/3 890/7/3
f 891/8/4 887/9/4 902/10/4 888/11/4
f 890/7/5 886/1/5 887/4/5 891/12/5
f 891/13/6 888/14/6 889/15/6 890/16/6
f 892/1/1 922/2/1 893/3/1 875/4/1
f 907/5/2 893/3/2 922/2/2 894/6/2
f 894/6/3 922/2/3 892/1/3 878/7/3
f 877/8/4 875/9/4 893/10/4 907/11/4
f 877/13/6 907/14/6 894/15/6 878/16/6
f 895/5/2 907/3/2 894/2/2 896/6/2
f 896/6/3 894/2/3 878/1/3 897/7/3
f 898/8/4 877/9/4 907/10/4 895/11/4
f 898/13/6 895/14/6 896/15/6 897/16/6
f 899/5/2 895/3/2 896/2/2 912/6/2
f 912/6/3 896/2/3 897/1/3 882/7/3
f 900/8/4 898/9/4 895/10/4 899/11/4
f 900/13/6 899/14/6 912/15/6 882/16/6
f 917/5/2 899/3/2 912/2/2 916/6/2
f 916/6/3 912/2/3 882/1/3 901/7/3
f 902/8/4 900/9/4 899/10/4 917/11/4
f 901/7/5 882/1/5 900/4/5 902/12/5
f 902/13/6 917/14/6 916/15/6 901/16/6
f 1076/5/2 917/3/2 916/2/2 903/6/2
f 903/6/3 916/2/3 901/1/3 904/7/3
f 888/8/4 902/9/4 917/10/4 1076/11/4
f 904/7/5 901/1/5 902/4/5 888/12/5
f 888/13/6 1076/14/6 903/15/6 904/16/6
f 894/7/5 922/1/5 766/4/5 907/12/5
f 907/13/6 905/14/6 906/15/6 894/16/6
f 908/5/2 905/3/2 906/2/2 909/6/2
f 909/6/3 906/2/3 894/1/3 896/7/3
f 895/8/4 907/9/4 905/10/4 908/11/4
f 895/13/6 908/14/6 909/15/6 896/16/6
f 910/5/2 908/3/2 909/2/2 911/6/2
f 911/6/3 909/2/3 896/1/3 912/7/3
f 913/8/4 895/9/4 908/10/4 910/11/4
f 912/7/5 896/1/5 895/4/5 913/12/5
f 913/13/6 910/14/6 911/15/6 912/16/6
f 914/5/2 910/3/2 911/2/2 915/6/2
f 915/6/3 911/2/3 912/1/3 916/7/3
f 917/8/4 913/9/4 910/10/4 914/11/4
f 916/7/5 912/1/5 913/4/5 917/12/5
f 917/13/6 914/14/6 915/15/6 916/16/6
f 1075/5/2 914/3/2 915/2/2 1074/6/2
f 1074/6/3 915/2/3 916/1/3 903/7/3
f 1076/8/4 917/9/4 914/10/4 1075/11/4
f 1076/13/6 1075/14/6 1074/15/6 903/16/6
f 921/22/4 919/20/4 918/19/4 920/21/4
f 859/18/1 884/19/1 918/21/1 919/17/1
f 887/21/6 862/17/6 921/18/6 920/19/6
f 922/1/1 765/2/1 764/3/1 923/4/1
f 905/5/2 764/3/2 765/2/2 906/6/2
f 906/6/3 765/2/3 922/1/3 924/7/3
f 907/8/4 923/9/4 764/10/4 905/11/4
f 933/5/2 925/3/2 781/2/2 932/6/2
f 932/6/3 781/2/3 782/1/3 926/7/3
f 409/8/4 783/9/4 925/10/4 933/11/4
f 409/13/6 933/14/6 932/15/6 926/16/6
f 935/6/3 932/2/3 926/1/3 399/7/3
f 398/8/4 409/9/4 933/10/4 936/11/4
f 398/13/6 936/14/6 935/15/6 399/16/6
f 938/6/3 935/2/3 399/1/3 402/7/3
f 401/8/4 398/9/4 936/10/4 939/11/4
f 401/13/6 939/14/6 938/15/6 402/16/6
f 942/5/2 939/3/2 938/2/2 927/6/2
f 927/6/3 938/2/3 402/1/3 406/7/3
f 405/8/4 401/9/4 939/10/4 942/11/4
f 405/13/6 942/14/6 927/15/6 406/16/6
f 1082/5/2 942/3/2 927/2/2 1081/6/2
f 1081/6/3 927/2/3 406/1/3 408/7/3
f 928/8/4 405/9/4 942/10/4 1082/11/4
f 928/13/6 1082/14/6 1081/15/6 408/16/6
f 931/5/2 930/3/2 929/2/2 943/6/2
f 943/6/3 929/2/3 781/1/3 932/7/3
f 933/8/4 925/9/4 930/10/4 931/11/4
f 933/13/6 931/14/6 943/15/6 932/16/6
f 944/5/2 931/3/2 943/2/2 934/6/2
f 934/6/3 943/2/3 932/1/3 935/7/3
f 936/8/4 933/9/4 931/10/4 944/11/4
f 935/7/5 932/1/5 933/4/5 936/12/5
f 936/13/6 944/14/6 934/15/6 935/16/6
f 937/5/2 944/3/2 934/2/2 945/6/2
f 945/6/3 934/2/3 935/1/3 938/7/3
f 939/8/7 936/9/7 944/10/7 937/11/7
f 938/7/5 935/1/5 936/4/5 939/12/5
f 939/13/6 937/14/6 945/15/6 938/16/6
f 940/5/2 937/3/2 945/2/2 941/6/2
f 941/6/3 945/2/3 938/1/3 927/7/3
f 942/8/8 939/9/8 937/10/8 940/11/8
f 942/13/6 940/14/6 941/15/6 927/16/6
f 947/5/2 940/3/2 941/2/2 1096/6/2
f 1096/6/3 941/2/3 927/1/3 1081/7/3
f 1082/8/9 942/9/9 940/10/9 947/11/9
f 1082/13/6 947/14/6 1096/15/6 1081/16/6
f 953/5/2 807/3/2 948/2/2 952/6/2
f 952/6/3 948/2/3 929/1/3 943/7/3
f 931/8/4 930/9/4 807/10/4 953/11/4
f 931/13/6 953/14/6 952/15/6 943/16/6
f 954/6/3 952/2/3 943/1/3 934/7/3
f 944/8/4 931/9/4 953/10/4 955/11/4
f 944/13/6 955/14/6 954/15/6 934/16/6
f 956/6/3 954/2/3 934/1/3 945/7/3
f 937/8/10 944/9/10 955/10/10 957/11/10
f 937/13/6 957/14/6 956/15/6 945/16/6
f 163/19/5 207/21/5 209/23/5 165/24/5 166/25/5 177/26/5
f 960/20/3 956/19/3 945/21/3 941/22/3
f 940/13/6 961/14/6 960/15/6 941/16/6
f 946/5/2 961/3/2 960/2/2 963/6/2
f 963/6/3 960/2/3 941/1/3 1096/7/3
f 947/8/11 940/9/11 961/10/11 946/11/11
f 947/13/6 946/14/6 963/15/6 1096/16/6
f 950/5/2 965/3/2 949/2/2 951/6/2
f 951/6/3 949/2/3 948/1/3 952/7/3
f 953/8/4 807/9/4 965/10/4 950/11/4
f 953/13/6 950/14/6 951/15/6 952/16/6
f 971/5/2 950/3/2 951/2/2 970/6/2
f 970/6/3 951/2/3 952/1/3 954/7/3
f 955/8/4 953/9/4 950/10/4 971/11/4
f 954/7/5 952/1/5 953/4/5 955/12/5
f 955/13/6 971/14/6 970/15/6 954/16/6
f 973/6/3 970/2/3 954/1/3 956/7/3
f 957/8/12 955/9/12 971/10/12 974/11/12
f 956/7/5 954/1/5 955/4/5 957/12/5
f 957/13/6 974/14/6 973/15/6 956/16/6
f 958/5/2 974/3/2 973/2/2 959/6/2
f 959/6/3 973/2/3 956/1/3 960/7/3
f 961/8/13 957/9/13 974/10/13 958/11/13
f 960/7/5 956/1/5 957/4/5 961/12/5
f 961/13/6 958/14/6 959/15/6 960/16/6
f 1127/5/2 958/3/2 959/2/2 962/6/2
f 962/6/3 959/2/3 960/1/3 963/7/3
f 946/8/14 961/9/14 958/10/14 1127/11/14
f 946/13/6 1127/14/6 962/15/6 963/16/6
f 949/1/1 964/2/1 838/3/1 965/4/1
f 966/5/2 838/3/2 964/2/2 967/6/2
f 967/6/3 964/2/3 949/1/3 951/7/3
f 950/8/4 965/9/4 838/10/4 966/11/4
f 950/13/6 966/14/6 967/15/6 951/16/6
f 968/5/2 966/3/2 967/2/2 969/6/2
f 969/6/3 967/2/3 951/1/3 970/7/3
f 971/8/4 950/9/4 966/10/4 968/11/4
f 971/13/6 968/14/6 969/15/6 970/16/6
f 978/5/2 968/3/2 969/2/2 972/6/2
f 972/6/3 969/2/3 970/1/3 973/7/3
f 974/8/4 971/9/4 968/10/4 978/11/4
f 973/7/5 970/1/5 971/4/5 974/12/5
f 974/13/6 978/14/6 972/15/6 973/16/6
f 981/5/2 978/3/2 972/2/2 975/6/2
f 975/6/3 972/2/3 973/1/3 959/7/3
f 958/8/4 974/9/4 978/10/4 981/11/4
f 958/13/6 981/14/6 975/15/6 959/16/6
f 976/5/2 981/3/2 975/2/2 1177/6/2
f 1177/6/3 975/2/3 959/1/3 962/7/3
f 1127/8/4 958/9/4 981/10/4 976/11/4
f 1127/13/6 976/14/6 1177/15/6 962/16/6
f 966/13/6 986/14/6 977/15/6 967/16/6
f 994/5/2 986/3/2 977/2/2 993/6/2
f 993/6/3 977/2/3 967/1/3 969/7/3
f 968/8/4 966/9/4 986/10/4 994/11/4
f 968/13/6 994/14/6 993/15/6 969/16/6
f 996/6/3 993/2/3 969/1/3 972/7/3
f 978/8/4 968/9/4 994/10/4 997/11/4
f 978/13/6 997/14/6 996/15/6 972/16/6
f 979/5/2 997/3/2 996/2/2 980/6/2
f 980/6/3 996/2/3 972/1/3 975/7/3
f 981/8/4 978/9/4 997/10/4 979/11/4
f 981/13/6 979/14/6 980/15/6 975/16/6
f 982/5/2 979/3/2 980/2/2 1001/6/2
f 1001/6/3 980/2/3 975/1/3 1177/7/3
f 983/8/4 981/9/4 979/10/4 982/11/4
f 1177/7/5 975/1/5 981/4/5 983/12/5
f 983/13/6 982/14/6 1001/15/6 1177/16/6
f 940/22/4 937/20/4 957/19/4 961/21/4
f 964/1/1 984/2/1 985/3/1 838/4/1
f 986/5/2 985/3/2 984/2/2 977/6/2
f 977/6/3 984/2/3 964/1/3 987/7/3
f 966/8/4 838/9/4 985/10/4 986/11/4
f 984/1/1 1002/2/1 988/3/1 989/4/1
f 990/5/2 988/3/2 1002/2/2 1006/6/2
f 1006/6/3 1002/2/3 984/1/3 977/7/3
f 991/8/4 989/9/4 988/10/4 990/11/4
f 977/7/5 984/1/5 989/4/5 991/12/5
f 991/13/6 990/14/6 1006/15/6 977/16/6
f 1010/5/2 990/3/2 1006/2/2 992/6/2
f 992/6/3 1006/2/3 977/1/3 993/7/3
f 994/8/4 991/9/4 990/10/4 1010/11/4
f 993/7/5 977/1/5 991/4/5 994/12/5
f 994/13/6 1010/14/6 992/15/6 993/16/6
f 1013/5/2 1010/3/2 992/2/2 995/6/2
f 995/6/3 992/2/3 993/1/3 996/7/3
f 997/8/4 994/9/4 1010/10/4 1013/11/4
f 996/7/5 993/1/5 994/4/5 997/12/5
f 997/13/6 1013/14/6 995/15/6 996/16/6
f 1016/5/2 1013/3/2 995/2/2 998/6/2
f 998/6/3 995/2/3 996/1/3 980/7/3
f 999/8/4 997/9/4 1013/10/4 1016/11/4
f 980/7/5 996/1/5 997/4/5 999/12/5
f 999/13/6 1016/14/6 998/15/6 980/16/6
f 1000/5/2 1016/3/2 998/2/2 1018/6/2
f 1018/6/3 998/2/3 980/1/3 1001/7/3
f 982/8/4 999/9/4 1016/10/4 1000/11/4
f 1001/7/5 980/1/5 999/4/5 982/12/5
f 982/13/6 1000/14/6 1018/15/6 1001/16/6
f 1002/1/1 874/2/1 1003/3/1 1004/4/1
f 1020/5/2 1003/3/2 874/2/2 1005/6/2
f 1005/6/3 874/2/3 1002/1/3 1006/7/3
f 990/8/4 1004/9/4 1003/10/4 1020/11/4
f 1006/7/5 1002/1/5 1004/4/5 990/12/5
f 990/13/6 1020/14/6 1005/15/6 1006/16/6
f 1007/5/2 1020/3/2 1005/2/2 1008/6/2
f 1008/6/3 1005/2/3 1006/1/3 1009/7/3
f 1010/8/4 990/9/4 1020/10/4 1007/11/4
f 1009/7/5 1006/1/5 990/4/5 1010/12/5
f 1010/13/6 1007/14/6 1008/15/6 1009/16/6
f 1023/5/2 1007/3/2 1008/2/2 1011/6/2
f 1011/6/3 1008/2/3 1009/1/3 1012/7/3
f 1013/8/4 1010/9/4 1007/10/4 1023/11/4
f 1012/7/5 1009/1/5 1010/4/5 1013/12/5
f 1013/13/6 1023/14/6 1011/15/6 1012/16/6
f 1026/5/2 1023/3/2 1011/2/2 1014/6/2
f 1014/6/3 1011/2/3 1012/1/3 1015/7/3
f 1016/8/4 1013/9/4 1023/10/4 1026/11/4
f 1015/7/5 1012/1/5 1013/4/5 1016/12/5
f 1016/13/6 1026/14/6 1014/15/6 1015/16/6
f 1218/5/2 1026/3/2 1014/2/2 1017/6/2
f 1017/6/3 1014/2/3 1015/1/3 1018/7/3
f 1000/8/4 1016/9/4 1026/10/4 1218/11/4
f 1018/7/5 1015/1/5 1016/4/5 1000/12/5
f 1000/13/6 1218/14/6 1017/15/6 1018/16/6
f 1031/5/2 891/3/2 890/2/2 1019/6/2
f 1019/6/3 890/2/3 874/1/3 1005/7/3
f 1020/8/4 1003/9/4 891/10/4 1031/11/4
f 1020/13/6 1031/14/6 1019/15/6 1005/16/6
f 1021/5/2 1031/3/2 1019/2/2 1033/6/2
f 1033/6/3 1019/2/3 1005/1/3 1008/7/3
f 1007/8/4 1020/9/4 1031/10/4 1021/11/4
f 1007/13/6 1021/14/6 1033/15/6 1008/16/6
f 1022/5/2 1021/3/2 1033/2/2 1035/6/2
f 1035/6/3 1033/2/3 1008/1/3 1011/7/3
f 1023/8/4 1007/9/4 1021/10/4 1022/11/4
f 1023/13/6 1022/14/6 1035/15/6 1011/16/6
f 1025/20/3 1035/19/3 1011/21/3 1014/22/3
f 1026/13/6 1024/14/6 1025/15/6 1014/16/6
f 1027/5/2 1024/3/2 1025/2/2 1028/6/2
f 1028/6/3 1025/2/3 1014/1/3 1017/7/3
f 1218/8/4 1026/9/4 1024/10/4 1027/11/4
f 1218/13/6 1027/14/6 1028/15/6 1017/16/6
f 890/1/1 889/2/1 1029/3/1 891/4/1
f 1043/5/2 1029/3/2 889/2/2 1042/6/2
f 1042/6/3 889/2/3 890/1/3 1030/7/3
f 1031/8/4 891/9/4 1029/10/4 1043/11/4
f 1030/7/5 890/1/5 891/4/5 1031/12/5
f 1031/13/6 1043/14/6 1042/15/6 1030/16/6
f 1046/5/2 1043/3/2 1042/2/2 1032/6/2
f 1032/6/3 1042/2/3 1030/1/3 1033/7/3
f 1021/8/4 1031/9/4 1043/10/4 1046/11/4
f 1033/7/5 1030/1/5 1031/4/5 1021/12/5
f 1021/13/6 1046/14/6 1032/15/6 1033/16/6
f 1034/5/2 1046/3/2 1032/2/2 1048/6/2
f 1048/6/3 1032/2/3 1033/1/3 1035/7/3
f 1022/8/4 1021/9/4 1046/10/4 1034/11/4
f 1022/13/6 1034/14/6 1048/15/6 1035/16/6
f 1051/5/2 1034/3/2 1048/2/2 1036/6/2
f 1036/6/3 1048/2/3 1035/1/3 1025/7/3
f 1024/8/4 1022/9/4 1034/10/4 1051/11/4
f 1025/7/5 1035/1/5 1022/4/5 1024/12/5
f 1024/13/6 1051/14/6 1036/15/6 1025/16/6
f 1037/5/2 1051/3/2 1036/2/2 1053/6/2
f 1053/6/3 1036/2/3 1025/1/3 1038/7/3
f 1039/8/4 1024/9/4 1051/10/4 1037/11/4
f 1038/7/5 1025/1/5 1024/4/5 1039/12/5
f 1039/13/6 1037/14/6 1053/15/6 1038/16/6
f 1040/1/1 903/2/1 1076/3/1 1041/4/1
f 1080/5/2 1076/3/2 903/2/2 1079/6/2
f 1079/6/3 903/2/3 1040/1/3 1042/7/3
f 1043/8/4 1041/9/4 1076/10/4 1080/11/4
f 1042/7/5 1040/1/5 1041/4/5 1043/12/5
f 1043/13/6 1080/14/6 1079/15/6 1042/16/6
f 1044/5/2 1080/3/2 1079/2/2 1058/6/2
f 1058/6/3 1079/2/3 1042/1/3 1045/7/3
f 1046/8/4 1043/9/4 1080/10/4 1044/11/4
f 1045/7/5 1042/1/5 1043/4/5 1046/12/5
f 1046/13/6 1044/14/6 1058/15/6 1045/16/6
f 1047/5/2 1044/3/2 1058/2/2 1062/6/2
f 1062/6/3 1058/2/3 1045/1/3 1048/7/3
f 1034/8/4 1046/9/4 1044/10/4 1047/11/4
f 1048/7/5 1045/1/5 1046/4/5 1034/12/5
f 1034/13/6 1047/14/6 1062/15/6 1048/16/6
f 1049/5/2 1047/3/2 1062/2/2 1066/6/2
f 1066/6/3 1062/2/3 1048/1/3 1050/7/3
f 1051/8/4 1034/9/4 1047/10/4 1049/11/4
f 1050/7/5 1048/1/5 1034/4/5 1051/12/5
f 1051/13/6 1049/14/6 1066/15/6 1050/16/6
f 1052/5/2 1049/3/2 1066/2/2 1069/6/2
f 1069/6/3 1066/2/3 1050/1/3 1053/7/3
f 1054/8/4 1051/9/4 1049/10/4 1052/11/4
f 1053/7/5 1050/1/5 1051/4/5 1054/12/5
f 1054/13/6 1052/14/6 1069/15/6 1053/16/6
f 1079/7/5 903/1/5 1076/4/5 1055/12/5
f 1055/13/6 1077/14/6 1078/15/6 1079/16/6
f 1056/5/2 1077/3/2 1078/2/2 1057/6/2
f 1057/6/3 1078/2/3 1079/1/3 1058/7/3
f 1059/8/4 1055/9/4 1077/10/4 1056/11/4
f 1058/7/5 1079/1/5 1055/4/5 1059/12/5
f 1059/13/6 1056/14/6 1057/15/6 1058/16/6
f 1060/5/2 1056/3/2 1057/2/2 1061/6/2
f 1061/6/3 1057/2/3 1058/1/3 1062/7/3
f 1063/8/4 1059/9/4 1056/10/4 1060/11/4
f 1062/7/5 1058/1/5 1059/4/5 1063/12/5
f 1063/13/6 1060/14/6 1061/15/6 1062/16/6
f 1064/5/2 1060/3/2 1061/2/2 1065/6/2
f 1065/6/3 1061/2/3 1062/1/3 1066/7/3
f 1067/8/4 1063/9/4 1060/10/4 1064/11/4
f 1066/7/5 1062/1/5 1063/4/5 1067/12/5
f 1067/13/6 1064/14/6 1065/15/6 1066/16/6
f 1295/5/2 1064/3/2 1065/2/2 1068/6/2
f 1068/6/3 1065/2/3 1066/1/3 1069/7/3
f 1052/8/4 1067/9/4 1064/10/4 1295/11/4
f 1069/7/5 1066/1/5 1067/4/5 1052/12/5
f 1052/13/6 1295/14/6 1068/15/6 1069/16/6
f 1073/22/4 1071/20/4 1070/19/4 1072/21/4
f 1023/21/1 1022/22/1 1070/20/1 1071/19/1
f 1024/29/6 1026/22/6 1073/20/6 1072/19/6
f 1077/5/2 1075/3/2 1074/2/2 1078/6/2
f 1078/6/3 1074/2/3 903/1/3 1079/7/3
f 1080/8/4 1076/9/4 1075/10/4 1077/11/4
f 1099/5/2 1082/3/2 1081/2/2 1098/6/2
f 1098/6/3 1081/2/3 408/1/3 607/7/3
f 606/8/4 928/9/4 1082/10/4 1099/11/4
f 606/13/6 1099/14/6 1098/15/6 607/16/6
f 1083/5/2 1099/3/2 1098/2/2 1100/6/2
f 1100/6/3 1098/2/3 607/1/3 1084/7/3
f 1085/8/4 606/9/4 1099/10/4 1083/11/4
f 1084/7/5 607/1/5 606/4/5 1085/12/5
f 1085/13/6 1083/14/6 1100/15/6 1084/16/6
f 1086/5/2 1083/3/2 1100/2/2 1103/6/2
f 1103/6/3 1100/2/3 1084/1/3 1087/7/3
f 1088/8/4 1085/9/4 1083/10/4 1086/11/4
f 1087/7/5 1084/1/5 1085/4/5 1088/12/5
f 1088/13/6 1086/14/6 1103/15/6 1087/16/6
f 1089/5/2 1086/3/2 1103/2/2 1090/6/2
f 1090/6/3 1103/2/3 1087/1/3 1091/7/3
f 1092/8/4 1088/9/4 1086/10/4 1089/11/4
f 1091/7/5 1087/1/5 1088/4/5 1092/12/5
f 1092/13/6 1089/14/6 1090/15/6 1091/16/6
f 1093/5/2 1089/3/2 1090/2/2 1110/6/2
f 1110/6/3 1090/2/3 1091/1/3 1094/7/3
f 1095/8/4 1092/9/4 1089/10/4 1093/11/4
f 1094/7/5 1091/1/5 1092/4/5 1095/12/5
f 1095/13/6 1093/14/6 1110/15/6 1094/16/6
f 1097/5/2 947/3/2 1096/2/2 1112/6/2
f 1112/6/3 1096/2/3 1081/1/3 1098/7/3
f 1099/8/4 1082/9/4 947/10/4 1097/11/4
f 1099/13/6 1097/14/6 1112/15/6 1098/16/6
f 1115/5/2 1097/3/2 1112/2/2 1114/6/2
f 1114/6/3 1112/2/3 1098/1/3 1100/7/3
f 1083/8/4 1099/9/4 1097/10/4 1115/11/4
f 1083/13/6 1115/14/6 1114/15/6 1100/16/6
f 1101/5/2 1115/3/2 1114/2/2 1102/6/2
f 1102/6/3 1114/2/3 1100/1/3 1103/7/3
f 1104/8/4 1083/9/4 1115/10/4 1101/11/4
f 1103/7/5 1100/1/5 1083/4/5 1104/12/5
f 1104/13/6 1101/14/6 1102/15/6 1103/16/6
f 1105/5/2 1101/3/2 1102/2/2 1122/6/2
f 1122/6/3 1102/2/3 1103/1/3 1106/7/3
f 1107/8/4 1104/9/4 1101/10/4 1105/11/4
f 1106/7/5 1103/1/5 1104/4/5 1107/12/5
f 1107/13/6 1105/14/6 1122/15/6 1106/16/6
f 1108/5/2 1105/3/2 1122/2/2 1109/6/2
f 1109/6/3 1122/2/3 1106/1/3 1110/7/3
f 1111/8/4 1107/9/4 1105/10/4 1108/11/4
f 1110/7/5 1106/1/5 1107/4/5 1111/12/5
f 1111/13/6 1108/14/6 1109/15/6 1110/16/6
f 1131/5/2 946/3/2 963/2/2 1130/6/2
f 1130/6/3 963/2/3 1096/1/3 1112/7/3
f 1097/8/4 947/9/4 946/10/4 1131/11/4
f 1097/13/6 1131/14/6 1130/15/6 1112/16/6
f 1133/5/2 1131/3/2 1130/2/2 1113/6/2
f 1113/6/3 1130/2/3 1112/1/3 1114/7/3
f 1115/8/4 1097/9/4 1131/10/4 1133/11/4
f 1115/13/6 1133/14/6 1113/15/6 1114/16/6
f 1116/5/2 1133/3/2 1113/2/2 1117/6/2
f 1117/6/3 1113/2/3 1114/1/3 1118/7/3
f 1119/8/4 1115/9/4 1133/10/4 1116/11/4
f 1118/7/5 1114/1/5 1115/4/5 1119/12/5
f 1119/13/6 1116/14/6 1117/15/6 1118/16/6
f 859/19/5 919/21/5 921/23/5 862/24/5 873/25/5 872/26/5
f 1121/20/3 1117/19/3 1118/21/3 1122/22/3
f 804/17/2 841/18/2 839/19/2 812/3/2 801/2/2 814/6/2
f 1123/13/6 1120/14/6 1121/15/6 1122/16/6
f 1124/5/2 1120/3/2 1121/2/2 1142/6/2
f 1142/6/3 1121/2/3 1122/1/3 1125/7/3
f 1126/8/4 1123/9/4 1120/10/4 1124/11/4
f 1125/7/5 1122/1/5 1123/4/5 1126/12/5
f 1126/13/6 1124/14/6 1142/15/6 1125/16/6
f 1128/5/2 1127/3/2 962/2/2 1129/6/2
f 1129/6/3 962/2/3 963/1/3 1130/7/3
f 1131/8/4 946/9/4 1127/10/4 1128/11/4
f 1131/13/6 1128/14/6 1129/15/6 1130/16/6
f 1132/5/2 1128/3/2 1129/2/2 1148/6/2
f 1148/6/3 1129/2/3 1130/1/3 1113/7/3
f 1133/8/4 1131/9/4 1128/10/4 1132/11/4
f 1133/13/6 1132/14/6 1148/15/6 1113/16/6
f 1151/5/2 1132/3/2 1148/2/2 1134/6/2
f 1134/6/3 1148/2/3 1113/1/3 1135/7/3
f 1116/8/4 1133/9/4 1132/10/4 1151/11/4
f 1135/7/5 1113/1/5 1133/4/5 1116/12/5
f 1116/13/6 1151/14/6 1134/15/6 1135/16/6
f 1136/5/2 1151/3/2 1134/2/2 1137/6/2
f 1137/6/3 1134/2/3 1135/1/3 1138/7/3
f 1139/8/4 1116/9/4 1151/10/4 1136/11/4
f 1138/7/5 1135/1/5 1116/4/5 1139/12/5
f 1139/13/6 1136/14/6 1137/15/6 1138/16/6
f 1140/5/2 1136/3/2 1137/2/2 1141/6/2
f 1141/6/3 1137/2/3 1138/1/3 1142/7/3
f 1143/8/4 1139/9/4 1136/10/4 1140/11/4
f 1142/7/5 1138/1/5 1139/4/5 1143/12/5
f 1143/13/6 1140/14/6 1141/15/6 1142/16/6
f 962/1/1 1177/2/1 1144/3/1 1127/4/1
f 1145/5/2 1144/3/2 1177/2/2 1159/6/2
f 1159/6/3 1177/2/3 962/1/3 1129/7/3
f 1128/8/4 1127/9/4 1144/10/4 1145/11/4
f 1128/13/6 1145/14/6 1159/15/6 1129/16/6
f 1146/5/2 1145/3/2 1159/2/2 1147/6/2
f 1147/6/3 1159/2/3 1129/1/3 1148/7/3
f 1132/8/4 1128/9/4 1145/10/4 1146/11/4
f 1132/13/6 1146/14/6 1147/15/6 1148/16/6
f 1149/5/2 1146/3/2 1147/2/2 1150/6/2
f 1150/6/3 1147/2/3 1148/1/3 1134/7/3
f 1151/8/4 1132/9/4 1146/10/4 1149/11/4
f 1151/13/6 1149/14/6 1150/15/6 1134/16/6
f 1168/5/2 1149/3/2 1150/2/2 1152/6/2
f 1152/6/3 1150/2/3 1134/1/3 1153/7/3
f 1154/8/4 1151/9/4 1149/10/4 1168/11/4
f 1153/7/5 1134/1/5 1151/4/5 1154/12/5
f 1154/13/6 1168/14/6 1152/15/6 1153/16/6
f 1172/5/2 1168/3/2 1152/2/2 1155/6/2
f 1155/6/3 1152/2/3 1153/1/3 1156/7/3
f 1157/8/4 1154/9/4 1168/10/4 1172/11/4
f 1156/7/5 1153/1/5 1154/4/5 1157/12/5
f 1157/13/6 1172/14/6 1155/15/6 1156/16/6
f 1159/7/5 1177/1/5 976/4/5 1145/12/5
f 1145/13/6 1186/14/6 1158/15/6 1159/16/6
f 1189/5/2 1186/3/2 1158/2/2 1188/6/2
f 1188/6/3 1158/2/3 1159/1/3 1160/7/3
f 1161/8/4 1145/9/4 1186/10/4 1189/11/4
f 1160/7/5 1159/1/5 1145/4/5 1161/12/5
f 1161/13/6 1189/14/6 1188/15/6 1160/16/6
f 1162/5/2 1189/3/2 1188/2/2 1192/6/2
f 1192/6/3 1188/2/3 1160/1/3 1163/7/3
f 1164/8/4 1161/9/4 1189/10/4 1162/11/4
f 1163/7/5 1160/1/5 1161/4/5 1164/12/5
f 1164/13/6 1162/14/6 1192/15/6 1163/16/6
f 1165/5/2 1162/3/2 1192/2/2 1166/6/2
f 1166/6/3 1192/2/3 1163/1/3 1167/7/3
f 1168/8/4 1164/9/4 1162/10/4 1165/11/4
f 1167/7/5 1163/1/5 1164/4/5 1168/12/5
f 1168/13/6 1165/14/6 1166/15/6 1167/16/6
f 1169/5/2 1165/3/2 1166/2/2 1170/6/2
f 1170/6/3 1166/2/3 1167/1/3 1171/7/3
f 1172/8/4 1168/9/4 1165/10/4 1169/11/4
f 1171/7/5 1167/1/5 1168/4/5 1172/12/5
f 1172/13/6 1169/14/6 1170/15/6 1171/16/6
f 1176/22/4 1174/20/4 1173/19/4 1175/21/4
f 1119/18/1 1116/19/1 1173/21/1 1174/17/1
f 1120/21/6 1123/17/6 1176/18/6 1175/19/6
f 1177/1/1 1178/2/1 982/3/1 1179/4/1
f 1180/5/2 982/3/2 1178/2/2 1181/6/2
f 1181/6/3 1178/2/3 1177/1/3 1159/7/3
f 1145/8/4 1179/9/4 982/10/4 1180/11/4
f 1182/1/1 1183/2/1 1000/3/1 1184/4/1
f 1202/5/2 1000/3/2 1183/2/2 1185/6/2
f 1185/6/3 1183/2/3 1182/1/3 1158/7/3
f 1186/8/4 1184/9/4 1000/10/4 1202/11/4
f 1158/7/5 1182/1/5 1184/4/5 1186/12/5
f 1186/13/6 1202/14/6 1185/15/6 1158/16/6
f 1206/5/2 1202/3/2 1185/2/2 1187/6/2
f 1187/6/3 1185/2/3 1158/1/3 1188/7/3
f 1189/8/4 1186/9/4 1202/10/4 1206/11/4
f 1189/13/6 1206/14/6 1187/15/6 1188/16/6
f 1190/5/2 1206/3/2 1187/2/2 1191/6/2
f 1191/6/3 1187/2/3 1188/1/3 1192/7/3
f 1193/8/4 1189/9/4 1206/10/4 1190/11/4
f 1192/7/5 1188/1/5 1189/4/5 1193/12/5
f 1193/13/6 1190/14/6 1191/15/6 1192/16/6
f 1194/5/2 1190/3/2 1191/2/2 1195/6/2
f 1195/6/3 1191/2/3 1192/1/3 1196/7/3
f 1197/8/4 1193/9/4 1190/10/4 1194/11/4
f 1196/7/5 1192/1/5 1193/4/5 1197/12/5
f 1197/13/6 1194/14/6 1195/15/6 1196/16/6
f 1198/5/2 1194/3/2 1195/2/2 1199/6/2
f 1199/6/3 1195/2/3 1196/1/3 1170/7/3
f 1200/8/4 1197/9/4 1194/10/4 1198/11/4
f 1170/7/5 1196/1/5 1197/4/5 1200/12/5
f 1200/13/6 1198/14/6 1199/15/6 1170/16/6
f 1201/5/2 1218/3/2 1017/2/2 1221/6/2
f 1221/6/3 1017/2/3 1018/1/3 1185/7/3
f 1202/8/4 1000/9/4 1218/10/4 1201/11/4
f 1185/7/5 1018/1/5 1000/4/5 1202/12/5
f 1202/13/6 1201/14/6 1221/15/6 1185/16/6
f 1203/5/2 1201/3/2 1221/2/2 1204/6/2
f 1204/6/3 1221/2/3 1185/1/3 1205/7/3
f 1206/8/4 1202/9/4 1201/10/4 1203/11/4
f 1205/7/5 1185/1/5 1202/4/5 1206/12/5
f 1206/13/6 1203/14/6 1204/15/6 1205/16/6
f 1207/5/2 1203/3/2 1204/2/2 1208/6/2
f 1208/6/3 1204/2/3 1205/1/3 1209/7/3
f 1210/8/4 1206/9/4 1203/10/4 1207/11/4
f 1209/7/5 1205/1/5 1206/4/5 1210/12/5
f 1210/13/6 1207/14/6 1208/15/6 1209/16/6
f 1211/5/2 1207/3/2 1208/2/2 1212/6/2
f 1212/6/3 1208/2/3 1209/1/3 1213/7/3
f 1214/8/4 1210/9/4 1207/10/4 1211/11/4
f 1213/7/5 1209/1/5 1210/4/5 1214/12/5
f 1214/13/6 1211/14/6 1212/15/6 1213/16/6
f 1215/5/2 1211/3/2 1212/2/2 1233/6/2
f 1233/6/3 1212/2/3 1213/1/3 1216/7/3
f 1198/8/4 1214/9/4 1211/10/4 1215/11/4
f 1216/7/5 1213/1/5 1214/4/5 1198/12/5
f 1198/13/6 1215/14/6 1233/15/6 1216/16/6
f 1017/1/1 1028/2/1 1217/3/1 1218/4/1
f 1219/5/2 1217/3/2 1028/2/2 1220/6/2
f 1220/6/3 1028/2/3 1017/1/3 1221/7/3
f 1201/8/4 1218/9/4 1217/10/4 1219/11/4
f 1201/13/6 1219/14/6 1220/15/6 1221/16/6
f 1222/5/2 1219/3/2 1220/2/2 1223/6/2
f 1223/6/3 1220/2/3 1221/1/3 1204/7/3
f 1203/8/4 1201/9/4 1219/10/4 1222/11/4
f 1203/13/6 1222/14/6 1223/15/6 1204/16/6
f 1224/5/2 1222/3/2 1223/2/2 1225/6/2
f 1225/6/3 1223/2/3 1204/1/3 1226/7/3
f 1207/8/4 1203/9/4 1222/10/4 1224/11/4
f 1226/7/5 1204/1/5 1203/4/5 1207/12/5
f 1207/13/6 1224/14/6 1225/15/6 1226/16/6
f 1119/19/5 1174/21/5 1176/23/5 1123/24/5 1122/25/5 1118/26/5
f 1228/20/3 1225/19/3 1226/21/3 1229/22/3
f 1227/17/2 1292/18/2 1290/19/2 1224/3/2 1225/2/2 1228/6/2
f 1230/13/6 1227/14/6 1228/15/6 1229/16/6
f 1231/5/2 1227/3/2 1228/2/2 1232/6/2
f 1232/6/3 1228/2/3 1229/1/3 1233/7/3
f 1234/8/4 1230/9/4 1227/10/4 1231/11/4
f 1233/7/5 1229/1/5 1230/4/5 1234/12/5
f 1234/13/6 1231/14/6 1232/15/6 1233/16/6
f 1235/1/1 1053/2/1 1236/3/1 1237/4/1
f 1258/5/2 1236/3/2 1053/2/2 1238/6/2
f 1238/6/3 1053/2/3 1235/1/3 1220/7/3
f 1219/8/4 1237/9/4 1236/10/4 1258/11/4
f 1220/7/5 1235/1/5 1237/4/5 1219/12/5
f 1219/13/6 1258/14/6 1238/15/6 1220/16/6
f 1239/5/2 1258/3/2 1238/2/2 1240/6/2
f 1240/6/3 1238/2/3 1220/1/3 1241/7/3
f 1242/8/4 1219/9/4 1258/10/4 1239/11/4
f 1241/7/5 1220/1/5 1219/4/5 1242/12/5
f 1242/13/6 1239/14/6 1240/15/6 1241/16/6
f 1243/5/2 1239/3/2 1240/2/2 1244/6/2
f 1244/6/3 1240/2/3 1241/1/3 1245/7/3
f 1246/8/4 1242/9/4 1239/10/4 1243/11/4
f 1245/7/5 1241/1/5 1242/4/5 1246/12/5
f 1246/13/6 1243/14/6 1244/15/6 1245/16/6
f 1247/5/2 1243/3/2 1244/2/2 1248/6/2
f 1248/6/3 1244/2/3 1245/1/3 1249/7/3
f 1250/8/4 1246/9/4 1243/10/4 1247/11/4
f 1249/7/5 1245/1/5 1246/4/5 1250/12/5
f 1250/13/6 1247/14/6 1248/15/6 1249/16/6
f 1251/5/2 1247/3/2 1248/2/2 1252/6/2
f 1252/6/3 1248/2/3 1249/1/3 1253/7/3
f 1254/8/4 1250/9/4 1247/10/4 1251/11/4
f 1253/7/5 1249/1/5 1250/4/5 1254/12/5
f 1254/13/6 1251/14/6 1252/15/6 1253/16/6
f 1053/1/1 1069/2/1 1052/3/1 1236/4/1
f 1255/5/2 1052/3/2 1069/2/2 1256/6/2
f 1256/6/3 1069/2/3 1053/1/3 1257/7/3
f 1258/8/4 1236/9/4 1052/10/4 1255/11/4
f 1257/7/5 1053/1/5 1236/4/5 1258/12/5
f 1258/13/6 1255/14/6 1256/15/6 1257/16/6
f 1259/5/2 1255/3/2 1256/2/2 1260/6/2
f 1260/6/3 1256/2/3 1257/1/3 1261/7/3
f 1239/8/4 1258/9/4 1255/10/4 1259/11/4
f 1261/7/5 1257/1/5 1258/4/5 1239/12/5
f 1239/13/6 1259/14/6 1260/15/6 1261/16/6
f 1262/5/2 1259/3/2 1260/2/2 1263/6/2
f 1263/6/3 1260/2/3 1261/1/3 1264/7/3
f 1265/8/4 1239/9/4 1259/10/4 1262/11/4
f 1264/7/5 1261/1/5 1239/4/5 1265/12/5
f 1265/13/6 1262/14/6 1263/15/6 1264/16/6
f 1285/5/2 1262/3/2 1263/2/2 1266/6/2
f 1266/6/3 1263/2/3 1264/1/3 1267/7/3
f 1268/8/4 1265/9/4 1262/10/4 1285/11/4
f 1267/7/5 1264/1/5 1265/4/5 1268/12/5
f 1268/13/6 1285/14/6 1266/15/6 1267/16/6
f 1269/5/2 1285/3/2 1266/2/2 1270/6/2
f 1270/6/3 1266/2/3 1267/1/3 1271/7/3
f 1251/8/4 1268/9/4 1285/10/4 1269/11/4
f 1271/7/5 1267/1/5 1268/4/5 1251/12/5
f 1251/13/6 1269/14/6 1270/15/6 1271/16/6
f 1274/7/5 1069/1/5 1052/4/5 1275/12/5
f 1275/13/6 1272/14/6 1273/15/6 1274/16/6
f 1276/5/2 1272/3/2 1273/2/2 1277/6/2
f 1277/6/3 1273/2/3 1274/1/3 1260/7/3
f 1278/8/4 1275/9/4 1272/10/4 1276/11/4
f 1260/7/5 1274/1/5 1275/4/5 1278/12/5
f 1278/13/6 1276/14/6 1277/15/6 1260/16/6
f 1279/5/2 1276/3/2 1277/2/2 1280/6/2
f 1280/6/3 1277/2/3 1260/1/3 1263/7/3
f 1281/8/4 1278/9/4 1276/10/4 1279/11/4
f 1263/7/5 1260/1/5 1278/4/5 1281/12/5
f 1281/13/6 1279/14/6 1280/15/6 1263/16/6
f 1282/5/2 1279/3/2 1280/2/2 1283/6/2
f 1283/6/3 1280/2/3 1263/1/3 1284/7/3
f 1285/8/4 1281/9/4 1279/10/4 1282/11/4
f 1284/7/5 1263/1/5 1281/4/5 1285/12/5
f 1285/13/6 1282/14/6 1283/15/6 1284/16/6
f 1286/5/2 1282/3/2 1283/2/2 1287/6/2
f 1287/6/3 1283/2/3 1284/1/3 1288/7/3
f 1289/8/4 1285/9/4 1282/10/4 1286/11/4
f 1288/7/5 1284/1/5 1285/4/5 1289/12/5
f 1289/13/6 1286/14/6 1287/15/6 1288/16/6
f 1293/22/4 1291/20/4 1290/19/4 1292/21/4
f 1207/18/1 1224/19/1 1290/21/1 1291/17/1
f 1227/21/6 1230/17/6 1293/18/6 1292/19/6
f 1294/1/1 1068/2/1 1295/3/1 1052/4/1
f 1272/5/2 1295/3/2 1068/2/2 1273/6/2
f 1273/6/3 1068/2/3 1294/1/3 1274/7/3
f 1255/8/4 1052/9/4 1295/10/4 1272/11/4
f 1207/19/5 1291/21/5 1293/23/5 1230/24/5 1229/25/5 1226/26/5
o Cube
v 23.110716 4.045222 19.516493
v 23.110716 6.045222 19.516493
v 23.110716 4.045222 17.516493
v 23.110716 6.045222 17.516493
v 25.110716 4.045222 19.516493
v 25.110716 6.045222 19.516493
v 25.110716 4.045222 17.516493
v 25.110716 6.045222 17.516493
vn -1.0000 -0.0000 -0.0000
vn -0.0000 -0.0000 -1.0000
vn 1.0000 -0.0000 -0.0000
vn -0.0000 -0.0000 1.0000
vn -0.0000 -1.0000 -0.0000
vn -0.0000 1.0000 -0.0000
vt 0.333333 0.333333
vt 0.000000 0.333333
vt 0.000000 0.000000
vt 0.333333 0.000000
vt 0.333333 0.666667
vt 0.000000 0.666667
vt 0.000000 0.333333
vt 0.333333 0.333333
vt 0.666667 0.333333
vt 0.333333 0.333333
vt 0.333333 0.000000
vt 0.666667 0.000000
vt 0.666667 0.666667
vt 0.333333 0.666667
vt 0.333333 0.333333
vt 0.666667 0.333333
vt 0.333333 0.666667
vt 0.333333 1.000000
vt 0.000000 1.000000
vt 0.000000 0.666667
vt 0.679068 0.586056
vt 0.679068 0.919390
vt 0.345735 0.919390
vt 0.345735 0.586056
s 0
usemtl floor
f 1296/30/15 1297/31/15 1299/32/15 1298/33/15
f 1298/34/16 1299/35/16 1303/36/16 1302/37/16
f 1302/38/17 1303/39/17 1301/40/17 1300/41/17
f 1300/42/18 1301/43/18 1297/44/18 1296/45/18
f 1298/46/19 1302/47/19 1300/48/19 1296/49/19
f 1303/50/20 1299/51/20 1297/52/20 1301/53/20
