mtllib qbblock1.mtl
# vertices
v -1152 -144 -1760
v -1152 -144 1680
v -1152 -128 1680
v -1152 -128 -1760
v 2288 -128 1680
v 2288 -144 1680
v 2288 -144 -1760
v 2288 -128 -1760
v -736 0 -32
v -736 0 -288
v -736 -32 -288
v -736 -32 -32
v -704 -32 -288
v -704 0 -288
v -736 0 -32
v -640 0 -272
v -640 -32 -272
v -736 -32 -32
v -576 -32 -240
v -576 0 -240
v -496 -32 -128
v -736 -32 -32
v -736 0 -32
v -496 0 -128
v -480 -32 -64
v -480 0 -64
v -480 -32 -64
v -736 -32 -32
v -736 0 -32
v -480 0 -64
v -480 0 -32
v -480 -32 -32
v -528 -32 -192
v -736 -32 -32
v -736 0 -32
v -528 0 -192
v -496 -32 -128
v -496 0 -128
v -576 -32 -240
v -736 -32 -32
v -736 0 -32
v -576 0 -240
v -528 -32 -192
v -528 0 -192
v -736 0 -32
v -704 0 -288
v -704 -32 -288
v -736 -32 -32
v -640 -32 -272
v -640 0 -272
v 928 32 -320
v 928 32 -192
v 928 64 -192
v 928 64 -320
v 1024 64 -192
v 1024 32 -192
v 1024 32 -320
v 1024 64 -320
v 1280 32 -448
v 1280 32 64
v 1280 64 64
v 1280 64 -448
v 1536 64 64
v 1536 32 64
v 1536 32 -448
v 1536 64 -448
v 1024 32 -448
v 1024 32 64
v 1024 64 64
v 1024 64 -448
v 1280 64 64
v 1280 32 64
v 1280 32 -448
v 1280 64 -448
v 1536 32 -448
v 1536 32 64
v 1536 128 64
v 1536 128 -448
v 1792 128 64
v 1792 32 64
v 1792 32 -448
v 1792 128 -448
v 1152 32 64
v 1152 32 128
v 1152 64 128
v 1152 64 64
v 1280 64 128
v 1280 32 128
v 1280 32 64
v 1280 64 64
v 1216 32 -512
v 1216 32 -448
v 1216 64 -448
v 1216 64 -512
v 1344 64 -448
v 1344 32 -448
v 1344 32 -512
v 1344 64 -512
v 1600 96 64
v 1600 96 128
v 1600 128 128
v 1600 128 64
v 1728 128 128
v 1728 96 128
v 1728 96 64
v 1728 128 64
v 1600 96 -544
v 1600 96 -448
v 1600 128 -448
v 1600 128 -544
v 1728 128 -448
v 1728 96 -448
v 1728 96 -544
v 1728 128 -544
v 1792 32 -256
v 1792 32 -128
v 1792 192 -128
v 1792 192 -256
v 1920 192 -128
v 1920 32 -128
v 1920 32 -256
v 1920 192 -256
v 1152 32 128
v 1152 32 256
v 1152 64 256
v 1152 64 128
v 1280 64 256
v 1280 32 256
v 1280 32 128
v 1280 64 128
v 1600 96 128
v 1600 96 256
v 1600 128 256
v 1600 128 128
v 1728 128 256
v 1728 96 256
v 1728 96 128
v 1728 128 128
v 1600 96 -672
v 1600 96 -544
v 1600 128 -544
v 1600 128 -672
v 1728 128 -544
v 1728 96 -544
v 1728 96 -672
v 1728 128 -672
v 1920 32 -256
v 1920 32 -128
v 1920 256 -128
v 1920 256 -256
v 1952 256 -128
v 1952 32 -128
v 1952 32 -256
v 1952 256 -256
v 960 64 -320
v 960 64 -288
v 960 256 -288
v 960 256 -320
v 992 256 -288
v 992 64 -288
v 992 64 -320
v 992 256 -320
v 960 64 -288
v 960 64 -256
v 960 96 -256
v 960 96 -288
v 992 96 -256
v 992 64 -256
v 992 64 -288
v 992 96 -288
v 968 128 -288
v 968 128 -256
v 968 192 -256
v 968 192 -288
v 984 192 -256
v 984 128 -256
v 984 128 -288
v 984 192 -288
v 968 192 -288
v 968 192 -256
v 960 224 -256
v 960 224 -288
v 992 224 -256
v 984 192 -256
v 984 192 -288
v 992 224 -288
v 960 224 -288
v 960 224 -256
v 960 256 -256
v 960 256 -288
v 992 256 -256
v 992 224 -256
v 992 224 -288
v 992 256 -288
v 960 96 -288
v 960 96 -256
v 968 128 -256
v 968 128 -288
v 984 128 -256
v 992 96 -256
v 992 96 -288
v 984 128 -288
v 960 64 -256
v 960 64 -224
v 960 96 -224
v 960 96 -256
v 992 96 -224
v 992 64 -224
v 992 64 -256
v 992 96 -256
v 960 96 -256
v 960 96 -224
v 968 128 -224
v 968 128 -256
v 984 128 -224
v 992 96 -224
v 992 96 -256
v 984 128 -256
v 960 64 -224
v 960 64 -192
v 960 256 -192
v 960 256 -224
v 992 256 -192
v 992 64 -192
v 992 64 -224
v 992 256 -224
v 968 128 -256
v 968 128 -224
v 968 192 -224
v 968 192 -256
v 984 192 -224
v 984 128 -224
v 984 128 -256
v 984 192 -256
v 968 192 -256
v 968 192 -224
v 960 224 -224
v 960 224 -256
v 992 224 -224
v 984 192 -224
v 984 192 -256
v 992 224 -256
v 960 224 -256
v 960 224 -224
v 960 256 -224
v 960 256 -256
v 992 256 -224
v 992 224 -224
v 992 224 -256
v 992 256 -256
v 1408 64 -448
v 1408 64 -320
v 1408 80 -320
v 1408 80 -448
v 1440 80 -320
v 1440 64 -320
v 1440 64 -448
v 1440 80 -448
v 1440 64 -448
v 1440 64 -320
v 1440 96 -320
v 1440 96 -448
v 1472 96 -320
v 1472 64 -320
v 1472 64 -448
v 1472 96 -448
v 1472 64 -448
v 1472 64 -320
v 1472 112 -320
v 1472 112 -448
v 1504 112 -320
v 1504 64 -320
v 1504 64 -448
v 1504 112 -448
v 1504 64 -448
v 1504 64 -320
v 1504 128 -320
v 1504 128 -448
v 1536 128 -320
v 1536 64 -320
v 1536 64 -448
v 1536 128 -448
v 1472 64 -64
v 1472 64 64
v 1472 112 64
v 1472 112 -64
v 1504 112 64
v 1504 64 64
v 1504 64 -64
v 1504 112 -64
v 1440 64 -64
v 1440 64 64
v 1440 96 64
v 1440 96 -64
v 1472 96 64
v 1472 64 64
v 1472 64 -64
v 1472 96 -64
v 1504 64 -64
v 1504 64 64
v 1504 128 64
v 1504 128 -64
v 1536 128 64
v 1536 64 64
v 1536 64 -64
v 1536 128 -64
v 1408 64 -64
v 1408 64 64
v 1408 80 64
v 1408 80 -64
v 1440 80 64
v 1440 64 64
v 1440 64 -64
v 1440 80 -64
v 1664 128 -256
v 1664 128 -128
v 1664 144 -128
v 1664 144 -256
v 1696 144 -128
v 1696 128 -128
v 1696 128 -256
v 1696 144 -256
v 1696 128 -256
v 1696 128 -128
v 1696 160 -128
v 1696 160 -256
v 1728 160 -128
v 1728 128 -128
v 1728 128 -256
v 1728 160 -256
v 1728 128 -256
v 1728 128 -128
v 1728 176 -128
v 1728 176 -256
v 1760 176 -128
v 1760 128 -128
v 1760 128 -256
v 1760 176 -256
v 1760 128 -256
v 1760 128 -128
v 1760 192 -128
v 1760 192 -256
v 1792 192 -128
v 1792 128 -128
v 1792 128 -256
v 1792 192 -256
v 1216 64 96
v 1216 64 128
v 1216 96 128
v 1216 96 96
v 1248 96 128
v 1248 64 128
v 1248 64 96
v 1248 96 96
v 1216 128 104
v 1216 128 120
v 1216 160 128
v 1216 160 96
v 1248 160 128
v 1248 128 120
v 1248 128 104
v 1248 160 96
v 1216 160 96
v 1216 160 128
v 1216 192 128
v 1216 192 96
v 1248 192 128
v 1248 160 128
v 1248 160 96
v 1248 192 96
v 1248 64 96
v 1248 64 128
v 1248 192 128
v 1248 192 96
v 1280 192 128
v 1280 64 128
v 1280 64 96
v 1280 192 96
v 1216 96 96
v 1216 96 128
v 1216 128 120
v 1216 128 104
v 1248 128 120
v 1248 96 128
v 1248 96 96
v 1248 128 104
v 1184 128 104
v 1184 128 120
v 1184 160 128
v 1184 160 96
v 1216 160 128
v 1216 128 120
v 1216 128 104
v 1216 160 96
v 1184 64 96
v 1184 64 128
v 1184 96 128
v 1184 96 96
v 1216 96 128
v 1216 64 128
v 1216 64 96
v 1216 96 96
v 1184 160 96
v 1184 160 128
v 1184 192 128
v 1184 192 96
v 1216 192 128
v 1216 160 128
v 1216 160 96
v 1216 192 96
v 1152 64 96
v 1152 64 128
v 1152 192 128
v 1152 192 96
v 1184 192 128
v 1184 64 128
v 1184 64 96
v 1184 192 96
v 1184 96 96
v 1184 96 128
v 1184 128 120
v 1184 128 104
v 1216 128 120
v 1216 96 128
v 1216 96 96
v 1216 128 104
v 1600 128 96
v 1600 128 128
v 1600 256 128
v 1600 256 96
v 1632 256 128
v 1632 128 128
v 1632 128 96
v 1632 256 96
v 1632 192 104
v 1632 192 120
v 1632 224 128
v 1632 224 96
v 1664 224 128
v 1664 192 120
v 1664 192 104
v 1664 224 96
v 1632 128 96
v 1632 128 128
v 1632 160 128
v 1632 160 96
v 1664 160 128
v 1664 128 128
v 1664 128 96
v 1664 160 96
v 1632 224 96
v 1632 224 128
v 1632 256 128
v 1632 256 96
v 1664 256 128
v 1664 224 128
v 1664 224 96
v 1664 256 96
v 1632 160 96
v 1632 160 128
v 1632 192 120
v 1632 192 104
v 1664 192 120
v 1664 160 128
v 1664 160 96
v 1664 192 104
v 1664 224 96
v 1664 224 128
v 1664 256 128
v 1664 256 96
v 1696 256 128
v 1696 224 128
v 1696 224 96
v 1696 256 96
v 1664 128 96
v 1664 128 128
v 1664 160 128
v 1664 160 96
v 1696 160 128
v 1696 128 128
v 1696 128 96
v 1696 160 96
v 1664 192 104
v 1664 192 120
v 1664 224 128
v 1664 224 96
v 1696 224 128
v 1696 192 120
v 1696 192 104
v 1696 224 96
v 1696 128 96
v 1696 128 128
v 1696 256 128
v 1696 256 96
v 1728 256 128
v 1728 128 128
v 1728 128 96
v 1728 256 96
v 1664 160 96
v 1664 160 128
v 1664 192 120
v 1664 192 104
v 1696 192 120
v 1696 160 128
v 1696 160 96
v 1696 192 104
v 1600 128 -512
v 1600 128 -480
v 1600 256 -480
v 1600 256 -512
v 1632 256 -480
v 1632 128 -480
v 1632 128 -512
v 1632 256 -512
v 1632 192 -504
v 1632 192 -488
v 1632 224 -480
v 1632 224 -512
v 1664 224 -480
v 1664 192 -488
v 1664 192 -504
v 1664 224 -512
v 1632 128 -512
v 1632 128 -480
v 1632 160 -480
v 1632 160 -512
v 1664 160 -480
v 1664 128 -480
v 1664 128 -512
v 1664 160 -512
v 1632 224 -512
v 1632 224 -480
v 1632 256 -480
v 1632 256 -512
v 1664 256 -480
v 1664 224 -480
v 1664 224 -512
v 1664 256 -512
v 1632 160 -512
v 1632 160 -480
v 1632 192 -488
v 1632 192 -504
v 1664 192 -488
v 1664 160 -480
v 1664 160 -512
v 1664 192 -504
v 1664 224 -512
v 1664 224 -480
v 1664 256 -480
v 1664 256 -512
v 1696 256 -480
v 1696 224 -480
v 1696 224 -512
v 1696 256 -512
v 1664 128 -512
v 1664 128 -480
v 1664 160 -480
v 1664 160 -512
v 1696 160 -480
v 1696 128 -480
v 1696 128 -512
v 1696 160 -512
v 1664 192 -504
v 1664 192 -488
v 1664 224 -480
v 1664 224 -512
v 1696 224 -480
v 1696 192 -488
v 1696 192 -504
v 1696 224 -512
v 1696 128 -512
v 1696 128 -480
v 1696 256 -480
v 1696 256 -512
v 1728 256 -480
v 1728 128 -480
v 1728 128 -512
v 1728 256 -512
v 1664 160 -512
v 1664 160 -480
v 1664 192 -488
v 1664 192 -504
v 1696 192 -488
v 1696 160 -480
v 1696 160 -512
v 1696 192 -504
v 1872 192 -24
v 1792 192 -128
v 1792 32 -128
v 1872 32 -24
v 1896 32 -48
v 1896 192 -48
v 1792 32 -128
v 1792 32 -0
v 1792 192 -0
v 1792 192 -128
v 1808 192 -0
v 1808 32 -0
v 1792 32 -128
v 1808 32 -0
v 1808 192 -0
v 1792 192 -128
v 1840 32 -8
v 1840 192 -8
v 1792 32 -128
v 1840 32 -8
v 1840 192 -8
v 1792 192 -128
v 1872 32 -24
v 1872 192 -24
v 1896 192 -48
v 1792 192 -128
v 1792 32 -128
v 1896 32 -48
v 1912 32 -80
v 1912 192 -80
v 1912 192 -80
v 1792 192 -128
v 1792 32 -128
v 1912 32 -80
v 1920 32 -112
v 1920 192 -112
v 1920 192 -112
v 1792 192 -128
v 1792 32 -128
v 1920 32 -112
v 1920 32 -128
v 1920 192 -128
v 1872 32 -360
v 1792 32 -256
v 1792 192 -256
v 1872 192 -360
v 1896 32 -336
v 1896 192 -336
v 1792 192 -256
v 1792 192 -384
v 1792 32 -384
v 1792 32 -256
v 1808 32 -384
v 1808 192 -384
v 1792 192 -256
v 1808 192 -384
v 1808 32 -384
v 1792 32 -256
v 1840 32 -376
v 1840 192 -376
v 1792 192 -256
v 1840 192 -376
v 1840 32 -376
v 1792 32 -256
v 1872 32 -360
v 1872 192 -360
v 1896 32 -336
v 1792 32 -256
v 1792 192 -256
v 1896 192 -336
v 1912 32 -304
v 1912 192 -304
v 1912 32 -304
v 1792 32 -256
v 1792 192 -256
v 1912 192 -304
v 1920 32 -272
v 1920 192 -272
v 1920 32 -272
v 1792 32 -256
v 1792 192 -256
v 1920 192 -272
v 1920 192 -256
v 1920 32 -256
v 1912 208 -208
v 1912 208 -176
v 1912 240 -176
v 1912 240 -208
v 1920 240 -176
v 1920 208 -176
v 1920 208 -208
v 1920 240 -208
v 320 64 -960
v 320 64 -864
v 320 96 -864
v 320 96 -960
v 448 96 -864
v 448 64 -864
v 448 64 -960
v 448 96 -960
v 0 64 -1216
v 0 64 -960
v 0 160 -960
v 0 160 -1216
v 64 160 -960
v 64 64 -960
v 64 64 -1216
v 64 160 -1216
v 256 64 -1344
v 256 64 -1216
v 256 96 -1216
v 256 96 -1344
v 512 96 -1216
v 512 64 -1216
v 512 64 -1344
v 512 96 -1344
v 256 64 -1472
v 256 64 -1344
v 256 128 -1344
v 256 128 -1472
v 512 128 -1344
v 512 64 -1344
v 512 64 -1472
v 512 128 -1472
v 64 64 -1216
v 64 64 -960
v 64 96 -960
v 64 96 -1216
v 320 96 -960
v 320 64 -960
v 320 64 -1216
v 320 96 -1216
v 320 64 -1216
v 320 64 -960
v 320 96 -960
v 320 96 -1216
v 448 96 -960
v 448 64 -960
v 448 64 -1216
v 448 96 -1216
v 448 64 -1216
v 448 64 -960
v 448 96 -960
v 448 96 -1216
v 640 96 -960
v 640 64 -960
v 640 64 -1216
v 640 96 -1216
v 320 96 -928
v 320 96 -896
v 320 288 -896
v 320 288 -928
v 352 288 -896
v 352 96 -896
v 352 96 -928
v 352 288 -928
v 352 96 -928
v 352 96 -896
v 352 128 -896
v 352 128 -928
v 384 128 -896
v 384 96 -896
v 384 96 -928
v 384 128 -928
v 352 160 -920
v 352 160 -904
v 352 224 -904
v 352 224 -920
v 384 224 -904
v 384 160 -904
v 384 160 -920
v 384 224 -920
v 352 224 -920
v 352 224 -904
v 352 256 -896
v 352 256 -928
v 384 256 -896
v 384 224 -904
v 384 224 -920
v 384 256 -928
v 352 256 -928
v 352 256 -896
v 352 288 -896
v 352 288 -928
v 384 288 -896
v 384 256 -896
v 384 256 -928
v 384 288 -928
v 352 128 -928
v 352 128 -896
v 352 160 -904
v 352 160 -920
v 384 160 -904
v 384 128 -896
v 384 128 -928
v 384 160 -920
v 384 96 -928
v 384 96 -896
v 384 128 -896
v 384 128 -928
v 416 128 -896
v 416 96 -896
v 416 96 -928
v 416 128 -928
v 384 128 -928
v 384 128 -896
v 384 160 -904
v 384 160 -920
v 416 160 -904
v 416 128 -896
v 416 128 -928
v 416 160 -920
v 416 96 -928
v 416 96 -896
v 416 288 -896
v 416 288 -928
v 448 288 -896
v 448 96 -896
v 448 96 -928
v 448 288 -928
v 384 160 -920
v 384 160 -904
v 384 224 -904
v 384 224 -920
v 416 224 -904
v 416 160 -904
v 416 160 -920
v 416 224 -920
v 384 224 -920
v 384 224 -904
v 384 256 -896
v 384 256 -928
v 416 256 -896
v 416 224 -904
v 416 224 -920
v 416 256 -928
v 384 256 -928
v 384 256 -896
v 384 288 -896
v 384 288 -928
v 416 288 -896
v 416 256 -896
v 416 256 -928
v 416 288 -928
v 160 96 -1024
v 160 96 -960
v 160 112 -960
v 160 112 -1024
v 192 112 -960
v 192 96 -960
v 192 96 -1024
v 192 112 -1024
v 128 96 -1024
v 128 96 -960
v 128 128 -960
v 128 128 -1024
v 160 128 -960
v 160 96 -960
v 160 96 -1024
v 160 128 -1024
v 96 96 -1024
v 96 96 -960
v 96 144 -960
v 96 144 -1024
v 128 144 -960
v 128 96 -960
v 128 96 -1024
v 128 144 -1024
v 64 96 -1024
v 64 96 -960
v 64 160 -960
v 64 160 -1024
v 96 160 -960
v 96 96 -960
v 96 96 -1024
v 96 160 -1024
v 96 96 -1216
v 96 96 -1152
v 96 144 -1152
v 96 144 -1216
v 128 144 -1152
v 128 96 -1152
v 128 96 -1216
v 128 144 -1216
v 128 96 -1216
v 128 96 -1152
v 128 128 -1152
v 128 128 -1216
v 160 128 -1152
v 160 96 -1152
v 160 96 -1216
v 160 128 -1216
v 64 96 -1216
v 64 96 -1152
v 64 160 -1152
v 64 160 -1216
v 96 160 -1152
v 96 96 -1152
v 96 96 -1216
v 96 160 -1216
v 160 96 -1216
v 160 96 -1152
v 160 112 -1152
v 160 112 -1216
v 192 112 -1152
v 192 96 -1152
v 192 96 -1216
v 192 112 -1216
v 0 64 -1088
v -16 64 -960
v -16 160 -960
v 0 160 -1088
v 0 160 -960
v 0 64 -960
v 0 64 -1088
v -48 64 -968
v -48 160 -968
v 0 160 -1088
v -16 160 -960
v -16 64 -960
v -120 160 -1040
v -128 160 -1072
v -128 64 -1072
v -120 64 -1040
v 0 64 -1088
v 0 160 -1088
v 0 64 -1088
v -80 64 -984
v -80 160 -984
v 0 160 -1088
v -48 160 -968
v -48 64 -968
v -80 160 -984
v -104 160 -1008
v -104 64 -1008
v -80 64 -984
v 0 64 -1088
v 0 160 -1088
v -104 160 -1008
v -120 160 -1040
v -120 64 -1040
v -104 64 -1008
v 0 64 -1088
v 0 160 -1088
v -128 160 -1072
v -128 160 -1088
v -128 64 -1088
v -128 64 -1072
v 0 64 -1088
v 0 160 -1088
v -80 64 -1192
v -104 64 -1168
v -104 160 -1168
v -80 160 -1192
v 0 160 -1088
v 0 64 -1088
v 0 160 -1088
v -16 160 -1216
v -16 64 -1216
v 0 64 -1088
v 0 64 -1216
v 0 160 -1216
v 0 160 -1088
v -48 160 -1208
v -48 64 -1208
v 0 64 -1088
v -16 64 -1216
v -16 160 -1216
v 0 160 -1088
v -80 160 -1192
v -80 64 -1192
v 0 64 -1088
v -48 64 -1208
v -48 160 -1208
v -104 64 -1168
v -120 64 -1136
v -120 160 -1136
v -104 160 -1168
v 0 160 -1088
v 0 64 -1088
v -120 64 -1136
v -128 64 -1104
v -128 160 -1104
v -120 160 -1136
v 0 160 -1088
v 0 64 -1088
v -128 64 -1104
v -128 64 -1088
v -128 160 -1088
v -128 160 -1104
v 0 160 -1088
v 0 64 -1088
v 256 96 -1344
v 256 96 -1312
v 256 128 -1312
v 256 128 -1344
v 512 128 -1312
v 512 96 -1312
v 512 96 -1344
v 512 128 -1344
v 256 96 -1312
v 256 96 -1280
v 256 112 -1280
v 256 112 -1312
v 512 112 -1280
v 512 96 -1280
v 512 96 -1312
v 512 112 -1312
v 488 64 -1552
v 384 64 -1472
v 384 128 -1472
v 488 128 -1552
v 504 64 -1520
v 504 128 -1520
v 504 64 -1520
v 384 64 -1472
v 384 128 -1472
v 504 128 -1520
v 512 64 -1488
v 512 128 -1488
v 512 64 -1488
v 384 64 -1472
v 384 128 -1472
v 512 128 -1488
v 512 128 -1472
v 512 64 -1472
v 464 64 -1576
v 384 64 -1472
v 384 128 -1472
v 464 128 -1576
v 488 64 -1552
v 488 128 -1552
v 384 128 -1472
v 432 128 -1592
v 432 64 -1592
v 384 64 -1472
v 464 64 -1576
v 464 128 -1576
v 384 128 -1472
v 400 128 -1600
v 400 64 -1600
v 384 64 -1472
v 432 64 -1592
v 432 128 -1592
v 384 128 -1472
v 384 128 -1600
v 384 64 -1600
v 384 64 -1472
v 400 64 -1600
v 400 128 -1600
v 304 64 -1576
v 280 64 -1552
v 280 128 -1552
v 304 128 -1576
v 384 128 -1472
v 384 64 -1472
v 256 64 -1488
v 256 64 -1472
v 256 128 -1472
v 256 128 -1488
v 384 128 -1472
v 384 64 -1472
v 264 64 -1520
v 256 64 -1488
v 256 128 -1488
v 264 128 -1520
v 384 128 -1472
v 384 64 -1472
v 280 64 -1552
v 264 64 -1520
v 264 128 -1520
v 280 128 -1552
v 384 128 -1472
v 384 64 -1472
v 384 128 -1472
v 304 128 -1576
v 304 64 -1576
v 384 64 -1472
v 336 64 -1592
v 336 128 -1592
v 384 128 -1472
v 336 128 -1592
v 336 64 -1592
v 384 64 -1472
v 368 64 -1600
v 368 128 -1600
v 384 128 -1472
v 368 128 -1600
v 368 64 -1600
v 384 64 -1472
v 384 64 -1600
v 384 128 -1600
v 640 64 -1216
v 640 64 -960
v 640 112 -960
v 640 112 -1216
v 704 112 -960
v 704 64 -960
v 736 64 -1216
v 736 112 -1216
v 736 64 -1216
v 704 64 -960
v 704 96 -960
v 736 96 -1216
v 832 96 -928
v 832 64 -928
v 928 64 -1168
v 928 96 -1168
v 928 64 -1168
v 832 64 -928
v 832 96 -928
v 928 96 -1168
v 960 96 -864
v 960 64 -864
v 1120 64 -1072
v 1120 96 -1072
v 1120 64 -1072
v 960 64 -864
v 960 96 -864
v 1120 96 -1072
v 1056 96 -768
v 1056 64 -768
v 1264 64 -928
v 1264 96 -928
v 1120 96 -640
v 1056 96 -768
v 1056 64 -768
v 1120 64 -640
v 1264 64 -928
v 1264 96 -928
v 1360 64 -736
v 1360 96 -736
v 1152 96 -512
v 1120 96 -640
v 1120 64 -640
v 1152 64 -512
v 1359.9931113658859 64 -735.9972445463536
v 1359.9931113658808 96 -735.9972445463533
v 1407.9926521236084 64 -544
v 1407.9926521236066 96 -544
v 1344 96 -536
v 1344 64 -536
v 1344 64 -448
v 1344 96 -448
v 1408 64 -544
v 1408 96 -544
v 1408 96 -448
v 1408 64 -448
v 1152 96 -512
v 1152 64 -512
v 1152 64 -448
v 1152 96 -448
v 1216 64 -520
v 1216 96 -520
v 1216 96 -448
v 1216 64 -448
v 1216 96 -520
v 1216 64 -520
v 1216 64 -512
v 1216 96 -512
v 1344 64 -536
v 1344 96 -536
v 1344 96 -512
v 1344 64 -512
v 1152 192 -512
v 1120 192 -640
v 1120 96 -640
v 1152 96 -512
v 1359.9931113658859 96 -735.9972445463536
v 1359.9931113658808 192 -735.9972445463533
v 1407.9926521236084 96 -544
v 1407.9926521236066 192 -544
v 1120 176 -640
v 1056 176 -768
v 1056 96 -768
v 1120 96 -640
v 1264 96 -928
v 1264 176 -928
v 1360 96 -736
v 1360 176 -736
v 1120 96 -1072
v 960 96 -864
v 960 160 -864
v 1120 160 -1072
v 1056 160 -768
v 1056 96 -768
v 1264 96 -928
v 1264 160 -928
v 928 96 -1168
v 832 96 -928
v 832 144 -928
v 928 144 -1168
v 960 144 -864
v 960 96 -864
v 1120 96 -1072
v 1120 144 -1072
v 736 96 -1216
v 704 96 -960
v 704 128 -960
v 736 128 -1216
v 832 128 -928
v 832 96 -928
v 928 96 -1168
v 928 128 -1168
v 1344 208 -536
v 1344 96 -536
v 1344 96 -448
v 1344 208 -448
v 1408 96 -544
v 1408 208 -544
v 1408 208 -448
v 1408 96 -448
v 1152 208 -512
v 1152 96 -512
v 1152 96 -448
v 1152 208 -448
v 1216 96 -520
v 1216 208 -520
v 1216 208 -448
v 1216 96 -448
v 1216 208 -520
v 1216 96 -520
v 1216 96 -512
v 1216 208 -512
v 1344 96 -536
v 1344 208 -536
v 1344 208 -512
v 1344 96 -512
v 1216 192 -512
v 1216 192 -448
v 1216 208 -448
v 1216 208 -512
v 1344 208 -448
v 1344 192 -448
v 1344 192 -512
v 1344 208 -512
v -320 384 128
v -320 384 256
v -320 400 256
v -320 400 128
v -128 400 256
v -128 384 256
v -128 384 128
v -128 400 128
v -320 192 64
v -320 192 256
v -320 256 256
v -320 256 64
v -128 256 256
v -128 192 256
v -128 192 64
v -128 256 64
v -320 0 -0
v -320 0 128
v -320 192 128
v -320 192 -0
v -288 192 128
v -288 0 128
v -288 0 -0
v -288 192 -0
v -320 0 -128
v -320 0 -32
v -320 192 -32
v -320 192 -128
v -128 192 -32
v -128 0 -32
v -128 0 -128
v -128 192 -128
v -320 0 160
v -320 0 256
v -320 192 256
v -320 192 160
v -128 192 256
v -128 0 256
v -128 0 160
v -128 192 160
v -320 -32 -32
v -320 -32 160
v -320 0 160
v -320 0 -32
v -128 0 160
v -128 -32 160
v -128 -32 -32
v -128 0 -32
v -320 0 -32
v -320 0 -0
v -320 192 -0
v -320 192 -32
v -288 192 -0
v -288 0 -0
v -288 0 -32
v -288 192 -32
v -320 0 128
v -320 0 160
v -320 192 160
v -320 192 128
v -288 192 160
v -288 0 160
v -288 0 128
v -288 192 128
v -128 128 256
v -128 128 448
v -128 192 448
v -128 192 256
v 128 192 448
v 128 128 448
v 128 128 256
v 128 192 256
v -128 -32 256
v -128 -32 448
v -128 128 448
v -128 128 256
v 0 128 448
v 0 -32 448
v 0 -32 256
v 0 128 256
v 128 -32 256
v 128 -32 448
v 128 128 448
v 128 128 256
v 256 128 448
v 256 -32 448
v 256 -32 256
v 256 128 256
v 128 -32 448
v 128 -32 576
v 128 32 576
v 128 32 448
v 160 32 576
v 160 -32 576
v 160 -32 448
v 160 32 448
v -32 -32 576
v -32 -32 608
v -32 32 608
v -32 32 576
v 160 32 608
v 160 -32 608
v 160 -32 576
v 160 32 576
v 0 -48 448
v 0 -48 576
v 0 -16 576
v 0 -16 448
v 128 -16 576
v 128 -48 576
v 128 -48 448
v 128 -16 448
v -32 -32 448
v -32 -32 576
v -32 32 576
v -32 32 448
v 0 32 576
v 0 -32 576
v 0 -32 448
v 0 32 448
v 0 -32 -0
v 0 -32 128
v 0 0 128
v 0 0 -0
v 128 0 128
v 128 -32 128
v 128 -32 -0
v 128 0 -0
v -128 -32 128
v -128 -32 256
v -128 0 256
v -128 0 128
v 0 0 256
v 0 -32 256
v 0 -32 128
v 0 0 128
v -128 -32 -0
v -128 -32 128
v -128 0 128
v -128 0 -0
v 0 0 128
v 0 -32 128
v 0 -32 -0
v 0 0 -0
v -128 -32 -128
v -128 -32 -0
v -128 0 -0
v -128 0 -128
v 0 0 -0
v 0 -32 -0
v 0 -32 -128
v 0 0 -128
v 0 -32 -128
v 0 -32 -0
v 0 0 -0
v 0 0 -128
v 128 0 -0
v 128 -32 -0
v 128 -32 -128
v 128 0 -128
v 128 -32 -128
v 128 -32 -0
v 128 0 -0
v 128 0 -128
v 256 0 -0
v 256 -32 -0
v 256 -32 -128
v 256 0 -128
v 128 -32 -0
v 128 -32 128
v 128 0 128
v 128 0 -0
v 256 0 128
v 256 -32 128
v 256 -32 -0
v 256 0 -0
v 128 -32 128
v 128 -32 256
v 128 0 256
v 128 0 128
v 256 0 256
v 256 -32 256
v 256 -32 128
v 256 0 128
v 0 -32 128
v 0 -32 256
v 0 0 256
v 0 0 128
v 128 0 256
v 128 -32 256
v 128 -32 128
v 128 0 128
v 0 -32 256
v 0 -32 448
v 0 0 448
v 0 0 256
v 128 0 448
v 128 -32 448
v 128 -32 256
v 128 0 256
v 256 112 -96
v 256 112 32
v 256 128 32
v 256 128 -96
v 448 128 32
v 448 112 32
v 448 112 -96
v 448 128 -96
v 256 -32 -128
v 256 -32 -96
v 256 128 -96
v 256 128 -128
v 448 128 -96
v 448 -32 -96
v 448 -32 -128
v 448 128 -128
v 256 -32 32
v 256 -32 256
v 256 128 256
v 256 128 32
v 448 128 256
v 448 -32 256
v 448 -32 32
v 448 128 32
v -128 -32 -320
v -128 -32 -128
v -128 64 -128
v -128 64 -320
v 256 64 -128
v 256 -32 -128
v 256 -32 -320
v 256 64 -320
v 256 -32 -96
v 256 -32 32
v 256 0 32
v 256 0 -96
v 448 0 32
v 448 -32 32
v 448 -32 -96
v 448 0 -96
v -68 352 40
v -76 352 24
v -76 192 24
v -68 192 40
v 28 192 -56
v 28 352 -56
v 52 192 -8
v 52 352 -8
v -76 192 24
v -128 192 64
v -128 256 64
v -76 256 24
v -68 192 40
v -68 256 40
v -128 256 64
v -120 256 -0
v -120 192 -0
v -128 192 64
v -104 192 4
v -104 256 4
v -128 256 64
v -128 256 -0
v -128 192 -0
v -128 192 64
v -120 192 -0
v -120 256 -0
v -128 256 64
v -104 256 4
v -104 192 4
v -128 192 64
v -88 192 12
v -88 256 12
v -88 192 12
v -128 192 64
v -128 256 64
v -88 256 12
v -76 192 24
v -76 256 24
v -64 192 56
v -128 192 64
v -128 256 64
v -64 256 56
v -64 256 64
v -64 192 64
v -68 192 40
v -128 192 64
v -128 256 64
v -68 256 40
v -64 192 56
v -64 256 56
v -64 352 56
v -68 352 40
v -68 192 40
v -64 192 56
v 52 192 -8
v 52 352 -8
v 64 192 40
v 64 352 40
v -8 192 -92
v -88 192 12
v -88 336 12
v -8 336 -92
v -76 336 24
v -76 192 24
v 28 192 -56
v 28 336 -56
v -56 192 -116
v -104 192 4
v -104 336 4
v -56 336 -116
v -88 336 12
v -88 192 12
v -8 192 -92
v -8 336 -92
v -104 192 -128
v -120 192 -0
v -120 320 -0
v -104 320 -128
v -104 320 4
v -104 192 4
v -56 192 -116
v -56 320 -116
v -152 192 -128
v -136 192 -0
v -136 320 -0
v -152 320 -128
v -120 320 -0
v -120 192 -0
v -104 192 -128
v -104 320 -128
v -152 304 4
v -200 304 -116
v -200 192 -116
v -152 192 4
v -152 192 -128
v -152 304 -128
v -136 192 -0
v -136 304 -0
v -168 304 12
v -248 304 -92
v -248 192 -92
v -168 192 12
v -200 192 -116
v -200 304 -116
v -152 192 4
v -152 304 4
v -308 192 -8
v -320 192 40
v -320 272 40
v -308 272 -8
v -192 272 56
v -192 192 56
v -188 192 40
v -188 272 40
v -180 192 24
v -188 192 40
v -188 256 40
v -180 256 24
v -128 256 64
v -128 192 64
v -128 256 64
v -152 256 4
v -152 192 4
v -128 192 64
v -136 192 -0
v -136 256 -0
v -128 256 64
v -136 256 -0
v -136 192 -0
v -128 192 64
v -128 192 -0
v -128 256 -0
v -128 256 64
v -168 256 12
v -168 192 12
v -128 192 64
v -152 192 4
v -152 256 4
v -168 192 12
v -180 192 24
v -180 256 24
v -168 256 12
v -128 256 64
v -128 192 64
v -192 192 56
v -192 192 64
v -192 256 64
v -192 256 56
v -128 256 64
v -128 192 64
v -188 192 40
v -192 192 56
v -192 256 56
v -188 256 40
v -128 256 64
v -128 192 64
v -320 192 40
v -320 192 64
v -320 272 64
v -320 272 40
v -192 272 64
v -192 192 64
v -192 192 56
v -192 272 56
v -284 192 -56
v -308 192 -8
v -308 288 -8
v -284 288 -56
v -188 288 40
v -188 192 40
v -180 192 24
v -180 288 24
v -248 192 -92
v -284 192 -56
v -284 288 -56
v -248 288 -92
v -180 288 24
v -180 192 24
v -168 192 12
v -168 288 12
v -64 368 56
v -64 192 56
v -64 192 72
v -64 368 72
v 64 368 88
v 64 192 88
v 64 192 40
v 64 368 40
v -68 192 88
v -76 192 104
v -76 384 104
v -68 384 88
v 28 384 184
v 28 192 184
v 52 192 136
v 52 384 136
v -76 256 104
v -128 256 64
v -128 192 64
v -76 192 104
v -68 192 88
v -68 256 88
v -128 192 64
v -120 192 128
v -120 256 128
v -128 256 64
v -104 192 124
v -104 256 124
v -128 192 64
v -128 192 128
v -128 256 128
v -128 256 64
v -120 256 128
v -120 192 128
v -128 192 64
v -104 192 124
v -104 256 124
v -128 256 64
v -88 192 116
v -88 256 116
v -88 256 116
v -128 256 64
v -128 192 64
v -88 192 116
v -76 192 104
v -76 256 104
v -64 256 72
v -128 256 64
v -128 192 64
v -64 192 72
v -64 192 64
v -64 256 64
v -68 256 88
v -128 256 64
v -128 192 64
v -68 192 88
v -64 192 72
v -64 256 72
v -64 192 72
v -68 192 88
v -68 368 88
v -64 368 72
v 52 368 136
v 52 192 136
v 64 192 88
v 64 368 88
v -8 384 220
v -88 384 116
v -88 192 116
v -8 192 220
v -76 192 104
v -76 384 104
v 28 192 184
v 28 384 184
v -56 400 244
v -104 400 124
v -104 192 124
v -56 192 244
v -88 192 116
v -88 400 116
v -8 192 220
v -8 400 220
v -104 400 256
v -120 400 128
v -120 192 128
v -104 192 256
v -104 192 124
v -104 400 124
v -56 192 244
v -56 400 244
v -128 192 128
v -128 192 256
v -128 400 256
v -128 400 128
v -104 400 256
v -104 192 256
v -120 192 128
v -120 400 128
v -308 256 328
v -320 256 280
v -320 -32 280
v -308 -32 328
v -128 -32 256
v -128 256 256
v -128 -32 256
v -152 -32 448
v -152 256 448
v -128 256 256
v -128 256 448
v -128 -32 448
v -128 -32 256
v -248 -32 412
v -248 256 412
v -128 256 256
v -200 256 436
v -200 -32 436
v -320 256 280
v -320 256 256
v -320 -32 256
v -320 -32 280
v -128 -32 256
v -128 256 256
v -284 256 376
v -308 256 328
v -308 -32 328
v -284 -32 376
v -128 -32 256
v -128 256 256
v -248 256 412
v -284 256 376
v -284 -32 376
v -248 -32 412
v -128 -32 256
v -128 256 256
v -128 -32 256
v -200 -32 436
v -200 256 436
v -128 256 256
v -152 256 448
v -152 -32 448
v -64 192 256
v -64 192 448
v -64 224 448
v -64 224 256
v -32 224 448
v -32 192 448
v -32 192 256
v -32 224 256
v -32 192 256
v -32 192 448
v -32 208 448
v -32 208 256
v 0 208 448
v 0 192 448
v 0 192 256
v 0 208 256
v -96 192 256
v -96 192 448
v -96 240 448
v -96 240 256
v -64 240 448
v -64 192 448
v -64 192 256
v -64 240 256
v -128 192 256
v -128 192 448
v -128 256 448
v -128 256 256
v -96 256 448
v -96 192 448
v -96 192 256
v -96 256 256
v 160 128 256
v 160 128 448
v 160 176 448
v 160 176 256
v 192 176 448
v 192 128 448
v 192 128 256
v 192 176 256
v 224 128 256
v 224 128 448
v 224 144 448
v 224 144 256
v 256 144 448
v 256 128 448
v 256 128 256
v 256 144 256
v 192 128 256
v 192 128 448
v 192 160 448
v 192 160 256
v 224 160 448
v 224 128 448
v 224 128 256
v 224 160 256
v 128 128 256
v 128 128 448
v 128 192 448
v 128 192 256
v 160 192 448
v 160 128 448
v 160 128 256
v 160 192 256
v 256 -32 256
v 280 -32 448
v 280 128 448
v 256 128 256
v 328 -32 436
v 328 128 436
v 256 -32 256
v 256 -32 448
v 256 128 448
v 256 128 256
v 280 128 448
v 280 -32 448
v 256 -32 256
v 328 -32 436
v 328 128 436
v 256 128 256
v 376 -32 412
v 376 128 412
v 436 128 328
v 256 128 256
v 256 -32 256
v 436 -32 328
v 448 -32 280
v 448 128 280
v 448 128 280
v 256 128 256
v 256 -32 256
v 448 -32 280
v 448 -32 256
v 448 128 256
v 412 128 376
v 256 128 256
v 256 -32 256
v 412 -32 376
v 436 -32 328
v 436 128 328
v 376 128 412
v 256 128 256
v 256 -32 256
v 376 -32 412
v 412 -32 376
v 412 128 376
v 0 176 448
v 0 176 576
v 0 192 576
v 0 192 448
v 128 192 576
v 128 176 576
v 128 176 448
v 128 192 448
v 48 -16 496
v 48 -16 528
v 48 176 528
v 48 176 496
v 80 176 528
v 80 -16 528
v 80 -16 496
v 80 176 496
v 64 0 272
v 64 0 304
v 64 32 304
v 64 32 272
v 96 32 304
v 96 0 304
v 96 0 272
v 96 32 272
v 64 64 280
v 64 64 296
v 64 96 304
v 64 96 272
v 96 96 304
v 96 64 296
v 96 64 280
v 96 96 272
v 64 96 272
v 64 96 304
v 64 128 304
v 64 128 272
v 96 128 304
v 96 96 304
v 96 96 272
v 96 128 272
v 96 0 272
v 96 0 304
v 96 128 304
v 96 128 272
v 128 128 304
v 128 0 304
v 128 0 272
v 128 128 272
v 64 32 272
v 64 32 304
v 64 64 296
v 64 64 280
v 96 64 296
v 96 32 304
v 96 32 272
v 96 64 280
v 32 0 272
v 32 0 304
v 32 32 304
v 32 32 272
v 64 32 304
v 64 0 304
v 64 0 272
v 64 32 272
v 32 64 280
v 32 64 296
v 32 96 304
v 32 96 272
v 64 96 304
v 64 64 296
v 64 64 280
v 64 96 272
v 32 96 272
v 32 96 304
v 32 128 304
v 32 128 272
v 64 128 304
v 64 96 304
v 64 96 272
v 64 128 272
v 0 0 272
v 0 0 304
v 0 128 304
v 0 128 272
v 32 128 304
v 32 0 304
v 32 0 272
v 32 128 272
v 32 32 272
v 32 32 304
v 32 64 296
v 32 64 280
v 64 64 296
v 64 32 304
v 64 32 272
v 64 64 280
v 436 -32 -200
v 256 -32 -128
v 256 128 -128
v 436 128 -200
v 448 -32 -152
v 448 128 -152
v 256 128 -128
v 256 128 -320
v 256 -32 -320
v 256 -32 -128
v 280 -32 -320
v 280 128 -320
v 256 128 -128
v 328 128 -308
v 328 -32 -308
v 256 -32 -128
v 376 -32 -284
v 376 128 -284
v 448 -32 -152
v 256 -32 -128
v 256 128 -128
v 448 128 -152
v 448 128 -128
v 448 -32 -128
v 412 -32 -248
v 256 -32 -128
v 256 128 -128
v 412 128 -248
v 436 -32 -200
v 436 128 -200
v 376 -32 -284
v 256 -32 -128
v 256 128 -128
v 376 128 -284
v 412 -32 -248
v 412 128 -248
v 256 128 -128
v 280 128 -320
v 280 -32 -320
v 256 -32 -128
v 328 -32 -308
v 328 128 -308
v 384 128 32
v 384 128 192
v 384 192 192
v 384 192 32
v 448 192 192
v 448 128 192
v 448 128 32
v 448 192 32
v 248 80 -240
v 248 80 -208
v 248 112 -208
v 248 112 -240
v 256 112 -208
v 256 80 -208
v 256 80 -240
v 256 112 -240
v 256 88 -84
v 256 100 -72
v 256 112 -96
v 448 100 -72
v 448 88 -84
v 448 112 -96
v 256 108 -56
v 256 112 -40
v 256 112 -96
v 448 112 -40
v 448 108 -56
v 448 112 -96
v 256 100 -72
v 256 108 -56
v 256 112 -96
v 448 108 -56
v 448 100 -72
v 448 112 -96
v 256 72 -92
v 256 88 -84
v 256 112 -96
v 448 88 -84
v 448 72 -92
v 448 112 -96
v 256 56 -96
v 256 72 -92
v 256 112 -96
v 448 112 -96
v 448 72 -92
v 448 56 -96
v 256 100 8
v 256 112 32
v 256 108 -8
v 448 112 32
v 448 100 8
v 448 108 -8
v 256 108 -8
v 256 112 32
v 256 112 -24
v 448 112 32
v 448 108 -8
v 448 112 -24
v 256 88 20
v 256 112 32
v 256 100 8
v 448 112 32
v 448 88 20
v 448 100 8
v 256 88 20
v 256 72 28
v 256 112 32
v 448 112 32
v 448 72 28
v 448 88 20
v 256 72 28
v 256 56 32
v 256 112 32
v 448 112 32
v 448 56 32
v 448 72 28
v 256 93 -14
v 256 87 -2
v 256 100 8
v 256 108 -8
v 272 100 8
v 272 87 -2
v 272 108 -8
v 272 93 -14
v 256 48 16
v 256 48 32
v 256 56 32
v 256 54 16
v 272 56 32
v 272 48 32
v 272 48 16
v 272 54 16
v 256 54 16
v 256 56 32
v 256 72 28
v 256 66 13
v 272 72 28
v 272 56 32
v 272 54 16
v 272 66 13
v 256 66 13
v 256 72 28
v 256 88 20
v 256 78 7
v 272 88 20
v 272 72 28
v 272 66 13
v 272 78 7
v 256 87 -2
v 256 78 7
v 256 88 20
v 256 100 8
v 272 100 8
v 272 88 20
v 272 78 7
v 272 87 -2
v 256 96 -26
v 256 93 -14
v 256 108 -8
v 256 112 -24
v 272 108 -8
v 272 93 -14
v 272 112 -24
v 272 96 -26
v 256 96 -32
v 256 96 -26
v 256 112 -24
v 256 112 -32
v 272 112 -24
v 272 96 -26
v 272 96 -32
v 272 112 -32
v 256 48 -96
v 256 48 -80
v 256 54 -80
v 256 56 -96
v 272 54 -80
v 272 48 -80
v 272 56 -96
v 272 48 -96
v 256 56 -96
v 256 54 -80
v 256 66 -77
v 256 72 -92
v 272 66 -77
v 272 54 -80
v 272 72 -92
v 272 56 -96
v 256 72 -92
v 256 66 -77
v 256 78 -71
v 256 88 -84
v 272 78 -71
v 272 66 -77
v 272 88 -84
v 272 72 -92
v 256 88 -84
v 256 78 -71
v 256 87 -62
v 256 100 -72
v 272 100 -72
v 272 87 -62
v 272 78 -71
v 272 88 -84
v 256 87 -62
v 256 93 -50
v 256 108 -56
v 256 100 -72
v 272 108 -56
v 272 93 -50
v 272 87 -62
v 272 100 -72
v 256 93 -50
v 256 96 -38
v 256 112 -40
v 256 108 -56
v 272 112 -40
v 272 96 -38
v 272 93 -50
v 272 108 -56
v 256 96 -38
v 256 96 -32
v 256 112 -32
v 256 112 -40
v 272 112 -32
v 272 96 -32
v 272 96 -38
v 272 112 -40
v 256 0 16
v 256 0 32
v 256 48 32
v 256 48 16
v 272 48 32
v 272 0 32
v 272 0 16
v 272 48 16
v 256 0 -96
v 256 0 -80
v 256 48 -80
v 256 48 -96
v 272 48 -80
v 272 0 -80
v 272 0 -96
v 272 48 -96
v 432 87 -62
v 432 93 -50
v 432 108 -56
v 432 100 -72
v 448 108 -56
v 448 93 -50
v 448 87 -62
v 448 100 -72
v 432 0 16
v 432 0 32
v 432 48 32
v 432 48 16
v 448 48 32
v 448 0 32
v 448 0 16
v 448 48 16
v 432 48 16
v 432 48 32
v 432 56 32
v 432 54 16
v 448 56 32
v 448 48 32
v 448 48 16
v 448 54 16
v 432 54 16
v 432 56 32
v 432 72 28
v 432 66 13
v 448 72 28
v 448 56 32
v 448 54 16
v 448 66 13
v 432 66 13
v 432 72 28
v 432 88 20
v 432 78 7
v 448 88 20
v 448 72 28
v 448 66 13
v 448 78 7
v 432 87 -2
v 432 78 7
v 432 88 20
v 432 100 8
v 448 100 8
v 448 88 20
v 448 78 7
v 448 87 -2
v 432 93 -14
v 432 87 -2
v 432 100 8
v 432 108 -8
v 448 100 8
v 448 87 -2
v 448 108 -8
v 448 93 -14
v 432 96 -26
v 432 93 -14
v 432 108 -8
v 432 112 -24
v 448 108 -8
v 448 93 -14
v 448 112 -24
v 448 96 -26
v 432 96 -32
v 432 96 -26
v 432 112 -24
v 432 112 -32
v 448 112 -24
v 448 96 -26
v 448 96 -32
v 448 112 -32
v 432 48 -96
v 432 48 -80
v 432 54 -80
v 432 56 -96
v 448 54 -80
v 448 48 -80
v 448 56 -96
v 448 48 -96
v 432 56 -96
v 432 54 -80
v 432 66 -77
v 432 72 -92
v 448 66 -77
v 448 54 -80
v 448 72 -92
v 448 56 -96
v 432 72 -92
v 432 66 -77
v 432 78 -71
v 432 88 -84
v 448 78 -71
v 448 66 -77
v 448 88 -84
v 448 72 -92
v 432 88 -84
v 432 78 -71
v 432 87 -62
v 432 100 -72
v 448 100 -72
v 448 87 -62
v 448 78 -71
v 448 88 -84
v 432 93 -50
v 432 96 -38
v 432 112 -40
v 432 108 -56
v 448 112 -40
v 448 96 -38
v 448 93 -50
v 448 108 -56
v 432 96 -38
v 432 96 -32
v 432 112 -32
v 432 112 -40
v 448 112 -32
v 448 96 -32
v 448 96 -38
v 448 112 -40
v 432 0 -96
v 432 0 -80
v 432 48 -80
v 432 48 -96
v 448 48 -80
v 448 0 -80
v 448 0 -96
v 448 48 -96
v -64 -32 -448
v -64 -32 -320
v -64 64 -320
v -64 64 -448
v 64 64 -320
v 64 -32 -320
v 64 -32 -448
v 64 64 -448
v 768 -32 -448
v 768 -32 -96
v 768 64 -96
v 768 64 -448
v 928 64 -96
v 928 -32 -96
v 928 -32 -448
v 928 64 -448
v 192 -32 -864
v 192 -32 -704
v 192 96 -704
v 192 96 -864
v 512 96 -704
v 512 -32 -704
v 512 -32 -864
v 512 96 -864
v 512 -32 -448
v 512 -32 -96
v 512 0 -96
v 512 0 -448
v 768 0 -96
v 768 -32 -96
v 768 -32 -448
v 768 0 -448
v 448 -32 -96
v 448 -32 32
v 448 0 32
v 448 0 -96
v 640 0 32
v 640 -32 32
v 640 -32 -96
v 640 0 -96
v 192 -32 -704
v 192 -32 -448
v 192 0 -448
v 192 0 -704
v 512 0 -448
v 512 -32 -448
v 512 -32 -704
v 512 0 -704
v 496 -32 32
v 496 -32 192
v 496 0 192
v 496 0 32
v 624 0 192
v 624 -32 192
v 624 -32 32
v 624 0 32
v 448 -32 32
v 448 -32 192
v 448 112 192
v 448 112 32
v 496 112 192
v 496 -32 192
v 496 -32 32
v 496 112 32
v 624 -32 32
v 624 -32 192
v 624 112 192
v 624 112 32
v 640 112 192
v 640 -32 192
v 640 -32 32
v 640 112 32
v 496 -32 256
v 496 -32 512
v 496 0 512
v 496 0 256
v 752 0 512
v 752 -32 512
v 752 -32 256
v 752 0 256
v 496 -32 192
v 496 -32 256
v 496 0 256
v 496 0 192
v 624 0 256
v 624 -32 256
v 624 -32 192
v 624 0 192
v 768 0 -80
v 640 0 -96
v 640 -32 -96
v 768 -32 -80
v 768 -32 -96
v 768 0 -96
v 744 0 -16
v 640 0 -96
v 640 -32 -96
v 744 -32 -16
v 760 -32 -48
v 760 0 -48
v 640 -32 -96
v 656 -32 32
v 656 0 32
v 640 0 -96
v 688 -32 24
v 688 0 24
v 640 -32 -96
v 640 -32 32
v 640 0 32
v 640 0 -96
v 656 0 32
v 656 -32 32
v 640 -32 -96
v 688 -32 24
v 688 0 24
v 640 0 -96
v 720 -32 8
v 720 0 8
v 720 0 8
v 640 0 -96
v 640 -32 -96
v 720 -32 8
v 744 -32 -16
v 744 0 -16
v 760 0 -48
v 640 0 -96
v 640 -32 -96
v 760 -32 -48
v 768 -32 -80
v 768 0 -80
v 768 -32 -96
v 768 -32 -80
v 768 64 -80
v 768 64 -96
v 928 64 -60
v 928 -32 -60
v 928 -32 -96
v 928 64 -96
v 768 -32 -80
v 760 -32 -48
v 760 64 -48
v 768 64 -80
v 910 64 12
v 910 -32 12
v 928 -32 -60
v 928 64 -60
v 760 -32 -48
v 744 -32 -16
v 744 64 -16
v 760 64 -48
v 874 64 84
v 874 -32 84
v 910 -32 12
v 910 64 12
v 820 64 138
v 720 64 8
v 720 -32 8
v 820 -32 138
v 744 -32 -16
v 744 64 -16
v 874 -32 84
v 874 64 84
v 748 80 174
v 688 80 24
v 688 -32 24
v 748 -32 174
v 720 -32 8
v 720 80 8
v 820 -32 138
v 820 80 138
v 676 96 192
v 656 96 32
v 656 -32 32
v 676 -32 192
v 688 -32 24
v 688 96 24
v 748 -32 174
v 748 96 174
v 448 112 32
v 448 112 192
v 448 128 192
v 448 128 32
v 640 128 192
v 640 112 192
v 640 112 32
v 640 128 32
v 640 -32 32
v 640 -32 192
v 640 112 192
v 640 112 32
v 676 112 192
v 676 -32 192
v 656 -32 32
v 656 112 32
v 512 0 -448
v 512 0 -704
v 512 -32 -704
v 512 -32 -448
v 544 -32 -704
v 544 0 -704
v 512 0 -448
v 608 0 -688
v 608 -32 -688
v 512 -32 -448
v 672 -32 -656
v 672 0 -656
v 752 -32 -544
v 512 -32 -448
v 512 0 -448
v 752 0 -544
v 768 -32 -480
v 768 0 -480
v 768 -32 -480
v 512 -32 -448
v 512 0 -448
v 768 0 -480
v 768 0 -448
v 768 -32 -448
v 720 -32 -608
v 512 -32 -448
v 512 0 -448
v 720 0 -608
v 752 -32 -544
v 752 0 -544
v 672 -32 -656
v 512 -32 -448
v 512 0 -448
v 672 0 -656
v 720 -32 -608
v 720 0 -608
v 512 0 -448
v 544 0 -704
v 544 -32 -704
v 512 -32 -448
v 608 -32 -688
v 608 0 -688
v 768 80 -480
v 768 -32 -480
v 768 -32 -448
v 768 80 -448
v 928 -32 -500
v 928 80 -500
v 928 80 -448
v 928 -32 -448
v 768 96 -480
v 752 96 -544
v 752 -32 -544
v 768 -32 -480
v 902 -32 -604
v 902 96 -604
v 928 -32 -500
v 928 96 -500
v 752 96 -544
v 720 96 -608
v 720 -32 -608
v 752 -32 -544
v 850 -32 -708
v 850 96 -708
v 902 -32 -604
v 902 96 -604
v 772 -32 -786
v 672 -32 -656
v 672 96 -656
v 772 96 -786
v 720 96 -608
v 720 -32 -608
v 850 -32 -708
v 850 96 -708
v 668 -32 -838
v 608 -32 -688
v 608 96 -688
v 668 96 -838
v 672 96 -656
v 672 -32 -656
v 772 -32 -786
v 772 96 -786
v 564 -32 -864
v 544 -32 -704
v 544 96 -704
v 564 96 -864
v 608 96 -688
v 608 -32 -688
v 668 -32 -838
v 668 96 -838
v 512 -32 -864
v 512 -32 -704
v 512 96 -704
v 512 96 -864
v 544 96 -704
v 544 -32 -704
v 564 -32 -864
v 564 96 -864
v 288 0 -704
v 288 0 -448
v 288 16 -448
v 288 16 -704
v 320 16 -448
v 320 0 -448
v 320 0 -704
v 320 16 -704
v 256 0 -704
v 256 0 -448
v 256 32 -448
v 256 32 -704
v 288 32 -448
v 288 0 -448
v 288 0 -704
v 288 32 -704
v 224 0 -704
v 224 0 -448
v 224 48 -448
v 224 48 -704
v 256 48 -448
v 256 0 -448
v 256 0 -704
v 256 48 -704
v 192 0 -704
v 192 0 -448
v 192 64 -448
v 192 64 -704
v 224 64 -448
v 224 0 -448
v 224 0 -704
v 224 64 -704
v -64 -32 -480
v -64 -32 -448
v -64 64 -448
v -64 64 -480
v 192 64 -448
v 192 -32 -448
v -16 -32 -608
v -48 -32 -544
v -48 64 -544
v -16 64 -608
v 192 64 -448
v 192 -32 -448
v 192 64 -448
v 96 64 -688
v 96 -32 -688
v 192 -32 -448
v 160 -32 -704
v 160 64 -704
v 192 64 -448
v 160 64 -704
v 160 -32 -704
v 192 -32 -448
v 192 -32 -704
v 192 64 -704
v 192 64 -448
v 32 64 -656
v 32 -32 -656
v 192 -32 -448
v 96 -32 -688
v 96 64 -688
v 32 -32 -656
v -16 -32 -608
v -16 64 -608
v 32 64 -656
v 192 64 -448
v 192 -32 -448
v -48 -32 -544
v -64 -32 -480
v -64 64 -480
v -48 64 -544
v 192 64 -448
v 192 -32 -448
v 140 -32 -864
v 160 -32 -704
v 160 80 -704
v 140 80 -864
v 192 80 -704
v 192 -32 -704
v 192 -32 -864
v 192 80 -864
v 96 64 -688
v 36 64 -838
v 36 -32 -838
v 96 -32 -688
v 140 -32 -864
v 140 64 -864
v 160 -32 -704
v 160 64 -704
v 32 64 -656
v -68 64 -786
v -68 -32 -786
v 32 -32 -656
v 36 -32 -838
v 36 64 -838
v 96 -32 -688
v 96 64 -688
v -68 -32 -786
v -146 -32 -708
v -146 64 -708
v -68 64 -786
v -16 64 -608
v -16 -32 -608
v 32 -32 -656
v 32 64 -656
v -146 -32 -708
v -198 -32 -604
v -198 64 -604
v -146 64 -708
v -48 64 -544
v -48 -32 -544
v -16 -32 -608
v -16 64 -608
v -198 -32 -604
v -224 -32 -500
v -224 64 -500
v -198 64 -604
v -64 64 -480
v -64 -32 -480
v -48 -32 -544
v -48 64 -544
v -224 -32 -500
v -224 -32 -448
v -224 64 -448
v -224 64 -500
v -64 64 -448
v -64 -32 -448
v -64 -32 -480
v -64 64 -480
v 208 96 -824
v 208 96 -808
v 208 192 -808
v 208 192 -824
v 224 192 -808
v 224 96 -808
v 224 96 -824
v 224 192 -824
v 208 96 -792
v 208 96 -776
v 208 192 -776
v 208 192 -792
v 224 192 -776
v 224 96 -776
v 224 96 -792
v 224 192 -792
v 208 96 -760
v 208 96 -744
v 208 192 -744
v 208 192 -760
v 224 192 -744
v 224 96 -744
v 224 96 -760
v 224 192 -760
v 208 96 -728
v 208 96 -712
v 208 192 -712
v 208 192 -728
v 224 192 -712
v 224 96 -712
v 224 96 -728
v 224 192 -728
v 208 96 -856
v 208 96 -840
v 208 192 -840
v 208 192 -856
v 224 192 -840
v 224 96 -840
v 224 96 -856
v 224 192 -856
v 496 56 176
v 496 48 176
v 496 48 192
v 496 56 192
v 512 54 192
v 512 48 192
v 512 48 176
v 512 54 176
v 500 72 176
v 496 56 176
v 496 56 192
v 500 72 192
v 512 54 192
v 512 54 176
v 515 66 192
v 515 66 176
v 508 88 176
v 500 72 176
v 500 72 192
v 508 88 192
v 515 66 192
v 515 66 176
v 521 78 192
v 521 78 176
v 520 100 176
v 508 88 176
v 508 88 192
v 520 100 192
v 521 78 192
v 521 78 176
v 530 87 192
v 530 87 176
v 530 87 192
v 520 100 192
v 520 100 176
v 530 87 176
v 536 108 176
v 536 108 192
v 542 93 192
v 542 93 176
v 542 93 192
v 536 108 192
v 536 108 176
v 542 93 176
v 552 112 176
v 552 112 192
v 554 96 192
v 554 96 176
v 554 96 176
v 554 96 192
v 552 112 192
v 552 112 176
v 560 112 192
v 560 96 192
v 560 96 176
v 560 112 176
v 608 48 176
v 608 48 192
v 608 54 192
v 608 54 176
v 624 56 176
v 624 56 192
v 624 48 192
v 624 48 176
v 608 54 192
v 605 66 192
v 605 66 176
v 608 54 176
v 620 72 176
v 620 72 192
v 624 56 192
v 624 56 176
v 605 66 192
v 599 78 192
v 599 78 176
v 605 66 176
v 612 88 176
v 612 88 192
v 620 72 192
v 620 72 176
v 600 100 176
v 590 87 176
v 590 87 192
v 600 100 192
v 599 78 192
v 599 78 176
v 612 88 192
v 612 88 176
v 584 108 176
v 578 93 176
v 578 93 192
v 584 108 192
v 590 87 192
v 590 87 176
v 600 100 192
v 600 100 176
v 568 112 176
v 566 96 176
v 566 96 192
v 568 112 192
v 578 93 192
v 578 93 176
v 584 108 192
v 584 108 176
v 560 96 176
v 560 96 192
v 560 112 192
v 560 112 176
v 568 112 192
v 566 96 192
v 566 96 176
v 568 112 176
v 496 0 176
v 496 0 192
v 496 48 192
v 496 48 176
v 512 48 192
v 512 0 192
v 512 0 176
v 512 48 176
v 608 0 176
v 608 0 192
v 608 48 192
v 608 48 176
v 624 48 192
v 624 0 192
v 624 0 176
v 624 48 176
v 520 100 192
v 496 112 192
v 496 112 32
v 520 100 32
v 536 108 192
v 536 108 32
v 536 108 192
v 496 112 192
v 496 112 32
v 536 108 32
v 552 112 192
v 552 112 32
v 508 88 192
v 496 112 192
v 496 112 32
v 508 88 32
v 520 100 192
v 520 100 32
v 496 112 32
v 500 72 32
v 500 72 192
v 496 112 192
v 508 88 192
v 508 88 32
v 496 112 32
v 496 56 32
v 496 56 192
v 496 112 192
v 500 72 192
v 500 72 32
v 612 88 192
v 600 100 192
v 600 100 32
v 612 88 32
v 624 112 32
v 624 112 192
v 584 108 192
v 568 112 192
v 568 112 32
v 584 108 32
v 624 112 192
v 624 112 32
v 600 100 192
v 584 108 192
v 584 108 32
v 600 100 32
v 624 112 32
v 624 112 192
v 620 72 192
v 612 88 192
v 612 88 32
v 620 72 32
v 624 112 32
v 624 112 192
v 624 112 32
v 620 72 32
v 620 72 192
v 624 112 192
v 624 56 192
v 624 56 32
v 520 100 32
v 508 88 32
v 508 88 48
v 520 100 48
v 521 78 48
v 521 78 32
v 530 87 48
v 530 87 32
v 496 56 32
v 496 48 32
v 496 48 48
v 496 56 48
v 512 54 48
v 512 48 48
v 512 48 32
v 512 54 32
v 500 72 32
v 496 56 32
v 496 56 48
v 500 72 48
v 512 54 48
v 512 54 32
v 515 66 48
v 515 66 32
v 508 88 32
v 500 72 32
v 500 72 48
v 508 88 48
v 515 66 48
v 515 66 32
v 521 78 48
v 521 78 32
v 530 87 48
v 520 100 48
v 520 100 32
v 530 87 32
v 536 108 32
v 536 108 48
v 542 93 48
v 542 93 32
v 542 93 48
v 536 108 48
v 536 108 32
v 542 93 32
v 552 112 32
v 552 112 48
v 554 96 48
v 554 96 32
v 554 96 32
v 554 96 48
v 552 112 48
v 552 112 32
v 560 112 48
v 560 96 48
v 560 96 32
v 560 112 32
v 608 48 32
v 608 48 48
v 608 54 48
v 608 54 32
v 624 56 32
v 624 56 48
v 624 48 48
v 624 48 32
v 608 54 48
v 605 66 48
v 605 66 32
v 608 54 32
v 620 72 32
v 620 72 48
v 624 56 48
v 624 56 32
v 605 66 48
v 599 78 48
v 599 78 32
v 605 66 32
v 612 88 32
v 612 88 48
v 620 72 48
v 620 72 32
v 600 100 32
v 590 87 32
v 590 87 48
v 600 100 48
v 599 78 48
v 599 78 32
v 612 88 48
v 612 88 32
v 584 108 32
v 578 93 32
v 578 93 48
v 584 108 48
v 590 87 48
v 590 87 32
v 600 100 48
v 600 100 32
v 568 112 32
v 566 96 32
v 566 96 48
v 568 112 48
v 578 93 48
v 578 93 32
v 584 108 48
v 584 108 32
v 560 96 32
v 560 96 48
v 560 112 48
v 560 112 32
v 568 112 48
v 566 96 48
v 566 96 32
v 568 112 32
v 496 0 32
v 496 0 48
v 496 48 48
v 496 48 32
v 512 48 48
v 512 0 48
v 512 0 32
v 512 48 32
v 608 0 32
v 608 0 48
v 608 48 48
v 608 48 32
v 624 48 48
v 624 0 48
v 624 0 32
v 624 48 32
v 144 -32 1024
v 144 -32 1152
v 144 0 1152
v 144 0 1024
v 560 0 1152
v 560 -32 1152
v 560 -32 1024
v 560 0 1024
v 560 -32 608
v 560 -32 1024
v 560 0 1024
v 560 0 608
v 688 0 1024
v 688 -32 1024
v 688 -32 608
v 688 0 608
v 688 -32 1024
v 688 -32 1152
v 688 0 1152
v 688 0 1024
v 1104 0 1152
v 1104 -32 1152
v 1104 -32 1024
v 1104 0 1024
v 560 -32 1152
v 560 -32 1568
v 560 0 1568
v 560 0 1152
v 688 0 1568
v 688 -32 1568
v 688 -32 1152
v 688 0 1152
v 560 -32 1024
v 560 -32 1152
v 560 0 1152
v 560 0 1024
v 688 0 1152
v 688 -32 1152
v 688 -32 1024
v 688 0 1024
v 560 0 1248
v 560 0 1280
v 560 128 1280
v 560 128 1248
v 688 128 1280
v 688 0 1280
v 688 0 1248
v 688 128 1248
v 528 0 1248
v 528 0 1280
v 528 128 1280
v 528 128 1248
v 560 128 1280
v 560 0 1280
v 560 0 1248
v 560 128 1248
v 688 0 1248
v 688 0 1280
v 688 128 1280
v 688 128 1248
v 720 128 1280
v 720 0 1280
v 720 0 1248
v 720 128 1248
v 528 128 1248
v 528 128 1280
v 528 160 1280
v 528 160 1248
v 720 160 1280
v 720 128 1280
v 720 128 1248
v 720 160 1248
v 560 -32 512
v 560 -32 608
v 560 0 608
v 560 0 512
v 688 0 608
v 688 -32 608
v 688 -32 512
v 688 0 512
v 144 32 1204
v 144 32 1152
v 144 0 1152
v 144 0 1204
v 304 0 1184
v 304 0 1152
v 304 32 1152
v 304 32 1184
v 170 32 1308
v 144 32 1204
v 144 0 1204
v 170 0 1308
v 304 0 1184
v 304 32 1184
v 320 0 1248
v 320 32 1248
v 222 32 1412
v 170 32 1308
v 170 0 1308
v 222 0 1412
v 320 0 1248
v 320 32 1248
v 352 0 1312
v 352 32 1312
v 300 32 1490
v 222 32 1412
v 222 0 1412
v 300 0 1490
v 352 0 1312
v 352 32 1312
v 400 0 1360
v 400 32 1360
v 400 0 1360
v 300 0 1490
v 300 32 1490
v 400 32 1360
v 404 32 1542
v 404 0 1542
v 464 0 1392
v 464 32 1392
v 464 0 1392
v 404 0 1542
v 404 32 1542
v 464 32 1392
v 508 32 1568
v 508 0 1568
v 528 0 1408
v 528 32 1408
v 528 0 1408
v 508 0 1568
v 508 32 1568
v 528 32 1408
v 560 32 1568
v 560 0 1568
v 560 0 1408
v 560 32 1408
v 688 0 1408
v 688 0 1568
v 688 32 1568
v 688 32 1408
v 740 32 1568
v 740 0 1568
v 720 0 1408
v 720 32 1408
v 740 32 1568
v 720 32 1408
v 720 0 1408
v 740 0 1568
v 784 0 1392
v 784 32 1392
v 844 0 1542
v 844 32 1542
v 844 32 1542
v 784 32 1392
v 784 0 1392
v 844 0 1542
v 848 0 1360
v 848 32 1360
v 948 0 1490
v 948 32 1490
v 948 32 1490
v 848 32 1360
v 848 0 1360
v 948 0 1490
v 896 0 1312
v 896 32 1312
v 1026 0 1412
v 1026 32 1412
v 928 0 1248
v 896 0 1312
v 896 32 1312
v 928 32 1248
v 1026 32 1412
v 1026 0 1412
v 1078 0 1308
v 1078 32 1308
v 944 0 1184
v 928 0 1248
v 928 32 1248
v 944 32 1184
v 1078 32 1308
v 1078 0 1308
v 1104 0 1204
v 1104 32 1204
v 944 0 1152
v 944 0 1184
v 944 32 1184
v 944 32 1152
v 1104 32 1204
v 1104 0 1204
v 1104 0 1152
v 1104 32 1152
v 944 32 992
v 944 0 992
v 944 0 1024
v 944 32 1024
v 1104 0 972
v 1104 32 972
v 1104 32 1024
v 1104 0 1024
v 944 32 992
v 928 32 928
v 928 0 928
v 944 0 992
v 1078 0 868
v 1078 32 868
v 1104 0 972
v 1104 32 972
v 928 32 928
v 896 32 864
v 896 0 864
v 928 0 928
v 1026 0 764
v 1026 32 764
v 1078 0 868
v 1078 32 868
v 948 0 686
v 848 0 816
v 848 32 816
v 948 32 686
v 896 32 864
v 896 0 864
v 1026 0 764
v 1026 32 764
v 844 0 634
v 784 0 784
v 784 32 784
v 844 32 634
v 848 32 816
v 848 0 816
v 948 0 686
v 948 32 686
v 740 0 608
v 720 0 768
v 720 32 768
v 740 32 608
v 784 32 784
v 784 0 784
v 844 0 634
v 844 32 634
v 688 0 608
v 688 0 768
v 688 32 768
v 688 32 608
v 720 32 768
v 720 0 768
v 740 0 608
v 740 32 608
v 144 0 972
v 144 0 1024
v 144 32 1024
v 144 32 972
v 304 32 1024
v 304 0 1024
v 304 0 992
v 304 32 992
v 170 0 868
v 144 0 972
v 144 32 972
v 170 32 868
v 304 32 992
v 304 0 992
v 320 0 928
v 320 32 928
v 222 0 764
v 170 0 868
v 170 32 868
v 222 32 764
v 320 32 928
v 320 0 928
v 352 0 864
v 352 32 864
v 300 0 686
v 222 0 764
v 222 32 764
v 300 32 686
v 352 32 864
v 352 0 864
v 400 0 816
v 400 32 816
v 400 32 816
v 300 32 686
v 300 0 686
v 400 0 816
v 404 0 634
v 404 32 634
v 464 0 784
v 464 32 784
v 464 32 784
v 404 32 634
v 404 0 634
v 464 0 784
v 508 0 608
v 508 32 608
v 528 0 768
v 528 32 768
v 508 0 608
v 528 0 768
v 528 32 768
v 508 32 608
v 560 32 768
v 560 0 768
v 560 0 608
v 560 32 608
v 304 -32 992
v 304 -32 1024
v 304 0 1024
v 304 0 992
v 560 0 1024
v 560 -32 1024
v 320 -32 928
v 304 -32 992
v 304 0 992
v 320 0 928
v 560 0 1024
v 560 -32 1024
v 352 -32 864
v 320 -32 928
v 320 0 928
v 352 0 864
v 560 0 1024
v 560 -32 1024
v 400 -32 816
v 352 -32 864
v 352 0 864
v 400 0 816
v 560 0 1024
v 560 -32 1024
v 560 0 1024
v 400 0 816
v 400 -32 816
v 560 -32 1024
v 464 -32 784
v 464 0 784
v 560 0 1024
v 464 0 784
v 464 -32 784
v 560 -32 1024
v 528 -32 768
v 528 0 768
v 560 0 1024
v 528 0 768
v 528 -32 768
v 560 -32 1024
v 560 -32 768
v 560 0 768
v 144 -32 972
v 144 -32 1024
v 144 0 1024
v 144 0 972
v 304 0 1024
v 304 -32 1024
v 304 -32 992
v 304 0 992
v 508 -32 608
v 528 -32 768
v 528 0 768
v 508 0 608
v 560 0 768
v 560 -32 768
v 560 -32 608
v 560 0 608
v 464 0 784
v 404 0 634
v 404 -32 634
v 464 -32 784
v 508 -32 608
v 508 0 608
v 528 -32 768
v 528 0 768
v 400 0 816
v 300 0 686
v 300 -32 686
v 400 -32 816
v 404 -32 634
v 404 0 634
v 464 -32 784
v 464 0 784
v 300 -32 686
v 222 -32 764
v 222 0 764
v 300 0 686
v 352 0 864
v 352 -32 864
v 400 -32 816
v 400 0 816
v 222 -32 764
v 170 -32 868
v 170 0 868
v 222 0 764
v 320 0 928
v 320 -32 928
v 352 -32 864
v 352 0 864
v 170 -32 868
v 144 -32 972
v 144 0 972
v 170 0 868
v 304 0 992
v 304 -32 992
v 320 -32 928
v 320 0 928
v 688 0 1024
v 688 0 768
v 688 -32 768
v 688 -32 1024
v 720 -32 768
v 720 0 768
v 688 0 1024
v 720 0 768
v 720 -32 768
v 688 -32 1024
v 784 -32 784
v 784 0 784
v 688 0 1024
v 784 0 784
v 784 -32 784
v 688 -32 1024
v 848 -32 816
v 848 0 816
v 848 -32 816
v 688 -32 1024
v 688 0 1024
v 848 0 816
v 896 -32 864
v 896 0 864
v 896 -32 864
v 688 -32 1024
v 688 0 1024
v 896 0 864
v 928 -32 928
v 928 0 928
v 928 -32 928
v 688 -32 1024
v 688 0 1024
v 928 0 928
v 944 -32 992
v 944 0 992
v 944 -32 992
v 688 -32 1024
v 688 0 1024
v 944 0 992
v 944 0 1024
v 944 -32 1024
v 944 0 992
v 944 -32 992
v 944 -32 1024
v 944 0 1024
v 1104 -32 972
v 1104 0 972
v 1104 0 1024
v 1104 -32 1024
v 844 -32 634
v 784 -32 784
v 784 0 784
v 844 0 634
v 848 0 816
v 848 -32 816
v 948 -32 686
v 948 0 686
v 688 -32 608
v 688 -32 768
v 688 0 768
v 688 0 608
v 720 0 768
v 720 -32 768
v 740 -32 608
v 740 0 608
v 740 -32 608
v 720 -32 768
v 720 0 768
v 740 0 608
v 784 0 784
v 784 -32 784
v 844 -32 634
v 844 0 634
v 948 -32 686
v 848 -32 816
v 848 0 816
v 948 0 686
v 896 0 864
v 896 -32 864
v 1026 -32 764
v 1026 0 764
v 928 0 928
v 896 0 864
v 896 -32 864
v 928 -32 928
v 1026 -32 764
v 1026 0 764
v 1078 -32 868
v 1078 0 868
v 944 0 992
v 928 0 928
v 928 -32 928
v 944 -32 992
v 1078 -32 868
v 1078 0 868
v 1104 -32 972
v 1104 0 972
v 944 0 1184
v 688 0 1152
v 688 -32 1152
v 944 -32 1184
v 944 -32 1152
v 944 0 1152
v 928 0 1248
v 688 0 1152
v 688 -32 1152
v 928 -32 1248
v 944 -32 1184
v 944 0 1184
v 896 0 1312
v 688 0 1152
v 688 -32 1152
v 896 -32 1312
v 928 -32 1248
v 928 0 1248
v 848 0 1360
v 688 0 1152
v 688 -32 1152
v 848 -32 1360
v 896 -32 1312
v 896 0 1312
v 688 -32 1152
v 784 -32 1392
v 784 0 1392
v 688 0 1152
v 848 -32 1360
v 848 0 1360
v 688 -32 1152
v 720 -32 1408
v 720 0 1408
v 688 0 1152
v 784 -32 1392
v 784 0 1392
v 688 -32 1152
v 688 -32 1408
v 688 0 1408
v 688 0 1152
v 720 0 1408
v 720 -32 1408
v 688 -32 1408
v 688 -32 1568
v 688 0 1568
v 688 0 1408
v 740 0 1568
v 740 -32 1568
v 720 -32 1408
v 720 0 1408
v 844 0 1542
v 784 0 1392
v 784 -32 1392
v 844 -32 1542
v 848 -32 1360
v 848 0 1360
v 948 -32 1490
v 948 0 1490
v 740 0 1568
v 720 0 1408
v 720 -32 1408
v 740 -32 1568
v 784 -32 1392
v 784 0 1392
v 844 -32 1542
v 844 0 1542
v 948 0 1490
v 848 0 1360
v 848 -32 1360
v 948 -32 1490
v 896 -32 1312
v 896 0 1312
v 1026 -32 1412
v 1026 0 1412
v 928 -32 1248
v 896 -32 1312
v 896 0 1312
v 928 0 1248
v 1026 0 1412
v 1026 -32 1412
v 1078 -32 1308
v 1078 0 1308
v 944 -32 1184
v 928 -32 1248
v 928 0 1248
v 944 0 1184
v 1078 0 1308
v 1078 -32 1308
v 1104 -32 1204
v 1104 0 1204
v 944 -32 1152
v 944 -32 1184
v 944 0 1184
v 944 0 1152
v 1104 0 1204
v 1104 -32 1204
v 1104 -32 1152
v 1104 0 1152
v 560 -32 1152
v 528 -32 1408
v 528 0 1408
v 560 0 1152
v 560 0 1408
v 560 -32 1408
v 560 -32 1152
v 464 -32 1392
v 464 0 1392
v 560 0 1152
v 528 0 1408
v 528 -32 1408
v 560 -32 1152
v 400 -32 1360
v 400 0 1360
v 560 0 1152
v 464 0 1392
v 464 -32 1392
v 400 0 1360
v 352 0 1312
v 352 -32 1312
v 400 -32 1360
v 560 -32 1152
v 560 0 1152
v 352 0 1312
v 320 0 1248
v 320 -32 1248
v 352 -32 1312
v 560 -32 1152
v 560 0 1152
v 320 0 1248
v 304 0 1184
v 304 -32 1184
v 320 -32 1248
v 560 -32 1152
v 560 0 1152
v 304 0 1184
v 304 0 1152
v 304 -32 1152
v 304 -32 1184
v 560 -32 1152
v 560 0 1152
v 144 0 1204
v 144 0 1152
v 144 -32 1152
v 144 -32 1204
v 304 -32 1184
v 304 -32 1152
v 304 0 1152
v 304 0 1184
v 170 0 1308
v 144 0 1204
v 144 -32 1204
v 170 -32 1308
v 304 -32 1184
v 304 0 1184
v 320 -32 1248
v 320 0 1248
v 222 0 1412
v 170 0 1308
v 170 -32 1308
v 222 -32 1412
v 320 -32 1248
v 320 0 1248
v 352 -32 1312
v 352 0 1312
v 300 0 1490
v 222 0 1412
v 222 -32 1412
v 300 -32 1490
v 352 -32 1312
v 352 0 1312
v 400 -32 1360
v 400 0 1360
v 400 -32 1360
v 300 -32 1490
v 300 0 1490
v 400 0 1360
v 404 0 1542
v 404 -32 1542
v 464 -32 1392
v 464 0 1392
v 464 -32 1392
v 404 -32 1542
v 404 0 1542
v 464 0 1392
v 508 0 1568
v 508 -32 1568
v 528 -32 1408
v 528 0 1408
v 528 -32 1408
v 508 -32 1568
v 508 0 1568
v 528 0 1408
v 560 0 1568
v 560 -32 1568
v 560 -32 1408
v 560 0 1408
v 656 0 544
v 656 0 576
v 656 192 576
v 656 192 544
v 688 192 576
v 688 0 576
v 688 0 544
v 688 192 544
v 624 0 544
v 624 0 576
v 624 32 576
v 624 32 544
v 656 32 576
v 656 0 576
v 656 0 544
v 656 32 544
v 624 64 552
v 624 64 568
v 624 128 568
v 624 128 552
v 656 128 568
v 656 64 568
v 656 64 552
v 656 128 552
v 624 128 552
v 624 128 568
v 624 160 576
v 624 160 544
v 656 160 576
v 656 128 568
v 656 128 552
v 656 160 544
v 624 160 544
v 624 160 576
v 624 192 576
v 624 192 544
v 656 192 576
v 656 160 576
v 656 160 544
v 656 192 544
v 624 32 544
v 624 32 576
v 624 64 568
v 624 64 552
v 656 64 568
v 656 32 576
v 656 32 544
v 656 64 552
v 592 0 544
v 592 0 576
v 592 32 576
v 592 32 544
v 624 32 576
v 624 0 576
v 624 0 544
v 624 32 544
v 592 32 544
v 592 32 576
v 592 64 568
v 592 64 552
v 624 64 568
v 624 32 576
v 624 32 544
v 624 64 552
v 560 0 544
v 560 0 576
v 560 192 576
v 560 192 544
v 592 192 576
v 592 0 576
v 592 0 544
v 592 192 544
v 592 64 552
v 592 64 568
v 592 128 568
v 592 128 552
v 624 128 568
v 624 64 568
v 624 64 552
v 624 128 552
v 592 128 552
v 592 128 568
v 592 160 576
v 592 160 544
v 624 160 576
v 624 128 568
v 624 128 552
v 624 160 544
v 592 160 544
v 592 160 576
v 592 192 576
v 592 192 544
v 624 192 576
v 624 160 576
v 624 160 544
v 624 192 544

# texture coordinates
vt -3520 -288
vt 3360 -288
vt 3360 -256
vt -3520 -256
vt 4576 -256
vt -2304 -256
vt -2304 -288
vt 4576 -288
vt -4576 -3360
vt 2304 -3360
vt 2304 3520
vt -4576 3520
vt -4576 -288
vt 2304 -288
vt 2304 -256
vt -4576 -256
vt 3520 -256
vt -3360 -256
vt -3360 -288
vt 3520 -288
vt -32 -0
vt -288 -0
vt -288 -32
vt -32 -32
vt 784 32
vt 784 288
vt 752 288
vt -752 288
vt -784 288
vt -784 32
vt 752 -32
vt 784 -32
vt 784 -0
vt 752 -0
vt -122.07767 -0
vt -122.07767 -32
vt 135.91463 -32
vt 135.91463 -0
vt 259.5268 -0
vt 1.0387964 -0
vt 1.0387964 -32
vt 259.5268 -32
vt 784 -96
vt 688 144
vt 624 112
vt -624 112
vt -688 144
vt -784 -96
vt 722.6973 -32
vt 794.2515 -32
vt 794.2515 -0
vt 722.6973 -0
vt -451.01263 -0
vt -451.01263 -32
vt -188.59308 -32
vt -188.59308 -0
vt 497.70004 -32
vt 756.18805 -32
vt 756.18805 -0
vt 497.70004 -0
vt 528 64
vt 544 128
vt -544 128
vt -528 64
vt -495.1662 -0
vt -753.15845 -0
vt -753.15845 -32
vt -495.1662 -32
vt 151.04826 -0
vt 85.07854 -0
vt 85.07854 -32
vt 151.04826 -32
vt 495.1662 -32
vt 753.15845 -32
vt 753.15845 -0
vt 495.1662 -0
vt -528 -0
vt -784 -0
vt -784 -32
vt -528 -32
vt 528 32
vt -528 32
vt 32 -32
vt 64 -32
vt 64 -0
vt 32 -0
vt 395.61145 -32
vt 658.031 -32
vt 658.031 -0
vt 395.61145 -0
vt 544 -0
vt 576 64
vt -576 64
vt -544 -0
vt -497.70004 -0
vt -756.18805 -0
vt -756.18805 -32
vt -497.70004 -32
vt 368.89218 -0
vt 297.338 -0
vt 297.338 -32
vt 368.89218 -32
vt 188.59308 -32
vt 451.01263 -32
vt 451.01263 -0
vt 188.59308 -0
vt 576 192
vt 624 240
vt -624 240
vt -576 192
vt -395.61145 -0
vt -658.031 -0
vt -658.031 -32
vt -395.61145 -32
vt 595.41144 -32
vt 595.41144 -0
vt 527.5291 -0
vt 527.5291 -32
vt 122.07767 -0
vt -135.91463 -0
vt -135.91463 -32
vt 122.07767 -32
vt 752 160
vt -752 160
vt 756.8291 -32
vt 822.7988 -32
vt 822.7988 -0
vt 756.8291 -0
vt -259.5268 -0
vt -259.5268 -32
vt -1.0387964 -32
vt -1.0387964 -0
vt -320 32
vt -192 32
vt -192 64
vt -320 64
vt -960 64
vt -864 64
vt -864 32
vt -960 32
vt -1024 192
vt -928 192
vt -928 320
vt -1024 320
vt 1024 320
vt 928 320
vt 928 192
vt 1024 192
vt 320 64
vt 192 64
vt 192 32
vt 320 32
vt 448 32
vt -64 32
vt -64 64
vt 448 64
vt -1472 64
vt -1216 64
vt -1216 32
vt -1472 32
vt -1536 -64
vt -1280 -64
vt -1280 448
vt -1536 448
vt 1536 448
vt 1280 448
vt 1280 -64
vt 1536 -64
vt -1536 32
vt -1280 32
vt -1280 64
vt -1536 64
vt -1024 -64
vt -1024 448
vt 1024 448
vt 1024 -64
vt -1024 32
vt -1024 64
vt -448 32
vt 64 32
vt 64 128
vt -448 128
vt 1792 128
vt 1536 128
vt 1536 32
vt 1792 32
vt -1792 -64
vt -1792 448
vt 1792 448
vt 1792 -64
vt -1792 32
vt -1536 128
vt -1792 128
vt 448 128
vt -64 128
vt -128 32
vt -128 64
vt -1088 64
vt -1088 32
vt -1280 -128
vt -1152 -128
vt -1152 -64
vt 1152 -64
vt 1152 -128
vt 1280 -128
vt 1280 32
vt 1152 32
vt 1152 64
vt 1280 64
vt 64 64
vt 128 64
vt 128 32
vt 512 32
vt 512 64
vt -1344 64
vt -1344 32
vt -1344 448
vt -1216 448
vt -1216 512
vt -1344 512
vt 1344 512
vt 1216 512
vt 1216 448
vt 1344 448
vt 1344 32
vt 1216 32
vt 1216 64
vt 1344 64
vt -512 64
vt -448 64
vt -512 32
vt -128 96
vt -192 96
vt -192 128
vt -128 128
vt -1664 128
vt -1536 96
vt -1664 96
vt -1728 -128
vt -1600 -128
vt -1600 -64
vt -1728 -64
vt 1728 -64
vt 1600 -64
vt 1600 -128
vt 1728 -128
vt 1728 96
vt 1600 96
vt 1600 128
vt 1728 128
vt 0 128
vt 64 96
vt 0 96
vt 480 96
vt 384 96
vt 384 128
vt 480 128
vt -1728 448
vt -1600 448
vt -1600 544
vt -1728 544
vt 1728 544
vt 1600 544
vt 1600 448
vt 1728 448
vt -608 128
vt -512 128
vt -512 96
vt -608 96
vt 256 32
vt 128 192
vt 256 192
vt 1920 192
vt 1792 192
vt 1920 32
vt -1920 128
vt -1792 256
vt -1920 256
vt 1920 256
vt 1792 256
vt 1920 128
vt -1920 32
vt -1792 192
vt -1920 192
vt -256 32
vt -256 64
vt -1280 -256
vt -1152 -256
vt 1152 -256
vt 1280 -256
vt 256 64
vt -256 96
vt -256 128
vt -1728 -256
vt -1600 -256
vt 1600 -256
vt 1728 -256
vt 128 128
vt 256 128
vt 256 96
vt 128 96
vt 672 96
vt 544 96
vt 672 128
vt -1600 672
vt -1728 672
vt 1728 672
vt 1600 672
vt -672 128
vt -544 96
vt -672 96
vt 128 256
vt 256 256
vt 1952 256
vt 1952 32
vt 1920 160
vt 1952 160
vt 1952 -256
vt 1920 -256
vt 1920 -128
vt 1952 -128
vt -224 256
vt -96 256
vt -96 32
vt -224 32
vt -288 64
vt -288 256
vt -320 256
vt -992 256
vt -960 256
vt -992 64
vt -992 288
vt -960 288
vt -960 320
vt -992 320
vt 992 320
vt 960 320
vt 960 288
vt 992 288
vt 320 256
vt 288 256
vt 288 64
vt -288 96
vt 992 96
vt 960 96
vt 960 64
vt 992 64
vt 960 256
vt 992 256
vt -960 96
vt -992 96
vt 288 96
vt 296 128
vt 264 128
vt 264 192
vt 296 192
vt 984 192
vt 968 192
vt 968 128
vt 984 128
vt -984 256
vt -968 256
vt -968 288
vt -984 288
vt 984 288
vt 968 288
vt 968 256
vt 984 256
vt -984 128
vt -968 128
vt -968 192
vt -984 192
vt -288 -48.507393
vt -256 -48.507393
vt -256 -15.522528
vt -288 -15.522528
vt 992 224
vt 960 224
vt -960 224
vt -992 224
vt 288 457.90775
vt 256 457.90775
vt 256 424.92288
vt 288 424.92288
vt -288 224
vt -256 224
vt -256 256
vt 256 224
vt 288 224
vt -288 325.9683
vt -256 325.9683
vt -256 358.95316
vt -288 358.95316
vt 288 -114.47712
vt 256 -114.47712
vt 256 -147.46199
vt 288 -147.46199
vt -224 64
vt -224 96
vt 224 96
vt 224 64
vt -224 325.9683
vt -224 358.95316
vt 968 224
vt 984 224
vt 224 -114.47712
vt 224 -147.46199
vt -192 256
vt -992 192
vt -960 192
vt 960 192
vt 992 192
vt 224 256
vt 192 256
vt -264 128
vt -232 128
vt -232 192
vt -264 192
vt -984 224
vt -968 224
vt -224 -48.507393
vt -224 -15.522528
vt 224 457.90775
vt 224 424.92288
vt -224 224
vt 224 224
vt 320 80
vt 448 80
vt -1440 80
vt -1408 80
vt -1408 64
vt -1440 64
vt -1440 320
vt -1408 320
vt -1408 448
vt -1440 448
vt 1440 448
vt 1408 448
vt 1408 320
vt 1440 320
vt 1440 64
vt 1408 64
vt 1408 80
vt 1440 80
vt -448 80
vt -320 80
vt 320 96
vt 448 96
vt -1472 96
vt -1440 96
vt -1472 320
vt -1472 448
vt 1472 448
vt 1472 320
vt 1472 64
vt 1440 96
vt 1472 96
vt -448 96
vt -320 96
vt 320 112
vt 448 112
vt -1504 112
vt -1472 112
vt -1504 64
vt -1504 320
vt -1504 448
vt 1504 448
vt 1504 320
vt 1504 64
vt 1472 112
vt 1504 112
vt -448 112
vt -320 112
vt 320 128
vt -1504 128
vt -1536 320
vt 1536 320
vt 1536 64
vt 1504 128
vt -320 128
vt -64 112
vt 64 112
vt -1504 -64
vt -1472 -64
vt 1472 -64
vt 1504 -64
vt -64 96
vt -1440 -64
vt 1440 -64
vt -64 80
vt 64 80
vt -1408 -64
vt 1408 -64
vt 128 144
vt 256 144
vt -1696 144
vt -1664 144
vt -1696 128
vt -1664 256
vt -1696 256
vt 1696 256
vt 1664 256
vt 1664 128
vt 1696 128
vt 1664 144
vt 1696 144
vt -256 144
vt -128 144
vt 128 160
vt 256 160
vt -1728 160
vt -1696 160
vt -1728 128
vt -1728 256
vt 1728 256
vt 1696 160
vt 1728 160
vt -256 160
vt -128 160
vt 128 176
vt 256 176
vt -1760 176
vt -1728 176
vt -1760 128
vt -1760 256
vt 1760 256
vt 1760 128
vt 1728 176
vt 1760 176
vt -256 176
vt -128 176
vt -1760 192
vt 1760 192
vt -96 64
vt -96 96
vt 1248 96
vt 1216 96
vt 1248 64
vt -1248 -128
vt -1216 -128
vt -1216 -96
vt -1248 -96
vt 1248 -96
vt 1216 -96
vt 1216 -128
vt 1248 -128
vt -1248 64
vt -1216 96
vt -1248 96
vt -104 128
vt -120 128
vt -96 160
vt 1248 160
vt 1216 160
vt 1216 128
vt 1248 128
vt -1248 -120
vt -1216 -120
vt -1216 -104
vt -1248 -104
vt -128 192
vt -96 192
vt 1248 192
vt 1216 192
vt -1248 160
vt -1216 160
vt -1216 192
vt -1248 192
vt 1280 192
vt -1280 -96
vt 1280 -96
vt -1280 192
vt 1248 -104
vt 1216 -104
vt 1216 -120
vt 1248 -120
vt 104 128
vt 120 128
vt 96 160
vt -1184 160
vt -1184 128
vt -1216 128
vt 1184 -120
vt 1184 -104
vt -1184 -96
vt -1184 -128
vt 1184 96
vt 1184 64
vt 1184 -96
vt 1184 -128
vt -1184 64
vt -1184 96
vt 96 96
vt 96 64
vt 1184 192
vt 1184 160
vt -1184 192
vt 96 192
vt 1152 192
vt -1152 -96
vt 1152 -96
vt -1152 64
vt -1152 192
vt -1184 -104
vt -1184 -120
vt -96 128
vt -128 256
vt 1632 256
vt 1600 256
vt 1632 128
vt -1632 -128
vt -1600 -96
vt -1632 -96
vt 1632 -96
vt 1600 -96
vt 1632 -128
vt -1632 128
vt -1600 128
vt -1600 256
vt -1632 256
vt 104 192
vt 120 192
vt 128 224
vt 96 224
vt -1664 224
vt -1632 224
vt -1632 192
vt -1664 192
vt 1664 -120
vt 1632 -120
vt 1632 -104
vt 1664 -104
vt -1664 -96
vt -1664 -128
vt 1664 160
vt 1632 160
vt 1664 -96
vt 1664 -128
vt -1632 160
vt -1664 160
vt 96 128
vt -96 224
vt -128 224
vt 1632 224
vt 1664 224
vt 96 256
vt -1664 -104
vt -1632 -104
vt -1632 -120
vt -1664 -120
vt 1696 224
vt -1696 -128
vt -1696 -96
vt 1696 -96
vt 1696 -128
vt -1696 224
vt -104 192
vt -120 192
vt 1664 192
vt 1696 192
vt -1696 -120
vt -1696 -104
vt -1728 -96
vt 1728 -96
vt 1696 -104
vt 1696 -120
vt 512 128
vt 480 256
vt 512 256
vt -1632 480
vt -1600 480
vt -1600 512
vt -1632 512
vt 1632 512
vt 1600 512
vt 1600 480
vt 1632 480
vt -504 192
vt -488 192
vt -480 224
vt -512 224
vt 1664 488
vt 1632 488
vt 1632 504
vt 1664 504
vt -1664 512
vt -1664 480
vt 480 160
vt 512 160
vt 1664 512
vt 1664 480
vt -512 160
vt -480 160
vt -480 128
vt 512 224
vt 480 224
vt -512 256
vt -480 256
vt -1664 504
vt -1632 504
vt -1632 488
vt -1664 488
vt -1696 480
vt -1696 512
vt 1696 512
vt 1696 480
vt 504 192
vt 488 192
vt -1696 488
vt -1696 504
vt -1728 480
vt -1728 512
vt 1728 512
vt 1728 480
vt 1696 504
vt 1696 488
vt -1469.159 192
vt -1342.3392 192
vt -1342.3392 32
vt -1469.159 32
vt -1872 24
vt -1896 48
vt 1896 48
vt 1872 24
vt 1117.9661 32
vt 991.14624 32
vt 991.14624 192
vt 1117.9661 192
vt -1340.6749 192
vt -1340.6749 32
vt -1374.616 32
vt -1374.616 192
vt 3.9790464e-13 32
vt 3.9790464e-13 192
vt -1808 192
vt -1808 32
vt -1808 -0
vt -1792 -0
vt 1792 -0
vt 1808 -0
vt -224.25528 32
vt -349.28232 32
vt -349.28232 192
vt -224.25528 192
vt 349.28232 32
vt 224.25528 32
vt 224.25528 192
vt 349.28232 192
vt -1840 8
vt 1840 8
vt -1783.1228 192
vt -1754.0186 192
vt -1754.0186 32
vt -1783.1228 32
vt -784.37775 32
vt -784.37775 192
vt -690.78723 192
vt -690.78723 32
vt 784.37775 32
vt 690.78723 32
vt 690.78723 192
vt 784.37775 192
vt -858.6509 192
vt -830.0292 192
vt -830.0292 32
vt -858.6509 32
vt 1342.3392 32
vt 1342.3392 192
vt 1469.159 192
vt 1469.159 32
vt -1117.9661 192
vt -991.14624 192
vt -991.14624 32
vt -1117.9661 32
vt -1912 80
vt 1912 80
vt 1804.9594 32
vt 1711.3688 32
vt 1711.3688 192
vt 1804.9594 192
vt -1717.2998 192
vt -1717.2998 32
vt -1745.9215 32
vt -1745.9215 192
vt -1804.9594 192
vt -1711.3688 192
vt -1711.3688 32
vt -1804.9594 32
vt -1920 112
vt 1920 112
vt 1919.0657 32
vt 1794.0387 32
vt 1794.0387 192
vt 1919.0657 192
vt 386.1174 192
vt 386.1174 32
vt 357.0131 32
vt 357.0131 192
vt -1919.0657 192
vt -1794.0387 192
vt -1794.0387 32
vt -1919.0657 32
vt -112 192
vt -112 32
vt 1426.7236 32
vt 1295.5139 32
vt 1295.5139 192
vt 1426.7236 192
vt -1896 336
vt -1872 360
vt 1872 360
vt 1896 336
vt -1707.678 192
vt -1576.4683 192
vt -1576.4683 32
vt -1707.678 32
vt 1069.1458 32
vt 1069.1458 192
vt 1103.0869 192
vt 1103.0869 32
vt 384 192
vt 384 32
vt -1792 384
vt -1808 384
vt 1808 384
vt 1792 384
vt -476.29388 192
vt -476.29388 32
vt -605.29004 32
vt -605.29004 192
vt 476.29388 192
vt 605.29004 192
vt 605.29004 32
vt 476.29388 32
vt -1840 376
vt 1840 376
vt -1693.8696 32
vt -1660.8848 32
vt -1660.8848 192
vt -1693.8696 192
vt -903.2228 192
vt -903.2228 32
vt -1032.4668 32
vt -1032.4668 192
vt 903.2228 192
vt 1032.4668 192
vt 1032.4668 32
vt 903.2228 32
vt 1513.3704 32
vt 1477.5933 32
vt 1477.5933 192
vt 1513.3704 192
vt -1295.5139 192
vt -1295.5139 32
vt -1426.7236 32
vt -1426.7236 192
vt 1707.678 32
vt 1576.4683 32
vt 1576.4683 192
vt 1707.678 192
vt -1912 304
vt 1912 304
vt 1888.1509 192
vt 1758.9069 192
vt 1758.9069 32
vt 1888.1509 32
vt 547.39026 192
vt 583.16736 192
vt 583.16736 32
vt 547.39026 32
vt -1888.1509 32
vt -1758.9069 32
vt -1758.9069 192
vt -1888.1509 192
vt -1920 272
vt 1920 272
vt 1938.9113 192
vt 1809.9152 192
vt 1809.9152 32
vt 1938.9113 32
vt 168.80536 192
vt 201.79022 192
vt 201.79022 32
vt 168.80536 32
vt -1938.9113 32
vt -1809.9152 32
vt -1809.9152 192
vt -1938.9113 192
vt -272 32
vt -272 192
vt -256 192
vt -192 224
vt -1896 256
vt -1888 256
vt -1888 224
vt -1896 224
vt -192 1896
vt -192 1888
vt -224 1888
vt -224 1896
vt -224 -1896
vt -224 -1888
vt -192 -1888
vt -192 -1896
vt 1896 224
vt 1888 224
vt 1888 256
vt 1896 256
vt -864 96
vt -448 864
vt -320 864
vt -320 960
vt -448 960
vt 448 960
vt 320 960
vt 320 864
vt 448 864
vt -960 160
vt 0 160
vt -64 160
vt 0 64
vt -64 960
vt 0 960
vt 0 1216
vt -64 1216
vt 64 1216
vt 64 960
vt 960 160
vt -1344 96
vt 512 96
vt -512 1216
vt -256 1216
vt -256 1344
vt -512 1344
vt 512 1344
vt 256 1344
vt 256 1216
vt 512 1216
vt 192 96
vt 1344 96
vt -1344 128
vt -1472 128
vt 192 128
vt -256 1472
vt -512 1472
vt 512 1472
vt 256 1472
vt 1472 128
vt 1344 128
vt -384 96
vt -384 64
vt -320 1216
vt 320 1216
vt -448 1216
vt 448 1216
vt 384 64
vt -704 96
vt -704 64
vt -640 960
vt -640 1216
vt 640 1216
vt 640 960
vt 576 96
vt 928 96
vt 896 96
vt 896 288
vt 928 288
vt -352 288
vt -320 288
vt -352 96
vt -352 896
vt -320 896
vt -320 928
vt -352 928
vt 352 928
vt 320 928
vt 320 896
vt 352 896
vt 352 96
vt 320 288
vt 352 288
vt -928 288
vt -896 288
vt -896 96
vt -928 96
vt 896 128
vt 928 128
vt -384 128
vt -352 128
vt -384 896
vt -384 928
vt 384 928
vt 384 896
vt 352 128
vt -928 128
vt -896 128
vt 920 160
vt 904 160
vt 904 224
vt 920 224
vt -384 224
vt -352 224
vt -352 160
vt -384 160
vt -384 904
vt -352 904
vt -352 920
vt -384 920
vt 384 920
vt 352 920
vt 352 904
vt 384 904
vt 384 160
vt 352 160
vt 352 224
vt 384 224
vt -920 224
vt -904 224
vt -904 160
vt -920 160
vt 896 256
vt 928 256
vt -434.62375 155.22278
vt -403.5792 162.98393
vt -395.81805 131.93936
vt -426.86258 124.17821
vt 318.20645 310.44586
vt 287.16193 302.6847
vt 279.40076 333.72928
vt 310.4453 341.49042
vt -928 256
vt -896 256
vt -384 288
vt -352 256
vt -384 256
vt 384 256
vt 352 256
vt 384 288
vt -333.72876 248.3567
vt -302.68423 240.59555
vt -310.44537 209.55098
vt -341.48993 217.31213
vt 403.57913 31.04448
vt 372.5346 38.805634
vt 380.29575 69.850204
vt 411.3403 62.089054
vt -416 128
vt -416 96
vt -416 896
vt -416 928
vt 416 928
vt 416 896
vt 416 96
vt 416 128
vt -364.77332 256.11786
vt -372.53445 225.07327
vt 416 920
vt 416 904
vt 434.6237 23.283327
vt 442.38483 54.327904
vt -448 288
vt -416 288
vt -448 896
vt -448 928
vt 448 928
vt 448 896
vt 416 288
vt 448 288
vt -416 224
vt -416 160
vt -416 904
vt -416 920
vt 416 160
vt 416 224
vt -465.66827 147.46164
vt -457.90714 116.41705
vt 349.251 318.207
vt 341.48987 349.2516
vt -416 256
vt 416 256
vt -1024 96
vt -960 112
vt -1024 112
vt 192 112
vt 160 112
vt 160 96
vt -192 960
vt -160 960
vt -160 1024
vt -192 1024
vt 192 1024
vt 160 1024
vt 160 960
vt 192 960
vt -160 96
vt -160 112
vt -192 112
vt 1024 112
vt 960 112
vt 1024 96
vt -960 128
vt -1024 128
vt 160 128
vt -128 960
vt -128 1024
vt 128 1024
vt 128 960
vt -160 128
vt 1024 128
vt 960 128
vt -960 144
vt -1024 144
vt 96 144
vt -96 960
vt -96 1024
vt 96 1024
vt 96 960
vt -96 144
vt 1024 144
vt 960 144
vt -1024 160
vt 64 160
vt -64 1024
vt 64 1024
vt 1024 160
vt -1152 96
vt -1152 144
vt -1216 144
vt -128 1152
vt -96 1152
vt -96 1216
vt -128 1216
vt 128 1216
vt 96 1216
vt 96 1152
vt 128 1152
vt 1216 144
vt 1152 144
vt 1152 96
vt -1152 128
vt -160 1152
vt -160 1216
vt 160 1216
vt 160 1152
vt 1152 128
vt -1152 160
vt -64 1152
vt 64 1152
vt 1152 160
vt -1152 112
vt -1216 112
vt -192 1152
vt -192 1216
vt 192 1216
vt 192 1152
vt 1216 112
vt 1152 112
vt 1079.5985 64
vt 950.6023 64
vt 950.6023 160
vt 1079.5985 160
vt -4.2632545e-13 160
vt -16 160
vt -16 64
vt -4.2632545e-13 64
vt 16 960
vt 0 1088
vt -16 960
vt -1088 160
vt 1010.183 64
vt 880.93896 64
vt 880.93896 160
vt 1010.183 160
vt -248.35684 160
vt -281.3417 160
vt -281.3417 64
vt -248.35684 64
vt 48 968
vt -48 968
vt -950.6023 64
vt -1079.5985 64
vt -1079.5985 160
vt -950.6023 160
vt 1038.0531 160
vt 1071.038 160
vt 1071.038 64
vt 1038.0531 64
vt -134.95007 64
vt -5.953936 64
vt -5.953936 160
vt -134.95007 160
vt 120 1040
vt 128 1072
vt -128 1072
vt -120 1040
vt 274.8294 160
vt 274.8294 64
vt 404.0734 64
vt 404.0734 160
vt 862.37494 64
vt 731.16516 64
vt 731.16516 160
vt 862.37494 160
vt 475.83566 160
vt 511.61273 160
vt 511.61273 64
vt 475.83566 64
vt 80 984
vt -80 984
vt -880.93896 64
vt -1010.183 64
vt -1010.183 160
vt -880.93896 160
vt 752.3619 160
vt 786.303 160
vt 786.303 64
vt 752.3619 64
vt 663.36554 64
vt 532.15576 64
vt 532.15576 160
vt 663.36554 160
vt 104 1008
vt -104 1008
vt -731.16516 64
vt -862.37494 64
vt -862.37494 160
vt -731.16516 160
vt 948.09265 160
vt 983.86975 160
vt 983.86975 64
vt 948.09265 64
vt -404.0734 64
vt -274.8294 64
vt -274.8294 160
vt -404.0734 160
vt -532.15576 160
vt -532.15576 64
vt -663.36554 64
vt -663.36554 160
vt 1072 160
vt 1088 160
vt 1088 64
vt 1072 64
vt 128 1088
vt -128 1088
vt 4.8316884e-13 64
vt 4.8316884e-13 160
vt 5.953936 160
vt 5.953936 64
vt 134.95007 64
vt 134.95007 160
vt 989.19476 160
vt 989.19476 64
vt 104 1168
vt 80 1192
vt -80 1192
vt -104 1168
vt -790.1854 64
vt -790.1854 160
vt 1204.6255 160
vt 1204.6255 64
vt 16 1216
vt -16 1216
vt -5.400122e-13 64
vt -5.400122e-13 160
vt 1103.7734 160
vt 1103.7734 64
vt -310.44608 64
vt -339.55035 64
vt -339.55035 160
vt -310.44608 160
vt 48 1208
vt -48 1208
vt -1204.6255 64
vt -1204.6255 160
vt 790.1854 160
vt 790.1854 64
vt 1059.0016 64
vt 1030.3799 64
vt 1030.3799 160
vt 1059.0016 160
vt -1103.7734 64
vt -1103.7734 160
vt 429.32553 64
vt 400.70386 64
vt 400.70386 160
vt 429.32553 160
vt -310.48294 160
vt -310.48294 64
vt 120 1136
vt -120 1136
vt -989.19476 64
vt -989.19476 160
vt 1131.1868 64
vt 1102.0825 64
vt 1102.0825 160
vt 1131.1868 160
vt -9.923056 160
vt -9.923056 64
vt 128 1104
vt -128 1104
vt 310.48294 64
vt 310.48294 160
vt 1104 64
vt 1104 160
vt 9.923056 64
vt 9.923056 160
vt 1312 96
vt 1312 128
vt -512 1312
vt -256 1312
vt 256 1312
vt 512 1312
vt -1312 128
vt -1312 96
vt 1280 96
vt 1280 112
vt 1312 112
vt -512 112
vt -256 112
vt -512 1280
vt -256 1280
vt 256 1280
vt 512 1280
vt 256 112
vt 512 112
vt -1312 112
vt -1280 112
vt -1280 96
vt 1527.6914 64
vt 1400.8716 64
vt 1400.8716 128
vt 1527.6914 128
vt -504 1520
vt -384 1472
vt -488 1552
vt 488 1552
vt 384 1472
vt 504 1520
vt 96.56191 128
vt 190.15239 128
vt 190.15239 64
vt 96.56191 64
vt -257.59576 128
vt -228.97408 128
vt -228.97408 64
vt -257.59576 64
vt -96.56191 64
vt -190.15239 64
vt -190.15239 128
vt -96.56191 128
vt -512 1488
vt 512 1488
vt -323.48227 128
vt -198.45523 128
vt -198.45523 64
vt -323.48227 64
vt -1596.8555 128
vt -1567.7512 128
vt -1567.7512 64
vt -1596.8555 64
vt 323.48227 64
vt 198.45523 64
vt 198.45523 128
vt 323.48227 128
vt -1488 64
vt -1488 128
vt 1328.6821 64
vt 1201.8622 64
vt 1201.8622 128
vt 1328.6821 128
vt -464 1576
vt 464 1576
vt -1527.6914 128
vt -1400.8716 128
vt -1400.8716 64
vt -1527.6914 64
vt -786.303 64
vt -786.303 128
vt -752.3619 128
vt -752.3619 64
vt 1224.104 128
vt 1317.6945 128
vt 1317.6945 64
vt 1224.104 64
vt -432 1592
vt 432 1592
vt -1202.1096 64
vt -1230.7313 64
vt -1230.7313 128
vt -1202.1096 128
vt -1201.8622 128
vt -1201.8622 64
vt -1328.6821 64
vt -1328.6821 128
vt 1413.0038 128
vt 1538.0308 128
vt 1538.0308 64
vt 1413.0038 64
vt -400 1600
vt 400 1600
vt 805.2191 64
vt 776.1148 64
vt 776.1148 128
vt 805.2191 128
vt -1224.104 128
vt -1224.104 64
vt -1317.6945 64
vt -1317.6945 128
vt 1600 64
vt -384 1600
vt 384 1600
vt 400 64
vt 400 128
vt -1413.0038 128
vt -1413.0038 64
vt -1538.0308 64
vt -1538.0308 128
vt 1329.3612 64
vt 1295.42 64
vt 1295.42 128
vt 1329.3612 128
vt 593.12695 128
vt 724.33673 128
vt 724.33673 64
vt 593.12695 64
vt -280 1552
vt -304 1576
vt 304 1576
vt 280 1552
vt -932.6135 64
vt -1063.8232 64
vt -1063.8232 128
vt -932.6135 128
vt 1488 64
vt 1488 128
vt -256 1488
vt 256 1488
vt 69.45909 64
vt 69.45909 128
vt 1538.6469 64
vt 1505.662 64
vt 1505.662 128
vt 1538.6469 128
vt -69.45909 128
vt -69.45909 64
vt -264 1520
vt 264 1520
vt -319.3964 64
vt -319.3964 128
vt 1513.3706 64
vt 1477.5935 64
vt 1477.5935 128
vt 1513.3706 128
vt 319.3964 128
vt 319.3964 64
vt -593.12695 64
vt -724.33673 64
vt -724.33673 128
vt -593.12695 128
vt 932.6135 128
vt 1063.8232 128
vt 1063.8232 64
vt 932.6135 64
vt 1012.4922 64
vt 976.7151 64
vt 976.7151 128
vt 1012.4922 128
vt -336 1592
vt 336 1592
vt -1353.348 64
vt -1353.348 128
vt 1353.348 128
vt 1353.348 64
vt 745.07025 64
vt 712.0854 64
vt 712.0854 128
vt 745.07025 128
vt -368 1600
vt 368 1600
vt -1541.9999 64
vt -1541.9999 128
vt 1541.9999 128
vt 1541.9999 64
vt 368 64
vt 368 128
vt -1600 64
vt 1134.8032 64
vt 880.78 64
vt 880.78 112
vt 1134.8032 112
vt -704 112
vt -640 112
vt -640 64
vt -704 960
vt -736 1216
vt 736 1216
vt 704 960
vt -736 64
vt -736 112
vt 1297.8998 112
vt 1039.9075 112
vt 1039.9075 64
vt 1297.8998 64
vt -582.0856 96
vt -450.14612 96
vt -450.14612 64
vt -582.0856 64
vt -832 928
vt -928 1168
vt 928 1168
vt 832 928
vt -617.0107 64
vt -419.10147 64
vt -419.10147 96
vt -617.0107 96
vt 1429.1119 96
vt 1170.624 96
vt 1170.624 64
vt 1429.1119 64
vt 1168 64
vt 928 64
vt 1168 96
vt -472.25702 96
vt -329.14868 96
vt -329.14868 64
vt -472.25702 64
vt -960 864
vt -1120 1072
vt 1120 1072
vt 960 864
vt -522.34485 64
vt -307.6823 64
vt -307.6823 96
vt -522.34485 96
vt 1532.5692 96
vt 1270.1497 96
vt 1270.1497 64
vt 1532.5692 64
vt 864 64
vt 864 96
vt 1072 96
vt -203.64682 96
vt -67.88227 96
vt -67.88227 64
vt -203.64682 64
vt -1264 928
vt -1056 768
vt 1056 768
vt 1264 928
vt 1567.6886 96
vt 1305.269 96
vt 1305.269 64
vt 1567.6886 64
vt -33.941135 64
vt -33.941135 96
vt -237.58795 96
vt -237.58795 64
vt 71.5536 96
vt 214.66196 96
vt 214.66196 64
vt 71.5536 64
vt 1266.4615 64
vt 1058.4615 64
vt 1058.4615 96
vt 1266.4615 96
vt -1360 736
vt -1120 640
vt 1120 640
vt 1360 736
vt 1536.0725 96
vt 1277.5845 96
vt 1277.5845 64
vt 1536.0725 64
vt 264.74976 96
vt 50.08723 96
vt 50.08723 64
vt 264.74976 64
vt 217.31174 96
vt 349.2512 96
vt 349.2512 64
vt 217.31174 64
vt 1372.7932 64
vt 1132.8 64
vt 1132.8 96
vt 1372.7932 96
vt -1407.9927 544
vt -1152 512
vt -1359.9932 735.99725
vt 1359.9932 735.99725
vt 1152 512
vt 1407.9927 544
vt 1464.5952 96
vt 1206.6102 96
vt 1206.6102 64
vt 1464.5952 64
vt 384.1753 96
vt 186.26889 96
vt 186.26889 64
vt 384.1753 64
vt 536 96
vt 536 64
vt 1420 64
vt 1356 64
vt 1356 96
vt 1420 96
vt -1344 536
vt -1408 544
vt 1408 544
vt 1344 536
vt 544 64
vt 1228 64
vt 1164 64
vt 1164 96
vt 1228 96
vt -1088 96
vt -1152 448
vt -1216 520
vt 1216 520
vt 1152 448
vt -520 64
vt -520 96
vt 217.31174 192
vt 349.2512 192
vt 1132.8 192
vt 1372.7932 192
vt 1464.5952 192
vt 1206.6102 192
vt 384.1753 192
vt 186.26889 192
vt 71.5536 176
vt 214.66196 176
vt 1058.4615 176
vt 1266.4615 176
vt 1536.0725 176
vt 1277.5845 176
vt 264.74976 176
vt 50.08723 176
vt 864 160
vt -203.64682 160
vt -67.88227 160
vt 1567.6886 160
vt 1305.269 160
vt -33.941135 160
vt -237.58795 160
vt 928 144
vt 1168 144
vt -472.25702 144
vt -329.14868 144
vt -307.6823 144
vt -522.34485 144
vt 1532.5692 144
vt 1270.1497 144
vt -582.0856 128
vt -450.14612 128
vt -419.10147 128
vt -617.0107 128
vt 1429.1119 128
vt 1170.624 128
vt 536 208
vt 448 208
vt 1356 208
vt 1420 208
vt -1344 208
vt -1280 208
vt 544 208
vt 512 208
vt 1164 208
vt 1228 208
vt -1152 208
vt -1088 208
vt -448 208
vt -520 208
vt -512 208
vt -1216 208
vt -512 192
vt -448 192
vt -1344 192
vt 448 192
vt 512 192
vt 128 384
vt 256 384
vt 256 400
vt 128 400
vt -128 400
vt -320 400
vt -320 384
vt -128 384
vt 128 -256
vt 320 -256
vt 320 -128
vt 128 -128
vt -128 -128
vt -320 -128
vt -320 -256
vt -128 -256
vt 320 384
vt 320 400
vt -256 400
vt -256 384
vt 64 192
vt 64 256
vt -320 192
vt 320 -64
vt 128 -64
vt -128 -64
vt -320 -64
vt 320 192
vt -64 256
vt -64 192
vt 0 -0
vt 128 -0
vt 0 192
vt 288 192
vt 320 -0
vt 288 -0
vt 128 -288
vt 128 -320
vt 0 -320
vt 0 -288
vt 0 288
vt 0 320
vt 128 320
vt 128 288
vt -320 -0
vt -288 192
vt -128 -0
vt -32 192
vt 32 192
vt 160 -0
vt 256 -0
vt 160 192
vt 320 -160
vt 128 -160
vt -160 192
vt -256 -0
vt -160 -0
vt 160 -32
vt -320 -32
vt -128 -32
vt -320 -160
vt -128 -160
vt 128 -32
vt 320 -32
vt -160 -32
vt 288 32
vt -288 32
vt 288 -160
vt 288 -128
vt -288 -128
vt -288 -160
vt -128 -448
vt 128 -448
vt 256 -32
vt 448 -32
vt 0 -32
vt 0 -448
vt 0 -256
vt -256 -448
vt -256 -256
vt 256 -256
vt 256 -448
vt -256 -32
vt -448 -32
vt 576 -32
vt 576 32
vt 160 32
vt -160 -576
vt -128 -576
vt -160 -448
vt 160 -448
vt 128 -576
vt 160 -576
vt -160 32
vt -576 32
vt -576 -32
vt -608 -32
vt -608 32
vt 32 32
vt -160 -608
vt 32 -608
vt 32 -576
vt -32 -576
vt -32 -608
vt 160 -608
vt -32 32
vt 608 32
vt 608 -32
vt 448 -48
vt 576 -48
vt 576 -16
vt 448 -16
vt 128 -16
vt 0 -16
vt 0 -48
vt 128 -48
vt 0 -576
vt -448 -16
vt -576 -16
vt -576 -48
vt -448 -48
vt 0 32
vt 32 -448
vt -32 -448
vt 0 -128
vt -256 -128
vt 256 -128
vt 448 -0
vt -448 -0
vt -96 112
vt 32 112
vt 32 128
vt -462 44
vt -270 44
vt -270 -84
vt -462 -84
vt -32 128
vt -32 112
vt 96 112
vt -96 -32
vt 96 -32
vt -448 -256
vt 448 -256
vt -462 40
vt -270 40
vt -270 -120
vt -462 -120
vt -256 320
vt 256 320
vt -128 320
vt -96 -0
vt 96 -0
vt 5.366528 352
vt -12.522016 352
vt -12.522016 192
vt 5.366528 192
vt -56.337288 192
vt 74.87249 192
vt 74.87249 352
vt -56.337288 352
vt -52 8
vt 68 -40
vt 76 -24
vt -28 56
vt 28 56
vt -76 -24
vt -68 -40
vt 52 8
vt 51.25193 352
vt -77.99207 352
vt -77.99207 192
vt 51.25193 192
vt 37.56592 352
vt -16.099712 352
vt -16.099712 192
vt 37.56592 192
vt 140.47737 192
vt 140.47737 256
vt 74.87249 256
vt -77.99207 256
vt -142.61407 256
vt -142.61407 192
vt 12.522016 256
vt -5.366528 256
vt -5.366528 192
vt 12.522016 192
vt 79.38227 256
vt 14.8842 256
vt 14.8842 192
vt 79.38227 192
vt 120 -0
vt 104 -4
vt -104 -4
vt -120 -0
vt 99.92473 192
vt 116.41716 192
vt 116.41716 256
vt 99.92473 256
vt -106.96058 256
vt -106.96058 192
vt -42.338573 192
vt -42.338573 256
vt 0 256
vt 120 256
vt -79.38227 256
vt -79.38227 192
vt -14.8842 192
vt -14.8842 256
vt 106.96058 256
vt 42.338573 256
vt 42.338573 192
vt 106.96058 192
vt 88 -12
vt -88 -12
vt 73.34301 192
vt 91.23155 192
vt 91.23155 256
vt 73.34301 256
vt -128.77095 256
vt -128.77095 192
vt -63.166058 192
vt -63.166058 256
vt 63.166058 192
vt 128.77095 192
vt 128.77095 256
vt 63.166058 256
vt -74.87249 256
vt -140.47737 256
vt -140.47737 192
vt -74.87249 192
vt 53.74013 192
vt 53.74013 256
vt 36.769566 256
vt 36.769566 192
vt 70.45175 192
vt 134.94983 192
vt 134.94983 256
vt 70.45175 256
vt 64 -64
vt 64 -56
vt -64 -56
vt -64 -64
vt -56 192
vt -56 256
vt 77.99207 192
vt 142.61407 192
vt 142.61407 256
vt 77.99207 256
vt -70.45175 256
vt -134.94983 256
vt -134.94983 192
vt -70.45175 192
vt -22.313272 256
vt -38.805702 256
vt -38.805702 192
vt -22.313272 192
vt 38.805702 352
vt 22.313272 352
vt 22.313272 192
vt 38.805702 192
vt -51.25193 192
vt 77.99207 352
vt -51.25193 352
vt -64 -40
vt 64 -40
vt 58.54439 352
vt -70.45175 352
vt 58.54439 192
vt -4.850728 352
vt -54.328026 352
vt -54.328026 192
vt -4.850728 192
vt -68.04372 192
vt 63.166058 336
vt -68.04372 336
vt -36.769566 336
vt -53.74013 336
vt -53.74013 192
vt -36.769566 192
vt 8 92
vt -8 92
vt 56.337288 336
vt -74.87249 336
vt 56.337288 192
vt 70.7107 192
vt 70.7107 336
vt 19.798996 336
vt 19.798996 192
vt -86.90543 192
vt 42.338573 336
vt -86.90543 336
vt -73.34301 336
vt -91.23155 336
vt -91.23155 192
vt -73.34301 192
vt 56 116
vt -56 116
vt 48.299103 192
vt 101.96474 192
vt 101.96474 336
vt 48.299103 336
vt 68.04372 336
vt -63.166058 336
vt 68.04372 192
vt -114.111946 192
vt 14.8842 320
vt -114.111946 320
vt -99.92473 320
vt -116.41716 320
vt -116.41716 192
vt -99.92473 192
vt 82.46218 192
vt 131.93948 192
vt 131.93948 320
vt 82.46218 320
vt 86.90543 320
vt -42.338573 320
vt 86.90543 192
vt -145.8649 192
vt -16.86876 192
vt -16.86876 320
vt -145.8649 320
vt -120 320
vt -136 320
vt -136 192
vt 136 -0
vt 152 128
vt -152 128
vt -136 -0
vt 152 192
vt 152 320
vt 104 320
vt 114.111946 320
vt -14.8842 320
vt 114.111946 192
vt -52.737522 304
vt -181.98154 304
vt -181.98154 192
vt -52.737522 192
vt 116.41713 192
vt 165.89442 192
vt 165.89442 304
vt 116.41713 304
vt 152 -4
vt 200 116
vt -200 116
vt -152 -4
vt -131.93945 304
vt -148.43188 304
vt -148.43188 192
vt -131.93945 192
vt 145.8649 304
vt 16.86876 304
vt 16.86876 192
vt 145.8649 192
vt -92.91996 304
vt -224.12973 304
vt -224.12973 192
vt -92.91996 192
vt 127.008575 192
vt 180.67421 192
vt 180.67421 304
vt 127.008575 304
vt 168 -12
vt 248 92
vt -248 92
vt -168 -12
vt -137.74176 304
vt -155.63031 304
vt -155.63031 192
vt -137.74176 192
vt 181.98154 304
vt 52.737522 304
vt 52.737522 192
vt 181.98154 192
vt 66.93994 192
vt 116.41724 192
vt 116.41724 272
vt 66.93994 272
vt -183.57141 272
vt -312.56757 272
vt -312.56757 192
vt -183.57141 192
vt 192 -56
vt 320 -40
vt 308 8
vt 188 -40
vt -188 -40
vt -308 8
vt -320 -40
vt -192 -56
vt 159.69803 192
vt 288.94205 192
vt 288.94205 272
vt 159.69803 272
vt -84.40249 272
vt -100.89492 272
vt -100.89492 192
vt -84.40249 192
vt 101.96477 192
vt 119.85331 192
vt 119.85331 256
vt 101.96477 256
vt -95.076035 256
vt -159.69803 256
vt -159.69803 192
vt -95.076035 192
vt 180 -24
vt -180 -24
vt 62.43437 192
vt 128.03926 192
vt 128.03926 256
vt 62.43437 256
vt 11.88448 256
vt -52.737522 256
vt 11.88448 192
vt 131.93945 192
vt 148.43188 192
vt 148.43188 256
vt 131.93945 256
vt -47.62931 256
vt -47.62931 192
vt 16.86876 256
vt 47.62931 256
vt -16.86876 256
vt 47.62931 192
vt 136 192
vt 136 256
vt -27.315071 256
vt -92.91996 256
vt -27.315071 192
vt 137.74176 192
vt 155.63031 192
vt 155.63031 256
vt 137.74176 256
vt -11.88448 256
vt -11.88448 192
vt 52.737522 256
vt 127.27926 192
vt 144.24983 192
vt 144.24983 256
vt 127.27926 256
vt -62.43437 256
vt -128.03926 256
vt -128.03926 192
vt -62.43437 192
vt 27.315071 192
vt 92.91996 192
vt 92.91996 256
vt 27.315071 256
vt 56 192
vt 56 256
vt -192 192
vt 192 -64
vt -192 -64
vt 119.07334 192
vt 183.57141 192
vt 183.57141 256
vt 119.07334 256
vt 84.40249 192
vt 100.89492 192
vt 100.89492 256
vt 84.40249 256
vt -119.07334 256
vt -183.57141 256
vt -119.07334 192
vt 95.076035 192
vt 159.69803 256
vt 95.076035 256
vt 40 192
vt 64 272
vt 40 272
vt -192 272
vt -320 272
vt 312.56757 192
vt 312.56757 272
vt 183.57141 272
vt -56 272
vt -64 272
vt 76.92086 192
vt 130.5865 192
vt 130.5865 288
vt 76.92086 288
vt -159.69803 288
vt -288.94205 288
vt -288.94205 192
vt 284 56
vt -284 56
vt 259.24902 192
vt 259.24902 288
vt 128.03926 288
vt -101.96477 288
vt -119.85331 288
vt -119.85331 192
vt -101.96477 192
vt 110.30869 192
vt 161.2204 192
vt 161.2204 288
vt 110.30869 288
vt -128.03926 288
vt -259.24902 288
vt -259.24902 192
vt -127.27926 288
vt -144.24983 288
vt -144.24983 192
vt -127.27926 192
vt 224.12973 192
vt 224.12973 288
vt 92.91996 288
vt 56 368
vt 72 192
vt 72 368
vt 74.420876 368
vt -54.57527 368
vt -54.57527 192
vt 74.420876 192
vt -58.54439 192
vt 70.45175 368
vt -58.54439 368
vt -64 -88
vt 64 -72
vt -64 -72
vt 64 -88
vt -88 368
vt -88 192
vt -40 192
vt -40 368
vt 109.120125 192
vt 127.008675 192
vt 127.008675 384
vt 109.120125 384
vt 134.3803 384
vt 3.17052 384
vt 3.17052 192
vt 134.3803 192
vt -28 -184
vt 76 -104
vt 68 -88
vt -52 -136
vt 52 -136
vt -68 -88
vt -76 -104
vt 28 -184
vt -98.78998 192
vt 30.454027 192
vt 30.454027 384
vt -98.78998 384
vt -98.38695 384
vt -152.05258 384
vt -152.05258 192
vt -98.38695 192
vt 3.17052 256
vt 30.454027 256
vt -127.008675 256
vt -127.008675 192
vt -109.120125 192
vt -109.120125 256
vt 112.12738 192
vt 112.12738 256
vt 104 -124
vt 120 -128
vt -120 -128
vt -104 -124
vt -130.96933 256
vt -147.46176 256
vt -147.46176 192
vt -130.96933 192
vt -76.506485 256
vt -76.506485 192
vt -120 256
vt -112.12738 192
vt -112.12738 256
vt 76.506485 192
vt 76.506485 256
vt 88 -116
vt -88 -116
vt -130.5864 256
vt -148.47495 256
vt -148.47495 192
vt -130.5864 192
vt -38.289818 256
vt -38.289818 192
vt 38.289818 256
vt 38.289818 192
vt -3.17052 192
vt -3.17052 256
vt -144.24983 256
vt -127.27926 256
vt -54.57527 256
vt -72 256
vt -72 192
vt -30.454027 256
vt -30.454027 192
vt 54.57527 192
vt 54.57527 256
vt -101.86503 256
vt -101.86503 192
vt -85.3726 192
vt -85.3726 256
vt 85.3726 192
vt 101.86503 192
vt 101.86503 368
vt 85.3726 368
vt 98.78998 368
vt -30.454027 368
vt 98.78998 192
vt -74.420876 192
vt 54.57527 368
vt -74.420876 368
vt -69.85028 368
vt -119.327576 368
vt -119.327576 192
vt -69.85028 192
vt 169.49959 384
vt 38.289818 384
vt 169.49959 192
vt 144.24983 384
vt 127.27926 384
vt 8 -220
vt -8 -220
vt -134.3803 192
vt -3.17052 384
vt -134.3803 384
vt -110.30869 384
vt -161.2204 384
vt -161.2204 192
vt -110.30869 192
vt 205.75049 400
vt 76.506485 400
vt 205.75049 192
vt 130.5864 192
vt 148.47495 192
vt 148.47495 400
vt 130.5864 400
vt 56 -244
vt -56 -244
vt -105.542496 400
vt -159.20813 400
vt -159.20813 192
vt -105.542496 192
vt -38.289818 400
vt -169.49959 400
vt -169.49959 192
vt 241.12354 400
vt 112.12738 400
vt 241.12354 192
vt 130.96933 192
vt 147.46176 192
vt 147.46176 400
vt 130.96933 400
vt 104 -256
vt -104 -256
vt -113.50679 400
vt -162.98409 400
vt -162.98409 192
vt -113.50679 192
vt -76.506485 400
vt -205.75049 400
vt -205.75049 192
vt -104 400
vt 120 400
vt -112.12738 400
vt -241.12354 400
vt -241.12354 192
vt 243.50581 256
vt 194.02852 256
vt 194.02852 -32
vt 243.50581 -32
vt 158.76454 -32
vt 352.25876 -32
vt 352.25876 256
vt 158.76454 256
vt 308 -328
vt 320 -280
vt -320 -280
vt -308 -328
vt -407.78717 256
vt -407.78717 -32
vt -213.92116 -32
vt -213.92116 256
vt 269.89966 -32
vt 463.39386 -32
vt 463.39386 256
vt 269.89966 256
vt -152 256
vt -152 -32
vt 152 -448
vt -152 -448
vt -448 256
vt 280.95474 -32
vt 477.7694 -32
vt 477.7694 256
vt 280.95474 256
vt 16.099903 256
vt -37.565727 256
vt -37.565727 -32
vt 16.099903 -32
vt 200 -436
vt 248 -412
vt -248 -412
vt -200 -436
vt -479.09418 -32
vt -285.22815 -32
vt -285.22815 256
vt -479.09418 256
vt 280 256
vt 280 -32
vt -352.25876 256
vt -352.25876 -32
vt -158.76454 -32
vt -158.76454 256
vt 209.29578 256
vt 155.63014 256
vt 155.63014 -32
vt 209.29578 -32
vt 213.92116 -32
vt 407.78717 -32
vt 407.78717 256
vt 213.92116 256
vt 284 -376
vt -284 -376
vt -454.35654 256
vt -454.35654 -32
vt -257.5419 -32
vt -257.5419 256
vt 115.965546 256
vt 65.05384 256
vt 65.05384 -32
vt 115.965546 -32
vt 257.5419 -32
vt 454.35654 -32
vt 454.35654 256
vt 257.5419 256
vt -477.7694 256
vt -477.7694 -32
vt -280.95474 -32
vt -280.95474 256
vt 285.22815 -32
vt 479.09418 -32
vt 479.09418 256
vt 285.22815 256
vt -38.805607 256
vt -88.282906 256
vt -88.282906 -32
vt -38.805607 -32
vt -463.39386 -32
vt -269.89966 -32
vt -269.89966 256
vt -463.39386 256
vt 448 224
vt -32 224
vt -64 224
vt 64 -448
vt 64 -256
vt 32 -256
vt -32 -256
vt -64 -256
vt -64 -448
vt 64 224
vt 32 224
vt -448 224
vt 256 208
vt 0 208
vt -32 208
vt 32 208
vt -256 208
vt 448 240
vt 256 240
vt -64 240
vt -96 240
vt 96 -448
vt 96 -256
vt -96 -256
vt -96 -448
vt 96 240
vt 64 240
vt -256 240
vt -448 240
vt 448 256
vt 448 176
vt 192 176
vt 160 176
vt -192 -448
vt -160 -256
vt -192 -256
vt 192 -256
vt 160 -256
vt 192 -448
vt -160 176
vt -192 176
vt -448 176
vt 448 144
vt 224 144
vt 224 128
vt -224 -448
vt -224 -256
vt 224 -256
vt 224 -448
vt -224 128
vt -224 144
vt -448 144
vt 448 160
vt 224 160
vt 192 160
vt -192 160
vt -224 160
vt -448 160
vt 285.77612 -32
vt 479.27036 -32
vt 479.27036 128
vt 285.77612 128
vt -328 -436
vt -280 -448
vt 280 -448
vt 328 -436
vt 212.46121 128
vt 162.98392 128
vt 162.98392 -32
vt 212.46121 -32
vt -332.7662 -32
vt -332.7662 128
vt -526.6322 128
vt -526.6322 -32
vt 280 128
vt -479.27036 -32
vt -285.77612 -32
vt -285.77612 128
vt -479.27036 128
vt 332.7662 -32
vt 526.6322 -32
vt 526.6322 128
vt 332.7662 128
vt -376 -412
vt 376 -412
vt 152.05238 128
vt 98.38675 128
vt 98.38675 -32
vt 152.05238 -32
vt -358.99777 -32
vt -358.99777 128
vt -555.81244 128
vt -555.81244 -32
vt -436 -328
vt -448 -280
vt 448 -280
vt 436 -328
vt -212.46121 128
vt -212.46121 -32
vt -162.98392 -32
vt -162.98392 128
vt -280 128
vt -280 -32
vt 555.81244 128
vt 358.99777 128
vt 358.99777 -32
vt 555.81244 -32
vt -412 -376
vt 412 -376
vt -152.05238 128
vt -152.05238 -32
vt -98.38675 -32
vt -98.38675 128
vt -25.455853 128
vt -25.455853 -32
vt 25.455853 -32
vt 25.455853 128
vt 576 176
vt 0 176
vt -576 176
vt 496 -16
vt 528 -16
vt 528 176
vt 496 176
vt 80 176
vt 48 176
vt 48 -16
vt 80 -16
vt -80 -528
vt -48 -528
vt -48 -496
vt -80 -496
vt 80 -496
vt 48 -496
vt 48 -528
vt 80 -528
vt -80 -16
vt -48 -16
vt -48 176
vt -80 176
vt -496 176
vt -528 176
vt -528 -16
vt -496 -16
vt -272 -0
vt -304 -0
vt -304 32
vt 96 32
vt -96 -304
vt -64 -304
vt -64 -272
vt -96 -272
vt 96 -272
vt 64 -272
vt 64 -304
vt 96 -304
vt -64 -0
vt -280 64
vt -296 64
vt -304 96
vt -272 96
vt -96 -296
vt -64 -296
vt -64 -280
vt -96 -280
vt -304 128
vt -272 128
vt -128 -304
vt -128 -272
vt 128 -272
vt 128 -304
vt 96 -280
vt 64 -280
vt 64 -296
vt 96 -296
vt -32 -304
vt -32 -272
vt 32 -272
vt 32 -304
vt 272 32
vt 304 32
vt 304 -0
vt 272 -0
vt 280 64
vt 296 64
vt 304 96
vt 272 96
vt -32 96
vt -32 64
vt 32 -296
vt 32 -280
vt 32 96
vt 272 128
vt 304 128
vt 0 -304
vt 0 -272
vt -32 -280
vt -32 -296
vt -285.22815 128
vt -479.09418 128
vt -448 152
vt -436 200
vt 436 200
vt 448 152
vt 463.39386 128
vt 269.89966 128
vt 88.282906 128
vt 38.805607 128
vt 38.805607 -32
vt 88.282906 -32
vt -280 320
vt 280 320
vt 158.76454 128
vt 352.25876 128
vt -213.92116 128
vt -407.78717 128
vt -328 308
vt -376 284
vt 376 284
vt 328 308
vt -209.29578 -32
vt -155.63014 -32
vt -155.63014 128
vt -209.29578 128
vt 257.5419 128
vt 454.35654 128
vt -269.89966 128
vt -463.39386 128
vt 152 -32
vt -280.95474 128
vt -477.7694 128
vt -412 248
vt 412 248
vt 479.09418 128
vt 285.22815 128
vt 37.565727 128
vt -16.099903 128
vt -16.099903 -32
vt 37.565727 -32
vt -257.5419 128
vt -454.35654 128
vt 477.7694 128
vt 280.95474 128
vt -65.05384 -32
vt -65.05384 128
vt -115.965546 128
vt -115.965546 -32
vt -158.76454 128
vt -352.25876 128
vt -243.50581 -32
vt -194.02852 -32
vt -194.02852 128
vt -243.50581 128
vt 213.92116 128
vt 407.78717 128
vt 192 192
vt -448 -192
vt -384 -192
vt -384 -32
vt 384 -32
vt 384 -192
vt 448 -192
vt -384 192
vt -232 96
vt -224 232
vt -256 232
vt -256 -232
vt -256 -224
vt -224 -224
vt -224 -232
vt 232 96
vt 232 128
vt -84 88
vt -72 100
vt -462 -60
vt -270 -60
vt -270 -72
vt -462 -72
vt 448 135.95296
vt 256 135.95296
vt 256 109.12015
vt 448 109.12015
vt -448 116.27555
vt -256 116.27555
vt -256 143.10837
vt -448 143.10837
vt 72 100
vt 84 88
vt -56 108
vt -40 112
vt -462 -28
vt -270 -28
vt -270 -44
vt -462 -44
vt 256 40
vt 448 40
vt -448 66.468475
vt -256 66.468475
vt -256 106.66797
vt -448 106.66797
vt 40 112
vt 56 108
vt 448 106.66797
vt 256 106.66797
vt 256 66.468475
vt 448 66.468475
vt -448 109.12015
vt -256 109.12015
vt -256 135.95296
vt -448 135.95296
vt -92 72
vt -462 88
vt -270 88
vt -270 72
vt -462 72
vt 448 143.10837
vt 256 143.10837
vt 256 116.27555
vt 448 116.27555
vt -448 80.797005
vt -256 80.797005
vt -256 120.9965
vt -448 120.9965
vt 92 72
vt -96 56
vt 448 120.9965
vt 256 120.9965
vt 256 80.797005
vt 448 80.797005
vt -270 56
vt -462 56
vt -448 56
vt -256 56
vt 96 56
vt 8 100
vt -8 108
vt -448 -78.70963
vt -256 -78.70963
vt -256 -51.876816
vt -448 -51.876816
vt 448 -2.7861035
vt 256 -2.7861035
vt 256 -42.9856
vt 448 -42.9856
vt -462 20
vt -270 20
vt -270 4
vt -462 4
vt -8 100
vt 8 108
vt -24 112
vt -448 -42.9856
vt -256 -42.9856
vt -256 -2.7861035
vt -448 -2.7861035
vt 448 24
vt 256 24
vt -270 -12
vt -462 -12
vt 24 112
vt 20 88
vt 448 114.48667
vt 256 114.48667
vt 256 87.653854
vt 448 87.653854
vt 448 -51.876816
vt 256 -51.876816
vt 256 -78.70963
vt 448 -78.70963
vt -462 -80
vt -270 -80
vt -270 -92
vt -462 -92
vt -20 88
vt 28 72
vt 448 114.628265
vt 256 114.628265
vt 256 74.428764
vt 448 74.428764
vt -462 -64
vt -270 -64
vt -448 87.653854
vt -256 87.653854
vt -256 114.48667
vt -448 114.48667
vt -28 72
vt 32 56
vt 256 56
vt 448 56
vt -462 -48
vt -270 -48
vt -448 74.428764
vt -256 74.428764
vt -256 114.628265
vt -448 114.628265
vt -32 56
vt -14 93
vt -2 87
vt 272 84.14009
vt 256 84.14009
vt 256 67.73887
vt 272 67.73887
vt 272 55.45453
vt 256 55.45453
vt 256 37.565983
vt 272 37.565983
vt -272 40.696472
vt -256 40.696472
vt -256 54.11288
vt -272 54.11288
vt -272 81.14889
vt -256 81.14889
vt -256 97.30439
vt -272 97.30439
vt 2 87
vt 14 93
vt 16 48
vt 32 48
vt 16 54
vt 272 56
vt 256 48
vt 272 48
vt -272 -32
vt -256 -16
vt -272 -16
vt 272 -22.574339
vt 256 -22.574339
vt 256 -38.698856
vt 272 -38.698856
vt -272 48
vt -256 48
vt -256 54
vt -272 54
vt -16 54
vt -32 48
vt -16 48
vt 13 66
vt 272 63.059288
vt 256 63.059288
vt 256 46.566856
vt 272 46.566856
vt -272 -38.698856
vt -256 -38.698856
vt -256 -22.574339
vt -272 -22.574339
vt 272 -36.58201
vt 256 -36.58201
vt 256 -52.737507
vt 272 -52.737507
vt -272 48.507145
vt -256 48.507145
vt -256 60.87647
vt -272 60.87647
vt -13 66
vt 7 78
vt 272 69.7653
vt 256 69.7653
vt 256 51.87675
vt 272 51.87675
vt -272 -52.737507
vt -256 -52.737507
vt -256 -36.58201
vt -272 -36.58201
vt 272 -53.105827
vt 256 -53.105827
vt 256 -69.50705
vt 272 -69.50705
vt -272 53.2184
vt -256 53.2184
vt -256 66.63481
vt -272 66.63481
vt -7 78
vt 272 65.05384
vt 256 65.05384
vt 256 48.083275
vt 272 48.083275
vt -272 -69.50705
vt -256 -69.50705
vt -256 -53.105827
vt -272 -53.105827
vt -272 50.204597
vt -256 50.204597
vt -256 62.93252
vt -272 62.93252
vt -272 67.73887
vt -256 67.73887
vt -256 84.14009
vt -272 84.14009
vt -26 96
vt 272 97.30439
vt 256 97.30439
vt 256 81.14889
vt 272 81.14889
vt 272 50.447464
vt 256 50.447464
vt 256 33.955032
vt 272 33.955032
vt -272 36.13785
vt -256 36.13785
vt -256 48.507175
vt -272 48.507175
vt -272 92.033775
vt -256 92.033775
vt -256 108.158295
vt -272 108.158295
vt 26 96
vt 272 108.158295
vt 256 108.158295
vt 256 92.033775
vt 272 92.033775
vt -272 26
vt -256 26
vt 272 24
vt -272 112
vt -96 48
vt -80 48
vt -80 54
vt 272 54
vt 256 54
vt 272 102.20465
vt 256 102.20465
vt 256 86.08013
vt 272 86.08013
vt -272 80
vt -256 80
vt -272 56
vt 80 54
vt 80 48
vt 96 48
vt -77 66
vt 272 45.354164
vt 256 45.354164
vt 256 32.98484
vt 272 32.98484
vt 272 112.160034
vt 256 112.160034
vt 256 96.00453
vt 272 96.00453
vt -272 86.08013
vt -256 86.08013
vt -256 102.20465
vt -272 102.20465
vt -272 31.044552
vt -256 31.044552
vt -256 47.536983
vt -272 47.536983
vt 77 66
vt -71 78
vt 272 38.01311
vt 256 38.01311
vt 256 24.596704
vt 272 24.596704
vt 272 120.234985
vt 256 120.234985
vt 256 103.83376
vt 272 103.83376
vt -272 96.00453
vt -256 96.00453
vt -256 112.160034
vt -272 112.160034
vt -272 23.255056
vt -256 23.255056
vt -256 41.1436
vt -272 41.1436
vt 71 78
vt -62 87
vt 272 123.16159
vt 256 123.16159
vt 256 106.76037
vt 272 106.76037
vt 272 17.677675
vt 256 17.677675
vt 256 4.949749
vt 272 4.949749
vt -272 103.83376
vt -256 103.83376
vt -256 120.234985
vt -272 120.234985
vt 272 -2.828428
vt 256 -2.828428
vt 256 -19.798996
vt 272 -19.798996
vt 62 87
vt -50 93
vt 272 121.07341
vt 256 121.07341
vt 256 104.91791
vt 272 104.91791
vt -272 3.130448
vt -256 3.130448
vt -256 16.546856
vt -272 16.546856
vt 272 19.677343
vt 256 19.677343
vt 256 1.7888
vt 272 1.7888
vt -272 106.76037
vt -256 106.76037
vt -256 123.16159
vt -272 123.16159
vt 50 93
vt -38 96
vt 272 116.096535
vt 256 116.096535
vt 256 99.972015
vt 272 99.972015
vt -272 13.581978
vt -256 13.581978
vt -256 25.951302
vt -272 25.951302
vt 272 28.13412
vt 256 28.13412
vt 256 11.641688
vt 272 11.641688
vt -272 104.91791
vt -256 104.91791
vt -256 121.07341
vt -272 121.07341
vt 38 96
vt 272 112
vt -256 38
vt -272 38
vt 272 40
vt -272 99.972015
vt -256 99.972015
vt -256 116.096535
vt -272 116.096535
vt 16 -0
vt 272 -16
vt 256 -16
vt 272 -32
vt -16 -0
vt -80 -0
vt 256 80
vt 272 80
vt 80 -0
vt 448 121.07341
vt 432 121.07341
vt 432 104.91791
vt 448 104.91791
vt -448 3.130448
vt -432 3.130448
vt -432 16.546856
vt -448 16.546856
vt 448 19.677343
vt 432 19.677343
vt 432 1.7888
vt 448 1.7888
vt -448 106.76037
vt -432 106.76037
vt -432 123.16159
vt -448 123.16159
vt 448 48
vt 432 48
vt 432 -0
vt -432 -32
vt -432 -16
vt 432 -16
vt 432 -32
vt -432 -0
vt -432 48
vt -448 48
vt 432 56
vt 448 -22.574339
vt 432 -22.574339
vt 432 -38.698856
vt 448 -38.698856
vt -432 54
vt -448 54
vt 448 63.059288
vt 432 63.059288
vt 432 46.566856
vt 448 46.566856
vt -448 -38.698856
vt -432 -38.698856
vt -432 -22.574339
vt -448 -22.574339
vt 448 -36.58201
vt 432 -36.58201
vt 432 -52.737507
vt 448 -52.737507
vt -448 48.507145
vt -432 48.507145
vt -432 60.87647
vt -448 60.87647
vt 448 69.7653
vt 432 69.7653
vt 432 51.87675
vt 448 51.87675
vt -448 -52.737507
vt -432 -52.737507
vt -432 -36.58201
vt -448 -36.58201
vt 448 -53.105827
vt 432 -53.105827
vt 432 -69.50705
vt 448 -69.50705
vt -448 53.2184
vt -432 53.2184
vt -432 66.63481
vt -448 66.63481
vt 448 65.05384
vt 432 65.05384
vt 432 48.083275
vt 448 48.083275
vt -448 -69.50705
vt -432 -69.50705
vt -432 -53.105827
vt -448 -53.105827
vt -448 50.204597
vt -432 50.204597
vt -432 62.93252
vt -448 62.93252
vt -448 67.73887
vt -432 67.73887
vt -432 84.14009
vt -448 84.14009
vt 448 84.14009
vt 432 84.14009
vt 432 67.73887
vt 448 67.73887
vt 448 55.45453
vt 432 55.45453
vt 432 37.565983
vt 448 37.565983
vt -448 40.696472
vt -432 40.696472
vt -432 54.11288
vt -448 54.11288
vt -448 81.14889
vt -432 81.14889
vt -432 97.30439
vt -448 97.30439
vt 448 97.30439
vt 432 97.30439
vt 432 81.14889
vt 448 81.14889
vt 448 50.447464
vt 432 50.447464
vt 432 33.955032
vt 448 33.955032
vt -448 36.13785
vt -432 36.13785
vt -432 48.507175
vt -448 48.507175
vt -448 92.033775
vt -432 92.033775
vt -432 108.158295
vt -448 108.158295
vt 448 108.158295
vt 432 108.158295
vt 432 92.033775
vt 448 92.033775
vt -448 26
vt -432 26
vt -432 32
vt 432 32
vt 432 24
vt -432 96
vt -432 112
vt 448 54
vt 432 54
vt 448 102.20465
vt 432 102.20465
vt 432 86.08013
vt 448 86.08013
vt -432 80
vt -432 56
vt 448 45.354164
vt 432 45.354164
vt 432 32.98484
vt 448 32.98484
vt 448 112.160034
vt 432 112.160034
vt 432 96.00453
vt 448 96.00453
vt -448 86.08013
vt -432 86.08013
vt -432 102.20465
vt -448 102.20465
vt -448 31.044552
vt -432 31.044552
vt -432 47.536983
vt -448 47.536983
vt 448 38.01311
vt 432 38.01311
vt 432 24.596704
vt 448 24.596704
vt 448 120.234985
vt 432 120.234985
vt 432 103.83376
vt 448 103.83376
vt -448 96.00453
vt -432 96.00453
vt -432 112.160034
vt -448 112.160034
vt -448 23.255056
vt -432 23.255056
vt -432 41.1436
vt -448 41.1436
vt 448 123.16159
vt 432 123.16159
vt 432 106.76037
vt 448 106.76037
vt 448 17.677675
vt 432 17.677675
vt 432 4.949749
vt 448 4.949749
vt -448 103.83376
vt -432 103.83376
vt -432 120.234985
vt -448 120.234985
vt 448 -2.828428
vt 432 -2.828428
vt 432 -19.798996
vt 448 -19.798996
vt 448 116.096535
vt 432 116.096535
vt 432 99.972015
vt 448 99.972015
vt -448 13.581978
vt -432 13.581978
vt -432 25.951302
vt -448 25.951302
vt 448 28.13412
vt 432 28.13412
vt 432 11.641688
vt 448 11.641688
vt -448 104.91791
vt -432 104.91791
vt -432 121.07341
vt -448 121.07341
vt 432 112
vt 432 96
vt -432 38
vt -448 38
vt 432 40
vt -448 99.972015
vt -432 99.972015
vt -432 116.096535
vt -448 116.096535
vt 432 80
vt -64 -32
vt -64 320
vt 64 320
vt 64 448
vt -64 448
vt 768 64
vt 768 -32
vt 928 -32
vt -768 96
vt -768 448
vt -928 448
vt 928 448
vt 768 448
vt 768 96
vt -928 -32
vt -768 -32
vt -768 64
vt -928 64
vt -864 -32
vt -704 -32
vt 192 -32
vt 512 -32
vt -512 704
vt -192 704
vt -192 864
vt -512 864
vt 512 864
vt 192 864
vt 192 704
vt 512 704
vt -512 -32
vt -192 -32
vt 704 96
vt 704 -32
vt 864 -32
vt 768 -0
vt 512 -0
vt -512 448
vt 512 448
vt -512 -0
vt -768 -0
vt 640 -0
vt 640 -32
vt -640 -32
vt -640 96
vt 640 96
vt 544 -32
vt 352 -32
vt 352 -0
vt -704 -0
vt 192 -0
vt -192 448
vt 192 448
vt -192 -0
vt 704 -0
vt 16 -32
vt 16 -192
vt -16 -192
vt -16 -32
vt -624 -32
vt -496 -32
vt -496 -64
vt -624 -64
vt -624 -192
vt -496 -192
vt 624 -32
vt 496 -32
vt 496 -192
vt 624 -192
vt -80 -32
vt -80 -192
vt -112 -192
vt -112 -32
vt 496 112
vt -496 112
vt 640 112
vt -640 -192
vt 640 -192
vt -640 -0
vt -384 -0
vt -752 -512
vt -496 -512
vt -496 -256
vt -752 -256
vt 768 -256
vt 512 -256
vt 512 -512
vt 768 -512
vt 384 -0
vt 624 -0
vt 496 -0
vt -624 -256
vt 496 -256
vt 624 -256
vt -496 -0
vt -624 -0
vt 752.1467 -0
vt 623.1506 -0
vt 623.1506 -32
vt 752.1467 -32
vt -768 80
vt 768 80
vt 80 -32
vt 579.9569 -0
vt 448.7471 -0
vt 448.7471 -32
vt 579.9569 -32
vt -744 16
vt -760 48
vt 760 48
vt 744 16
vt -687.81573 -32
vt -558.5717 -32
vt -558.5717 -0
vt -687.81573 -0
vt 347.03806 -0
vt 347.03806 -32
vt 382.81512 -32
vt 382.81512 -0
vt -15.876288 -32
vt 113.11986 -32
vt 113.11986 -0
vt -15.876288 -0
vt -688 -24
vt -656 -32
vt 656 -32
vt 688 -24
vt 661.6375 -0
vt 628.65265 -0
vt 628.65265 -32
vt 661.6375 -32
vt -148.55644 -32
vt -148.55644 -0
vt -277.80045 -0
vt -277.80045 -32
vt 656 -0
vt -113.11986 -32
vt 15.876288 -32
vt 15.876288 -0
vt -113.11986 -0
vt 148.55644 -32
vt 277.80045 -32
vt 277.80045 -0
vt 148.55644 -0
vt -720 -8
vt 720 -8
vt 640.4097 -0
vt 604.6326 -0
vt 604.6326 -32
vt 640.4097 -32
vt -314.12314 -32
vt -314.12314 -0
vt -445.33292 -0
vt -445.33292 -32
vt 445.33292 -0
vt 314.12314 -0
vt 314.12314 -32
vt 445.33292 -32
vt -579.9569 -32
vt -448.7471 -32
vt -448.7471 -0
vt -579.9569 -0
vt 503.46017 -0
vt 503.46017 -32
vt 537.4013 -32
vt 537.4013 -0
vt 687.81573 -0
vt 558.5717 -0
vt 558.5717 -32
vt 687.81573 -32
vt -752.1467 -32
vt -623.1506 -32
vt -623.1506 -0
vt -752.1467 -0
vt 230.89423 -0
vt 230.89423 -32
vt 263.8791 -32
vt 263.8791 -0
vt -80 64
vt 913.3919 64
vt 752.1467 64
vt 913.3919 -32
vt -928 60
vt 928 60
vt 60 64
vt 60 -32
vt -263.8791 -32
vt -230.89423 -32
vt -230.89423 64
vt -263.8791 64
vt 849.3708 64
vt 687.81573 64
vt 849.3708 -32
vt -910 -12
vt 910 -12
vt -913.3919 -32
vt -752.1467 64
vt -913.3919 64
vt 283.28198 64
vt 209.06604 64
vt 209.06604 -32
vt 283.28198 -32
vt -382.81512 -32
vt -347.03806 -32
vt -347.03806 64
vt -382.81512 64
vt 743.9691 64
vt 579.9569 64
vt 743.9691 -32
vt -874 -84
vt 874 -84
vt -849.3708 -32
vt -687.81573 64
vt -849.3708 64
vt 396.23163 64
vt 315.73315 64
vt 315.73315 -32
vt 396.23163 -32
vt 609.34515 64
vt 445.33292 64
vt 609.34515 -32
vt -537.4013 -32
vt -503.46017 -32
vt -503.46017 64
vt -537.4013 64
vt -820 -138
vt 820 -138
vt -743.9691 -32
vt -579.9569 64
vt -743.9691 64
vt 558.6145 64
vt 482.24698 64
vt 482.24698 -32
vt 558.6145 -32
vt 439.35547 80
vt 277.80045 80
vt 439.35547 -32
vt -640.4097 -32
vt -604.6326 -32
vt -604.6326 80
vt -640.4097 80
vt -748 -174
vt 748 -174
vt 671.7146 80
vt 591.2162 80
vt 591.2162 -32
vt 671.7146 -32
vt -445.33292 80
vt -609.34515 80
vt -609.34515 -32
vt 274.36502 96
vt 113.11986 96
vt 274.36502 -32
vt -661.6375 -32
vt -628.65265 -32
vt -628.65265 96
vt -661.6375 96
vt -676 -192
vt 676 -192
vt 683.4657 96
vt 609.24976 96
vt 609.24976 -32
vt 683.4657 -32
vt -277.80045 96
vt -439.35547 96
vt -439.35547 -32
vt 640 128
vt 192 636
vt 192 444
vt 32 444
vt 32 636
vt -640 128
vt 676 112
vt 676 -32
vt -656 112
vt -113.11986 112
vt -274.36502 112
vt -274.36502 -32
vt -544 704
vt 544 704
vt -544 -32
vt 508.04648 -0
vt 508.04648 -32
vt 766.03876 -32
vt 766.03876 -0
vt -606.10986 -0
vt -864.5979 -0
vt -864.5979 -32
vt -606.10986 -32
vt -608 688
vt -672 656
vt 672 656
vt 608 688
vt -307.68256 -32
vt -236.12839 -32
vt -236.12839 -0
vt -307.68256 -0
vt 667.2676 -0
vt 667.2676 -32
vt 929.68713 -32
vt 929.68713 -0
vt -900.2514 -32
vt -641.76337 -32
vt -641.76337 -0
vt -900.2514 -0
vt -768 480
vt -752 544
vt 752 544
vt 768 480
vt 821.6063 -0
vt 563.614 -0
vt 563.614 -32
vt 821.6063 -32
vt 345.37073 -0
vt 279.401 -0
vt 279.401 -32
vt 345.37073 -32
vt -821.6063 -32
vt -563.614 -32
vt -563.614 -0
vt -821.6063 -0
vt 480 -32
vt 480 -0
vt -941.39355 -32
vt -678.974 -32
vt -678.974 -0
vt -941.39355 -0
vt -720 608
vt 720 608
vt 900.2514 -0
vt 641.76337 -0
vt 641.76337 -32
vt 900.2514 -32
vt 221.81754 -0
vt 150.26337 -0
vt 150.26337 -32
vt 221.81754 -32
vt -929.68713 -32
vt -667.2676 -32
vt -667.2676 -0
vt -929.68713 -0
vt 941.39355 -0
vt 678.974 -0
vt 678.974 -32
vt 941.39355 -32
vt -11.313712 -32
vt -11.313712 -0
vt -79.195984 -0
vt -79.195984 -32
vt -508.04648 -0
vt -766.03876 -0
vt -766.03876 -32
vt -508.04648 -32
vt -422.98218 -32
vt -357.01245 -32
vt -357.01245 -0
vt -422.98218 -0
vt 606.10986 -0
vt 606.10986 -32
vt 864.5979 -32
vt 864.5979 -0
vt -480 80
vt -480 -32
vt -982.8515 -32
vt -821.6063 80
vt -982.8515 80
vt 928 80
vt -928 500
vt 928 500
vt 500 -32
vt 500 80
vt -279.401 96
vt -345.37073 96
vt -345.37073 -32
vt -279.401 -32
vt -1061.8064 -32
vt -900.2514 96
vt -1061.8064 96
vt -902 604
vt 902 604
vt 982.8515 96
vt 821.6063 96
vt 982.8515 -32
vt 367.1989 96
vt 259.99808 96
vt 259.99808 -32
vt 367.1989 -32
vt -150.26337 96
vt -221.81754 96
vt -221.81754 -32
vt -150.26337 -32
vt -1105.4058 -32
vt -941.39355 96
vt -1105.4058 96
vt -850 708
vt 850 708
vt 1061.8064 96
vt 900.2514 96
vt 1061.8064 -32
vt 253.12242 96
vt 136.84688 96
vt 136.84688 -32
vt 253.12242 -32
vt -1093.6993 -32
vt -929.68713 96
vt -1093.6993 96
vt 79.195984 96
vt 11.313712 96
vt 11.313712 -32
vt 79.195984 -32
vt -772 786
vt 772 786
vt 1105.4058 96
vt 941.39355 96
vt 1105.4058 -32
vt 9.899498 -32
vt 9.899498 96
vt -100.409195 96
vt -100.409195 -32
vt -1026.153 -32
vt -864.5979 96
vt -1026.153 96
vt 307.68256 96
vt 236.12839 96
vt 236.12839 -32
vt 307.68256 -32
vt -668 838
vt 668 838
vt -338.98743 -32
vt -222.7119 -32
vt -222.7119 96
vt -338.98743 96
vt 1093.6993 96
vt 929.68713 96
vt 1093.6993 -32
vt -927.28394 -32
vt -766.03876 96
vt -927.28394 96
vt 422.98218 96
vt 357.01245 96
vt 357.01245 -32
vt 422.98218 -32
vt -564 864
vt 564 864
vt -444.81036 -32
vt -337.60956 -32
vt -337.60956 96
vt -444.81036 96
vt 1026.153 96
vt 864.5979 96
vt 1026.153 -32
vt -564 -32
vt -564 96
vt 927.28394 96
vt 766.03876 96
vt 927.28394 -32
vt -448 16
vt -704 16
vt 320 16
vt 288 16
vt -320 448
vt -288 448
vt -288 704
vt -320 704
vt 320 704
vt 288 704
vt 288 448
vt 320 448
vt -288 16
vt -320 16
vt 704 16
vt 448 16
vt -704 32
vt -256 448
vt -256 704
vt 256 704
vt 256 448
vt 704 32
vt -704 48
vt 224 48
vt 224 -0
vt -224 448
vt -224 704
vt 224 704
vt 224 448
vt -224 -0
vt -224 48
vt 704 48
vt 704 64
vt -480 64
vt 64 480
vt -64 480
vt -134.94969 -32
vt 123.042595 -32
vt 123.042595 64
vt -134.94969 64
vt -536.6562 -32
vt -465.10202 -32
vt -465.10202 64
vt -536.6562 64
vt 11.884416 64
vt -246.6036 64
vt -246.6036 -32
vt 11.884416 -32
vt 48 544
vt 16 608
vt -16 608
vt -48 544
vt 120.96672 -32
vt 383.38626 -32
vt 383.38626 64
vt 120.96672 64
vt -344.65063 64
vt -603.1386 64
vt -603.1386 -32
vt -344.65063 -32
vt -325.96823 -32
vt -259.9985 -32
vt -259.9985 64
vt -325.96823 64
vt -96 688
vt -160 704
vt 160 704
vt 96 688
vt 420.72583 64
vt 420.72583 -32
vt 678.71814 -32
vt 678.71814 64
vt -420.72583 64
vt -678.71814 64
vt -678.71814 -32
vt -420.72583 -32
vt -160 64
vt -238.03104 64
vt -500.4506 64
vt -500.4506 -32
vt -238.03104 -32
vt -393.54822 -32
vt -321.99405 -32
vt -321.99405 64
vt -393.54822 64
vt -32 656
vt 32 656
vt 344.65063 64
vt 344.65063 -32
vt 603.1386 -32
vt 603.1386 64
vt -486.48962 -32
vt -418.60733 -32
vt -418.60733 64
vt -486.48962 64
vt -120.96672 64
vt -383.38626 64
vt -383.38626 -32
vt -120.96672 -32
vt 238.03104 -32
vt 500.4506 -32
vt 500.4506 64
vt 238.03104 64
vt -516.1161 -32
vt -450.14633 -32
vt -450.14633 64
vt -516.1161 64
vt 134.94969 64
vt -123.042595 64
vt -123.042595 -32
vt 134.94969 -32
vt -11.884416 -32
vt 246.6036 -32
vt 246.6036 64
vt -11.884416 64
vt -839.9633 -32
vt -678.71814 80
vt -839.9633 80
vt 192 80
vt 160 80
vt -140 864
vt 140 864
vt -140 -32
vt -140 80
vt -192 80
vt 864 80
vt 704 80
vt -764.69366 64
vt -764.69366 -32
vt -345.37112 -32
vt -238.17032 -32
vt -238.17032 64
vt -345.37112 64
vt -36 838
vt 36 838
vt 325.96823 64
vt 259.9985 64
vt 259.9985 -32
vt 325.96823 -32
vt 839.9633 64
vt 839.9633 -32
vt -664.4628 64
vt -664.4628 -32
vt -406.9647 -32
vt -290.68918 -32
vt -290.68918 64
vt -406.9647 64
vt 68 786
vt -68 786
vt 393.54822 64
vt 321.99405 64
vt 321.99405 -32
vt 393.54822 -32
vt 764.69366 64
vt 764.69366 -32
vt -507.70282 -32
vt -397.39413 -32
vt -397.39413 64
vt -507.70282 64
vt -547.3985 64
vt -547.3985 -32
vt 146 708
vt -146 708
vt 486.48962 64
vt 418.60733 64
vt 418.60733 -32
vt 486.48962 -32
vt 664.4628 -32
vt 664.4628 64
vt -567.96106 -32
vt -451.68555 -32
vt -451.68555 64
vt -567.96106 64
vt -408.1586 64
vt -408.1586 -32
vt 198 604
vt -198 604
vt 547.3985 -32
vt 547.3985 64
vt 536.6562 64
vt 465.10202 64
vt 465.10202 -32
vt 536.6562 -32
vt -537.9442 -32
vt -430.74344 -32
vt -430.74344 64
vt -537.9442 64
vt -284.28778 64
vt -284.28778 -32
vt 224 500
vt -224 500
vt 408.1586 -32
vt 408.1586 64
vt 516.1161 64
vt 450.14633 64
vt 450.14633 -32
vt 516.1161 -32
vt -500 -32
vt -500 64
vt -224 -32
vt 284.28778 -32
vt 284.28778 64
vt 480 64
vt -824 96
vt -808 96
vt -808 192
vt -824 192
vt 224 192
vt 208 192
vt 208 96
vt -224 808
vt -208 808
vt -208 824
vt -224 824
vt 224 824
vt 208 824
vt 208 808
vt 224 808
vt -208 96
vt -208 192
vt -224 192
vt 824 192
vt 808 192
vt 808 96
vt 824 96
vt -792 96
vt -776 96
vt -776 192
vt -792 192
vt -224 776
vt -208 776
vt -208 792
vt -224 792
vt 224 792
vt 208 792
vt 208 776
vt 224 776
vt 792 192
vt 776 192
vt 776 96
vt 792 96
vt -760 96
vt -744 96
vt -744 192
vt -760 192
vt -224 744
vt -208 744
vt -208 760
vt -224 760
vt 224 760
vt 208 760
vt 208 744
vt 224 744
vt 760 192
vt 744 192
vt 744 96
vt 760 96
vt -728 96
vt -712 96
vt -712 192
vt -728 192
vt -224 712
vt -208 712
vt -208 728
vt -224 728
vt 224 728
vt 208 728
vt 208 712
vt 224 712
vt 728 192
vt 712 192
vt 712 96
vt 728 96
vt -856 96
vt -840 96
vt -840 192
vt -856 192
vt -224 840
vt -208 840
vt -208 856
vt -224 856
vt 224 856
vt 208 856
vt 208 840
vt 224 840
vt 856 192
vt 840 192
vt 840 96
vt 856 96
vt 176 56
vt 176 48
vt 192 48
vt 192 56
vt 512 54
vt 496 56
vt 496 48
vt 512 48
vt -512 -192
vt -496 -176
vt -512 -176
vt -512 48
vt -496 48
vt -496 56
vt -512 54
vt 501.34845 -176
vt 485.22394 -176
vt 485.22394 -192
vt 501.34845 -192
vt -176 48
vt -176 54
vt -192 54
vt -192 48
vt 176 191.1183
vt 176 174.62587
vt 192 174.62587
vt 192 191.1183
vt -501.34845 -192
vt -485.22394 -192
vt -485.22394 -176
vt -501.34845 -176
vt 515 66
vt 500 72
vt -500 72
vt -515 66
vt 453.65384 -176
vt 437.49835 -176
vt 437.49835 -192
vt 453.65384 -192
vt -192 188.93547
vt -192 176.56615
vt -176 176.56615
vt -176 188.93547
vt 176 305.8943
vt 176 288.00574
vt 192 288.00574
vt 192 305.8943
vt -453.65384 -192
vt -437.49835 -192
vt -437.49835 -176
vt -453.65384 -176
vt 521 78
vt 508 88
vt -508 88
vt -521 78
vt 365.39966 -176
vt 348.9984 -176
vt 348.9984 -192
vt 365.39966 -192
vt -192 302.7638
vt -192 289.34738
vt -176 289.34738
vt -176 302.7638
vt 438.40634 -176
vt 421.43576 -176
vt 421.43576 -192
vt 438.40634 -192
vt -365.39966 -192
vt -348.9984 -192
vt -348.9984 -176
vt -365.39966 -176
vt 520 100
vt 530 87
vt -530 87
vt -520 100
vt -436.28503 -192
vt -423.5571 -192
vt -423.5571 -176
vt -436.28503 -176
vt -176 -254.18854
vt -176 -237.78732
vt -192 -237.78732
vt -192 -254.18854
vt 192 -254.18854
vt 192 -237.78732
vt 176 -237.78732
vt 176 -254.18854
vt 527.712 -176
vt 509.82343 -176
vt 509.82343 -192
vt 527.712 -192
vt 536 108
vt 542 93
vt -542 93
vt -536 108
vt -526.37036 -192
vt -512.9539 -192
vt -512.9539 -176
vt -526.37036 -176
vt -176 -114.945564
vt -176 -98.79006
vt -192 -98.79006
vt -192 -114.945564
vt 192 -114.945564
vt 192 -98.79006
vt 176 -98.79006
vt 176 -114.945564
vt 562.683 -176
vt 546.19055 -176
vt 546.19055 -192
vt 562.683 -192
vt 552 112
vt 554 96
vt -554 96
vt -552 112
vt -560.7427 -192
vt -548.37335 -192
vt -548.37335 -176
vt -560.7427 -176
vt -176 26.543299
vt -176 42.667816
vt -192 42.667816
vt -192 26.543299
vt 176 26.543299
vt 192 26.543299
vt 192 42.667816
vt 176 42.667816
vt 560 112
vt 560 96
vt -560 -192
vt -554 -192
vt -554 -176
vt -560 -176
vt 560 -176
vt 552 -176
vt 552 -192
vt 560 -192
vt -560 96
vt -560 112
vt -176 112
vt -176 96
vt 192 54
vt 176 54
vt 626.12744 -176
vt 610.0029 -176
vt 610.0029 -192
vt 626.12744 -192
vt 624 56
vt 608 54
vt 608 48
vt 624 48
vt -608 -192
vt -608 -176
vt -624 -176
vt -624 48
vt -608 48
vt -608 54
vt -624 56
vt -176 56
vt -192 56
vt 192 -95.074165
vt 192 -82.70484
vt 176 -82.70484
vt 176 -95.074165
vt 602.3959 -176
vt 586.2404 -176
vt 586.2404 -192
vt 602.3959 -192
vt 620 72
vt 605 66
vt -605 66
vt -620 72
vt -626.12744 -192
vt -610.0029 -192
vt -610.0029 -176
vt -626.12744 -176
vt -176 -97.01446
vt -176 -80.522026
vt -192 -80.522026
vt -192 -97.01446
vt 192 -211.53229
vt 192 -198.11588
vt 176 -198.11588
vt 176 -211.53229
vt 538.7405 -176
vt 522.33923 -176
vt 522.33923 -192
vt 538.7405 -192
vt 612 88
vt 599 78
vt -599 78
vt -612 88
vt -602.3959 -192
vt -586.2404 -192
vt -586.2404 -176
vt -602.3959 -176
vt -176 -212.87393
vt -176 -194.9854
vt -192 -194.9854
vt -192 -212.87393
vt 176 445.089
vt 176 428.68777
vt 192 428.68777
vt 192 445.089
vt -368.40274 -192
vt -355.67484 -192
vt -355.67484 -176
vt -368.40274 -176
vt 600 100
vt 590 87
vt -590 87
vt -600 100
vt -538.7405 -192
vt -522.33923 -192
vt -522.33923 -176
vt -538.7405 -176
vt 370.52408 -176
vt 353.5535 -176
vt 353.5535 -192
vt 370.52408 -192
vt 176 317.16785
vt 176 301.01236
vt 192 301.01236
vt 192 317.16785
vt -488.80432 -192
vt -475.3879 -192
vt -475.3879 -176
vt -488.80432 -176
vt 584 108
vt 578 93
vt -578 93
vt -584 108
vt 491.9348 -176
vt 474.04626 -176
vt 474.04626 -192
vt 491.9348 -192
vt -176 428.68777
vt -176 445.089
vt -192 445.089
vt -192 428.68777
vt 176 181.58702
vt 176 165.4625
vt 192 165.4625
vt 192 181.58702
vt -538.1868 -192
vt -525.8175 -192
vt -525.8175 -176
vt -538.1868 -176
vt 568 112
vt 566 96
vt -566 96
vt -568 112
vt 540.3696 -176
vt 523.8772 -176
vt 523.8772 -192
vt 540.3696 -192
vt -176 301.01236
vt -176 317.16785
vt -192 317.16785
vt -192 301.01236
vt 176 96
vt 176 112
vt -566 -192
vt -566 -176
vt 568 -176
vt 568 -192
vt -176 181.58702
vt -192 181.58702
vt -192 165.4625
vt -176 165.4625
vt 176 -0
vt 512 -176
vt 496 -176
vt 512 -192
vt -176 -0
vt 608 -0
vt 624 -176
vt 608 -176
vt 608 -192
vt -608 -0
vt -420.38065 -192
vt -393.54782 -192
vt -393.54782 -32
vt -420.38065 -32
vt 522.59344 -32
vt 482.39395 -32
vt 482.39395 -192
vt 522.59344 -192
vt 32 516
vt 32 532
vt 192 532
vt 192 516
vt -522.59344 -192
vt -482.39395 -192
vt -482.39395 -32
vt -522.59344 -32
vt 552 -32
vt 32 548
vt 192 548
vt 192 -148.47514
vt 192 -121.64232
vt 32 -121.64232
vt 32 -148.47514
vt 420.38065 -32
vt 393.54782 -32
vt 393.54782 -192
vt 420.38065 -192
vt 192 504
vt 32 504
vt 32 62.09031
vt 32 21.890814
vt 192 21.890814
vt 192 62.09031
vt 192 88
vt 192 72
vt 32 72
vt 32 88
vt -32 -121.64232
vt -192 -121.64232
vt -192 -148.47514
vt -32 -148.47514
vt -32 62.09031
vt -192 62.09031
vt -192 21.890814
vt -32 21.890814
vt 192 100
vt 32 100
vt 608.2104 -32
vt 581.3776 -32
vt 581.3776 -192
vt 608.2104 -192
vt -192 379.23737
vt -192 352.40454
vt -32 352.40454
vt -32 379.23737
vt 192 580
vt 192 564
vt 32 564
vt 32 580
vt 568 -32
vt -632.0475 -32
vt -632.0475 -192
vt -591.848 -192
vt -591.848 -32
vt 192 596
vt 32 596
vt 632.0475 -32
vt 591.848 -32
vt 591.848 -192
vt 632.0475 -192
vt -608.2104 -192
vt -581.3776 -192
vt -581.3776 -32
vt -608.2104 -32
vt 32 379.23737
vt 32 352.40454
vt 192 352.40454
vt 192 379.23737
vt -192 173.53445
vt -192 133.33496
vt -32 133.33496
vt -32 173.53445
vt 32 173.53445
vt 32 133.33496
vt 192 133.33496
vt 192 173.53445
vt 438.40634 -32
vt 421.43576 -32
vt 421.43576 -48
vt 438.40634 -48
vt -365.39966 -48
vt -348.9984 -48
vt -348.9984 -32
vt -365.39966 -32
vt -436.28503 -48
vt -423.5571 -48
vt -423.5571 -32
vt -436.28503 -32
vt -32 -254.18854
vt -32 -237.78732
vt -48 -237.78732
vt -48 -254.18854
vt 48 48
vt 48 56
vt -512 -48
vt -496 -48
vt 501.34845 -32
vt 485.22394 -32
vt 485.22394 -48
vt 501.34845 -48
vt -32 54
vt -48 54
vt -48 48
vt 32 191.1183
vt 32 174.62587
vt 48 174.62587
vt 48 191.1183
vt -501.34845 -48
vt -485.22394 -48
vt -485.22394 -32
vt -501.34845 -32
vt 453.65384 -32
vt 437.49835 -32
vt 437.49835 -48
vt 453.65384 -48
vt -48 188.93547
vt -48 176.56615
vt -32 176.56615
vt -32 188.93547
vt 32 305.8943
vt 32 288.00574
vt 48 288.00574
vt 48 305.8943
vt -453.65384 -48
vt -437.49835 -48
vt -437.49835 -32
vt -453.65384 -32
vt 365.39966 -32
vt 348.9984 -32
vt 348.9984 -48
vt 365.39966 -48
vt -48 302.7638
vt -48 289.34738
vt -32 289.34738
vt -32 302.7638
vt 48 -254.18854
vt 48 -237.78732
vt 32 -237.78732
vt 32 -254.18854
vt 527.712 -32
vt 509.82343 -32
vt 509.82343 -48
vt 527.712 -48
vt -526.37036 -48
vt -512.9539 -48
vt -512.9539 -32
vt -526.37036 -32
vt -32 -114.945564
vt -32 -98.79006
vt -48 -98.79006
vt -48 -114.945564
vt 48 -114.945564
vt 48 -98.79006
vt 32 -98.79006
vt 32 -114.945564
vt 562.683 -32
vt 546.19055 -32
vt 546.19055 -48
vt 562.683 -48
vt -560.7427 -48
vt -548.37335 -48
vt -548.37335 -32
vt -560.7427 -32
vt -32 26.543299
vt -32 42.667816
vt -48 42.667816
vt -48 26.543299
vt 32 26.543299
vt 48 26.543299
vt 48 42.667816
vt 32 42.667816
vt -560 -48
vt -554 -48
vt -554 -32
vt -560 -32
vt 560 -32
vt 552 -48
vt 560 -48
vt -48 112
vt -48 96
vt 48 54
vt 32 54
vt 626.12744 -32
vt 610.0029 -32
vt 610.0029 -48
vt 626.12744 -48
vt -624 -48
vt -608 -48
vt -48 56
vt 48 -95.074165
vt 48 -82.70484
vt 32 -82.70484
vt 32 -95.074165
vt 602.3959 -32
vt 586.2404 -32
vt 586.2404 -48
vt 602.3959 -48
vt -626.12744 -48
vt -610.0029 -48
vt -610.0029 -32
vt -626.12744 -32
vt -32 -97.01446
vt -32 -80.522026
vt -48 -80.522026
vt -48 -97.01446
vt 48 -211.53229
vt 48 -198.11588
vt 32 -198.11588
vt 32 -211.53229
vt 538.7405 -32
vt 522.33923 -32
vt 522.33923 -48
vt 538.7405 -48
vt -602.3959 -48
vt -586.2404 -48
vt -586.2404 -32
vt -602.3959 -32
vt -32 -212.87393
vt -32 -194.9854
vt -48 -194.9854
vt -48 -212.87393
vt 32 445.089
vt 32 428.68777
vt 48 428.68777
vt 48 445.089
vt -368.40274 -48
vt -355.67484 -48
vt -355.67484 -32
vt -368.40274 -32
vt -538.7405 -48
vt -522.33923 -48
vt -522.33923 -32
vt -538.7405 -32
vt 370.52408 -32
vt 353.5535 -32
vt 353.5535 -48
vt 370.52408 -48
vt 32 317.16785
vt 32 301.01236
vt 48 301.01236
vt 48 317.16785
vt -488.80432 -48
vt -475.3879 -48
vt -475.3879 -32
vt -488.80432 -32
vt 491.9348 -32
vt 474.04626 -32
vt 474.04626 -48
vt 491.9348 -48
vt -32 428.68777
vt -32 445.089
vt -48 445.089
vt -48 428.68777
vt 32 181.58702
vt 32 165.4625
vt 48 165.4625
vt 48 181.58702
vt -538.1868 -48
vt -525.8175 -48
vt -525.8175 -32
vt -538.1868 -32
vt 540.3696 -32
vt 523.8772 -32
vt 523.8772 -48
vt 540.3696 -48
vt -32 301.01236
vt -32 317.16785
vt -48 317.16785
vt -48 301.01236
vt 48 96
vt 48 112
vt -566 -48
vt -566 -32
vt 568 -48
vt -32 181.58702
vt -48 181.58702
vt -48 165.4625
vt -32 165.4625
vt 48 -0
vt 496 -48
vt 512 -48
vt -48 -0
vt 608 -48
vt 624 -48
vt 928 32
vt 1056 32
vt 1056 64
vt 160 64
vt -1056 576
vt -1056 160
vt -928 160
vt -928 576
vt 928 576
vt 928 160
vt 1056 160
vt 1056 576
vt -1056 64
vt -1056 32
vt -928 32
vt -928 704
vt -512 576
vt 512 576
vt 928 704
vt 1120 64
vt 1120 32
vt -1056 1120
vt -1056 704
vt -928 1120
vt 928 1120
vt 1056 704
vt 1056 1120
vt -1120 32
vt -1120 64
vt 1472 32
vt -1472 704
vt -1472 576
vt 1472 576
vt 1472 704
vt 1216 -0
vt 1248 -0
vt 704 128
vt 576 128
vt 576 -0
vt -1248 704
vt -1248 576
vt -1216 576
vt -1216 704
vt 1216 704
vt 1216 576
vt 1248 576
vt 1248 704
vt -576 -0
vt -576 128
vt -704 128
vt -1248 128
vt -1248 -0
vt -1216 -0
vt 544 192
vt -1184 576
vt -1184 544
vt -1152 544
vt -1152 576
vt 1152 576
vt 1152 544
vt 1184 544
vt 1184 576
vt -544 64
vt -544 192
vt 736 192
vt 704 192
vt 736 64
vt -1184 736
vt -1184 704
vt -1152 704
vt -1152 736
vt 1152 736
vt 1152 704
vt 1184 704
vt 1184 736
vt -704 192
vt -736 192
vt 1184 224
vt 1152 224
vt 736 224
vt 544 224
vt -544 224
vt -736 224
vt -1152 224
vt -1184 224
vt 416 32
vt 416 64
vt -416 576
vt -416 704
vt 416 704
vt 416 576
vt -416 64
vt -416 32
vt 1108 96
vt 1056 96
vt 1108 64
vt -1088 320
vt -1108 160
vt -1056 320
vt 1056 320
vt 1108 160
vt 1088 320
vt 122.03827 96
vt -39.20691 96
vt -39.20691 64
vt 122.03827 64
vt -1056 96
vt 1240.5045 96
vt 1133.3037 96
vt 1133.3037 64
vt 1240.5045 64
vt -122.03827 64
vt 39.20691 64
vt 39.20691 96
vt -122.03827 96
vt -1152 336
vt -1212 186
vt 1212 186
vt 1152 336
vt -150.56163 96
vt -312.11664 96
vt -312.11664 64
vt -150.56163 64
vt -1218.6763 64
vt -1152.7065 64
vt -1152.7065 96
vt -1218.6763 96
vt 1313.7192 96
vt 1197.4437 96
vt 1197.4437 64
vt 1313.7192 64
vt 150.56163 64
vt 312.11664 64
vt 312.11664 96
vt 150.56163 96
vt -1216 368
vt -1316 238
vt 1316 238
vt 1216 368
vt -426.2626 96
vt -590.2748 96
vt -590.2748 64
vt -426.2626 64
vt -1282.4144 64
vt -1210.8602 64
vt -1210.8602 96
vt -1282.4144 96
vt 1299.6627 96
vt 1189.354 96
vt 1189.354 64
vt 1299.6627 64
vt 426.2626 64
vt 590.2748 64
vt 590.2748 96
vt 426.2626 96
vt -1394 316
vt -1264 416
vt 1264 416
vt 1394 316
vt -1278.4495 64
vt -1210.5673 64
vt -1210.5673 96
vt -1278.4495 96
vt -748.18945 96
vt -912.20166 96
vt -912.20166 64
vt -748.18945 64
vt 748.18945 64
vt 912.20166 64
vt 912.20166 96
vt 748.18945 96
vt 1035.8444 96
vt 919.56885 96
vt 919.56885 64
vt 1035.8444 64
vt -1446 420
vt -1296 480
vt 1296 480
vt 1446 420
vt -1022.4278 64
vt -950.8736 64
vt -950.8736 96
vt -1022.4278 96
vt -1131.0328 96
vt -1292.5879 96
vt -1292.5879 64
vt -1131.0328 64
vt 1131.0328 64
vt 1292.5879 64
vt 1292.5879 96
vt 1131.0328 96
vt 873.0114 96
vt 765.8106 96
vt 765.8106 64
vt 873.0114 64
vt -1472 524
vt -1312 544
vt 1312 544
vt 1472 524
vt -853.6085 64
vt -787.6388 64
vt -787.6388 96
vt -853.6085 96
vt -1278.0695 96
vt -1439.3146 96
vt -1439.3146 64
vt -1278.0695 64
vt 1342.0695 -0
vt 1503.3146 -0
vt 1503.3146 32
vt 1342.0695 32
vt 524 96
vt 524 64
vt -1312 576
vt 1312 576
vt -576 96
vt -1312 64
vt 1312 64
vt 756 96
vt 756 64
vt -1472 756
vt -1312 704
vt -1312 736
vt 1312 736
vt 1312 704
vt 1472 756
vt -736 96
vt -1501.5754 32
vt -1662.8207 32
vt -1662.8207 -0
vt -1501.5754 -0
vt 1630.8207 96
vt 1469.5754 96
vt 1469.5754 64
vt 1630.8207 64
vt -477.0744 64
vt -411.10468 64
vt -411.10468 96
vt -477.0744 96
vt -1446 860
vt -1296 800
vt 1296 800
vt 1446 860
vt 498.9026 96
vt 391.70178 96
vt 391.70178 64
vt 498.9026 64
vt -1577.1849 96
vt -1738.74 96
vt -1738.74 64
vt -1577.1849 64
vt 1738.74 96
vt 1577.1849 96
vt 1577.1849 64
vt 1738.74 64
vt -147.07288 64
vt -75.518684 64
vt -75.518684 96
vt -147.07288 96
vt -1394 964
vt -1264 864
vt 1264 864
vt 1394 964
vt 178.37775 96
vt 62.102215 96
vt 62.102215 64
vt 178.37775 64
vt -1572.3615 96
vt -1736.3737 96
vt -1736.3737 64
vt -1572.3615 64
vt 1736.3737 96
vt 1572.3615 96
vt 1572.3615 64
vt 1736.3737 64
vt 208.52832 64
vt 276.41058 64
vt 276.41058 96
vt 208.52832 96
vt -1216 912
vt -1316 1042
vt 1316 1042
vt 1216 912
vt -1636.0983 64
vt -1472.086 64
vt -1472.086 96
vt -1636.0983 96
vt -187.3151 96
vt -297.62378 96
vt -297.62378 64
vt -187.3151 64
vt 597.8863 64
vt 669.4405 64
vt 669.4405 96
vt 597.8863 96
vt 1636.0983 96
vt 1472.086 96
vt 1472.086 64
vt 1636.0983 64
vt -1152 944
vt -1212 1094
vt 1212 1094
vt 1152 944
vt -1555.4967 64
vt -1393.9418 64
vt -1393.9418 96
vt -1555.4967 96
vt -584.46985 96
vt -700.74536 96
vt -700.74536 64
vt -584.46985 64
vt 900.5283 64
vt 966.49805 64
vt 966.49805 96
vt 900.5283 96
vt 1555.4967 96
vt 1393.9418 96
vt 1393.9418 64
vt 1555.4967 64
vt -1088 960
vt -1108 1120
vt 1108 1120
vt 1088 960
vt -1315.2534 64
vt -1154.0082 64
vt -1154.0082 96
vt -1315.2534 96
vt -881.1254 96
vt -988.32623 96
vt -988.32623 64
vt -881.1254 64
vt 1088 96
vt 1315.2534 96
vt 1154.0082 96
vt 1154.0082 64
vt 1315.2534 64
vt -1056 960
vt 1056 960
vt -1120 96
vt -1108 96
vt -1108 64
vt 896 64
vt -942.1561 64
vt -780.91095 64
vt -780.91095 96
vt -942.1561 96
vt 1120 96
vt -928 960
vt -896 960
vt -876 1120
vt 876 1120
vt 896 960
vt 928 960
vt -876 64
vt -876 96
vt 1121.6621 96
vt 1055.6924 96
vt 1055.6924 64
vt 1121.6621 64
vt -694.3526 64
vt -532.7976 64
vt -532.7976 96
vt -694.3526 96
vt -832 944
vt -772 1094
vt 772 1094
vt 832 944
vt 942.1561 96
vt 780.91095 96
vt 780.91095 64
vt 942.1561 64
vt -1033.8643 96
vt -1141.0651 96
vt -1141.0651 64
vt -1033.8643 64
vt 1196.5497 96
vt 1124.9955 96
vt 1124.9955 64
vt 1196.5497 64
vt -442.08762 64
vt -278.0754 64
vt -278.0754 96
vt -442.08762 96
vt -768 912
vt -668 1042
vt 668 1042
vt 768 912
vt 694.3526 96
vt 532.7976 96
vt 532.7976 64
vt 694.3526 64
vt -1093.6908 96
vt -1209.9663 96
vt -1209.9663 64
vt -1093.6908 64
vt -120.16066 64
vt 43.851562 64
vt 43.851562 96
vt -120.16066 96
vt 1278.4495 96
vt 1210.5673 96
vt 1210.5673 64
vt 1278.4495 64
vt -720 864
vt -590 964
vt 590 964
vt 720 864
vt 442.08762 96
vt 278.0754 96
vt 278.0754 64
vt 442.08762 64
vt -1189.354 64
vt -1189.354 96
vt -1299.6627 96
vt -1299.6627 64
vt 286.1187 64
vt 447.67374 64
vt 447.67374 96
vt 286.1187 96
vt 1108.2926 96
vt 1036.7384 96
vt 1036.7384 64
vt 1108.2926 64
vt -688 800
vt -538 860
vt 538 860
vt 688 800
vt -1139.5974 64
vt -1023.32184 64
vt -1023.32184 96
vt -1139.5974 96
vt 120.16066 96
vt -43.851562 96
vt -43.851562 64
vt 120.16066 64
vt 457.95163 64
vt 619.1968 64
vt 619.1968 96
vt 457.95163 96
vt 950.6227 96
vt 884.65295 96
vt 884.65295 64
vt 950.6227 64
vt -672 736
vt -512 756
vt 512 756
vt 672 736
vt -972.45087 64
vt -865.25006 64
vt -865.25006 96
vt -972.45087 96
vt -286.1187 96
vt -447.67374 96
vt -447.67374 64
vt -286.1187 64
vt 672 64
vt 736 96
vt -672 704
vt 672 704
vt -756 64
vt -756 96
vt -521.95166 32
vt -683.1968 32
vt -683.1968 -0
vt -521.95166 -0
vt 876 64
vt 876 96
vt -876 160
vt -896 320
vt 896 320
vt 876 160
vt -495.13544 64
vt -333.89026 64
vt -333.89026 96
vt -495.13544 96
vt -896 64
vt 781.6859 64
vt 888.8867 64
vt 888.8867 96
vt 781.6859 96
vt 495.13544 96
vt 333.89026 96
vt 333.89026 64
vt 495.13544 64
vt -772 186
vt -832 336
vt 832 336
vt 772 186
vt -710.5827 64
vt -549.02765 64
vt -549.02765 96
vt -710.5827 96
vt -803.5141 96
vt -869.4838 96
vt -869.4838 64
vt -803.5141 64
vt 480.71674 64
vt 596.99225 64
vt 596.99225 96
vt 480.71674 96
vt 710.5827 96
vt 549.02765 96
vt 549.02765 64
vt 710.5827 64
vt -668 238
vt -768 368
vt 768 368
vt 668 238
vt -767.74817 64
vt -603.73596 64
vt -603.73596 96
vt -767.74817 96
vt -512.0216 96
vt -583.5758 96
vt -583.5758 64
vt -512.0216 64
vt 187.3151 64
vt 297.62378 64
vt 297.62378 96
vt 187.3151 96
vt 767.74817 96
vt 603.73596 96
vt 603.73596 64
vt 767.74817 64
vt -720 416
vt -590 316
vt 590 316
vt 720 416
vt -208.52832 96
vt -276.41058 96
vt -276.41058 64
vt -208.52832 64
vt -704.0113 64
vt -704.0113 96
vt -868.0235 96
vt -868.0235 64
vt 868.0235 96
vt 704.0113 96
vt 704.0113 64
vt 868.0235 64
vt -74.62475 64
vt 41.650795 64
vt 41.650795 96
vt -74.62475 96
vt -688 480
vt -538 420
vt 538 420
vt 688 480
vt 61.208263 96
vt -10.345914 96
vt -10.345914 64
vt 61.208263 64
vt -732.271 96
vt -893.826 96
vt -893.826 64
vt -732.271 64
vt 893.826 96
vt 732.271 96
vt 732.271 64
vt 893.826 64
vt -399.46326 64
vt -292.26245 64
vt -292.26245 96
vt -399.46326 96
vt -672 544
vt -512 524
vt 512 524
vt 672 544
vt 380.06036 96
vt 314.09064 96
vt 314.09064 64
vt 380.06036 64
vt -649.45764 96
vt -810.7028 96
vt -810.7028 64
vt -649.45764 64
vt 681.45764 -0
vt 842.7028 -0
vt 842.7028 32
vt 681.45764 32
vt -672 576
vt 672 576
vt -524 64
vt -524 96
vt -672 64
vt 896 32
vt -753.1277 32
vt -495.13544 32
vt -753.1277 64
vt 803.5141 32
vt 869.4838 32
vt 869.4838 64
vt 803.5141 64
vt 753.1277 64
vt 495.13544 32
vt 753.1277 32
vt -969.07074 32
vt -710.5827 32
vt -969.07074 64
vt 512.0216 32
vt 583.5758 32
vt 583.5758 64
vt 512.0216 64
vt 969.07074 64
vt 710.5827 32
vt 969.07074 32
vt -1030.1677 32
vt -767.74817 32
vt -1030.1677 64
vt 208.52832 32
vt 276.41058 32
vt 1030.1677 64
vt 767.74817 32
vt 1030.1677 32
vt -1130.443 32
vt -868.0235 32
vt -1130.443 64
vt 1130.443 64
vt 868.0235 32
vt 1130.443 32
vt -61.208263 32
vt 10.345914 32
vt 10.345914 64
vt -61.208263 64
vt -1152.314 64
vt -1152.314 32
vt -893.826 32
vt 1152.314 64
vt 893.826 32
vt 1152.314 32
vt -380.06036 32
vt -314.09064 32
vt -314.09064 64
vt -380.06036 64
vt -1068.695 64
vt -1068.695 32
vt -810.7027 32
vt -810.7027 64
vt 1068.695 64
vt 810.7027 64
vt 810.7027 32
vt 1068.695 32
vt -544 32
vt -672 32
vt 876 32
vt -333.89026 32
vt -896 32
vt 681.45764 -32
vt 842.7028 -32
vt 544 32
vt -524 32
vt 732.271 32
vt -399.46326 32
vt -292.26245 32
vt 314.09064 32
vt 380.06036 32
vt -810.7028 32
vt -649.45764 32
vt 704.0113 32
vt -74.62475 32
vt 41.650795 32
vt -10.345914 32
vt 61.208263 32
vt -732.271 32
vt 187.3151 32
vt 297.62378 32
vt 603.73596 32
vt -276.41058 32
vt -208.52832 32
vt -704.0113 32
vt 480.71674 32
vt 596.99225 32
vt 549.02765 32
vt -603.73596 32
vt -583.5758 32
vt -512.0216 32
vt 781.6859 32
vt 888.8867 32
vt 333.89026 32
vt -549.02765 32
vt -869.4838 32
vt -803.5141 32
vt 672 32
vt -736 32
vt -877.1892 64
vt -877.1892 32
vt -619.1969 32
vt -619.1969 64
vt 877.1892 64
vt 619.1969 64
vt 619.1969 32
vt 877.1892 32
vt -950.6227 32
vt -884.65295 32
vt -884.65295 64
vt -950.6227 64
vt -706.16174 64
vt -706.16174 32
vt -447.67374 32
vt 706.16174 64
vt 447.67374 32
vt 706.16174 32
vt -1108.2926 32
vt -1036.7384 32
vt -1036.7384 64
vt -1108.2926 64
vt -306.27112 64
vt -306.27112 32
vt -43.851562 32
vt 43.851562 32
vt 306.27112 32
vt 306.27112 64
vt 15.655846 64
vt 15.655846 32
vt 278.0754 32
vt -1210.5673 32
vt -1278.4495 32
vt -278.0754 32
vt -15.655846 32
vt -15.655846 64
vt 532.79755 64
vt 274.30948 64
vt 274.30948 32
vt 532.79755 32
vt -1124.9955 64
vt -1196.5497 64
vt -1196.5497 32
vt -1124.9955 32
vt -532.79755 32
vt -274.30948 32
vt -274.30948 64
vt -532.79755 64
vt 780.9108 64
vt 522.9185 64
vt 522.9185 32
vt 780.9108 32
vt -1055.6924 64
vt -1121.6621 64
vt -1121.6621 32
vt -1055.6924 32
vt -780.9108 32
vt -522.9185 32
vt -522.9185 64
vt -780.9108 64
vt 960 32
vt -942.1561 32
vt -780.91095 32
vt -876 32
vt 286.1187 32
vt 1036.7384 32
vt 1108.2926 32
vt -1139.5974 32
vt -1023.32184 32
vt 120.16066 32
vt 736 32
vt -756 32
vt -683.1968 -32
vt -521.95166 -32
vt 457.95163 32
vt 619.1968 32
vt 884.65295 32
vt 950.6227 32
vt -972.45087 32
vt -865.25006 32
vt -286.1187 32
vt -120.16066 32
vt 1210.5673 32
vt 1278.4495 32
vt 442.08762 32
vt -1189.354 32
vt -1299.6627 32
vt 1124.9955 32
vt 1196.5497 32
vt -442.08762 32
vt 532.7976 32
vt 694.3526 32
vt -1209.9663 32
vt -1093.6908 32
vt 1055.6924 32
vt 1121.6621 32
vt -694.3526 32
vt -532.7976 32
vt 780.91095 32
vt 942.1561 32
vt -1141.0651 32
vt -1033.8643 32
vt 1154.008 64
vt 896.01575 64
vt 896.01575 32
vt 1154.008 32
vt 1135.4537 64
vt 1135.4537 32
vt 1393.9418 32
vt -1154.008 32
vt -896.01575 32
vt -896.01575 64
vt -1154.008 64
vt -966.49805 64
vt -966.49805 32
vt -900.5283 32
vt -900.5283 64
vt 1472.0862 64
vt 1209.6666 64
vt 1209.6666 32
vt 1472.0862 32
vt -1393.9418 32
vt -1135.4537 32
vt -1135.4537 64
vt -669.4405 64
vt -669.4405 32
vt -597.8863 32
vt -597.8863 64
vt 1309.9419 64
vt 1309.9419 32
vt 1572.3615 32
vt -1472.0862 32
vt -1209.6666 32
vt -1209.6666 64
vt -1472.0862 64
vt 1318.697 32
vt 1577.1849 32
vt 1318.697 64
vt 147.07288 64
vt 75.518684 64
vt 75.518684 32
vt 147.07288 32
vt -1309.9419 32
vt -1309.9419 64
vt -1572.3615 32
vt 1211.583 32
vt 1469.5753 32
vt 1469.5753 64
vt 1211.583 64
vt 477.0744 64
vt 411.10468 64
vt 411.10468 32
vt 477.0744 32
vt -1318.697 32
vt -1318.697 64
vt -1577.1849 32
vt 1312 32
vt -1469.5753 32
vt -1211.583 32
vt -1211.583 64
vt -1469.5753 64
vt 756 32
vt -1662.8207 -32
vt -1501.5754 -32
vt 1738.74 32
vt -147.07288 32
vt -75.518684 32
vt 62.102215 32
vt 178.37775 32
vt -1736.3737 32
vt 1469.5754 32
vt 1630.8207 32
vt -477.0744 32
vt -411.10468 32
vt 391.70178 32
vt 498.9026 32
vt -1738.74 32
vt 1736.3737 32
vt -1636.0983 32
vt -1472.086 32
vt -297.62378 32
vt -187.3151 32
vt 597.8863 32
vt 669.4405 32
vt 1472.086 32
vt 1636.0983 32
vt -1555.4967 32
vt -700.74536 32
vt -584.46985 32
vt 900.5283 32
vt 966.49805 32
vt 1555.4967 32
vt -1315.2534 32
vt -1154.0082 32
vt -988.32623 32
vt -881.1254 32
vt 1088 32
vt 1154.0082 32
vt 1315.2534 32
vt -1108 32
vt 1020.0773 32
vt 1278.0696 32
vt 1278.0696 64
vt 1020.0773 64
vt -1312 32
vt 872.5448 32
vt 1131.0328 32
vt 872.5448 64
vt 853.6085 64
vt 787.6388 64
vt 787.6388 32
vt 853.6085 32
vt -1278.0696 32
vt -1020.0773 32
vt -1020.0773 64
vt -1278.0696 64
vt 485.76996 32
vt 748.1895 32
vt 748.1895 64
vt 485.76996 64
vt 1022.4278 64
vt 950.8736 64
vt 950.8736 32
vt 1022.4278 32
vt -1131.0328 32
vt -872.5448 32
vt -872.5448 64
vt 163.84305 32
vt 426.2626 32
vt 163.84305 64
vt -748.1895 64
vt -748.1895 32
vt -485.76996 32
vt -485.76996 64
vt 1282.4144 64
vt 1210.8602 64
vt 1210.8602 32
vt 1282.4144 32
vt -107.92649 32
vt 150.56152 32
vt 150.56152 64
vt -107.92649 64
vt -426.2626 32
vt -163.84305 32
vt -163.84305 64
vt 1218.6763 64
vt 1152.7065 64
vt 1152.7065 32
vt 1218.6763 32
vt -380.03055 32
vt -122.03827 32
vt -380.03055 64
vt -150.56152 64
vt -150.56152 32
vt 107.92649 32
vt 107.92649 64
vt 122.03827 32
vt 380.03055 32
vt 380.03055 64
vt 1108 32
vt -39.20691 32
vt 1133.3037 32
vt 1240.5045 32
vt 39.20691 32
vt -312.11664 32
vt -150.56163 32
vt -1218.6763 32
vt -1152.7065 32
vt 1197.4437 32
vt 1313.7192 32
vt 150.56163 32
vt 312.11664 32
vt -590.2748 32
vt -1282.4144 32
vt -1210.8602 32
vt 1189.354 32
vt 1299.6627 32
vt 590.2748 32
vt -912.20166 32
vt -748.18945 32
vt 748.18945 32
vt 912.20166 32
vt 919.56885 32
vt 1035.8444 32
vt -1022.4278 32
vt -950.8736 32
vt -1292.5879 32
vt 1292.5879 32
vt 765.8106 32
vt 873.0114 32
vt -853.6085 32
vt -787.6388 32
vt -1439.3146 32
vt -1278.0695 32
vt 1342.0695 -32
vt 1503.3146 -32
vt 524 32
vt 688 192
vt 656 192
vt 688 -0
vt -576 688
vt -576 656
vt -544 656
vt -544 688
vt 544 688
vt 544 656
vt 576 656
vt 576 688
vt -688 -0
vt -656 -0
vt -656 192
vt -688 192
vt 656 32
vt 624 32
vt -576 624
vt -544 624
vt 544 624
vt 576 624
vt -624 32
vt -656 32
vt 552 64
vt 568 64
vt 568 128
vt 552 128
vt -568 672
vt -568 640
vt -552 640
vt -552 672
vt 552 672
vt 552 640
vt 568 640
vt 568 672
vt -552 128
vt -568 128
vt -568 64
vt -552 64
vt 576 160
vt 544 160
vt 656 297.90775
vt 624 297.90775
vt 624 264.92288
vt 656 264.92288
vt -568 656
vt -568 624
vt -552 624
vt -552 656
vt -656 -0.5073881
vt -624 -0.5073881
vt -624 32.477478
vt -656 32.477478
vt -544 160
vt -576 160
vt 624 192
vt 624 160
vt 656 160
vt -656 160
vt -624 160
vt -624 192
vt 656 -66.47713
vt 624 -66.47713
vt 624 -99.46199
vt 656 -99.46199
vt 552 656
vt 552 624
vt 568 624
vt 568 656
vt -656 165.96829
vt -624 165.96829
vt -624 198.95316
vt -656 198.95316
vt 592 32
vt 592 -0
vt -576 592
vt -544 592
vt 544 592
vt 576 592
vt -592 -0
vt -592 32
vt 592 -66.47713
vt 592 -99.46199
vt 552 592
vt 568 592
vt -592 165.96829
vt -592 198.95316
vt 592 192
vt 560 192
vt 560 -0
vt -576 560
vt -544 560
vt 544 560
vt 576 560
vt -560 -0
vt -560 192
vt -592 192
vt -608 64
vt -568 608
vt -552 608
vt 552 608
vt 568 608
vt 592 297.90775
vt 592 264.92288
vt -568 592
vt -552 592
vt -592 -0.5073881
vt -592 32.477478
vt 592 160
vt -592 160

# normals
vn -1 0 -0
vn 0 0 1
vn 0 -1 -0
vn 0 1 -0
vn 0 -0 -1
vn 1 0 -0
vn 0.9922778767136677 0 0.12403473458920847
vn -0.9284766908852594 0 -0.3713906763541038
vn 0.4472135954999579 0 -0.8944271909999159
vn 0.7926239891046 0 0.6097107608496923
vn -0.3713906763541038 0 -0.9284766908852594
vn 0.12403473458920847 0 0.9922778767136677
vn 0.9701425001453319 0 -0.24253562503633297
vn -0.12403473458920847 0 -0.9922778767136677
vn -0.6097107608496923 0 -0.7926239891046
vn 0.3713906763541038 0 0.9284766908852594
vn 0.8944271909999159 0 -0.4472135954999579
vn -0.7926239891046 0 -0.6097107608496923
vn 0.6097107608496923 0 0.7926239891046
vn 0.7071067811865476 0 -0.7071067811865476
vn -0.9922778767136677 0 -0.12403473458920847
vn 0.24253562503633297 0 -0.9701425001453319
vn 0.9284766908852594 0 0.3713906763541038
vn -0.9701425001453319 -0.24253562503633297 -0
vn 0.9701425001453319 -0.24253562503633297 -0
vn -0.9701425001453319 0.24253562503633297 -0
vn 0.9701425001453319 0.24253562503633297 -0
vn 0 -0.24253562503633297 0.9701425001453319
vn 0 -0.24253562503633297 -0.9701425001453319
vn 0 0.24253562503633297 0.9701425001453319
vn 0 0.24253562503633297 -0.9701425001453319
vn -0.7926239891046 0 0.6097107608496923
vn 0.6097107608496923 0 -0.7926239891046
vn 0.7071067811865476 0 0.7071067811865476
vn 0.9922778767136677 0 -0.12403473458920847
vn -0.9922778767136677 0 0.12403473458920847
vn 0.24253562503633297 0 0.9701425001453319
vn 0.9284766908852594 0 -0.3713906763541038
vn -0.9284766908852594 0 0.3713906763541038
vn 0.4472135954999579 0 0.8944271909999159
vn 0.7926239891046 0 -0.6097107608496923
vn -0.6097107608496923 0 0.7926239891046
vn 0.3713906763541038 0 -0.9284766908852594
vn 0.8944271909999159 0 0.4472135954999579
vn -0.3713906763541038 0 0.9284766908852594
vn 0.12403473458920847 0 -0.9922778767136677
vn 0.9701425001453319 0 0.24253562503633297
vn -0.12403473458920847 0 0.9922778767136677
vn -0.24253562503632972 0 0.9701425001453328
vn -0.9701425001453319 0 0.24253562503633297
vn -0.4472135954999579 0 0.8944271909999159
vn -0.7071067811865476 0 0.7071067811865476
vn -0.8944271909999159 0 0.4472135954999579
vn -0.7071067811865476 0 -0.7071067811865476
vn -0.24253562503632972 0 -0.9701425001453328
vn -0.4472135954999579 0 -0.8944271909999159
vn -0.8944271909999159 0 -0.4472135954999579
vn -0.9701425001453319 0 -0.24253562503633297
vn 0.9701425001453328 0 -0.24253562503632972
vn -0.9701425001453328 0 -0.24253562503632972
vn -0.24253562503633297 0 -0.9701425001453319
vn -0.242535625036333 0 0.970142500145332
vn 0.242535625036333 -0 -0.970142500145332
vn 0.44721359549995626 -0 -0.8944271909999167
vn -0.970142500145332 0 0.24253562503633244
vn 0.970142500145332 0 -0.242535625036333
vn -0.12403473458920845 0 -0.9922778767136676
vn -0.894427190999916 0 0.4472135954999578
vn 0.894427190999916 0 -0.4472135954999578
vn 0.2425356250363334 0 -0.9701425001453319
vn 0.4472135954999578 0 -0.894427190999916
vn 0.9701425001453314 0 -0.2425356250363345
vn -0.9701425001453314 0 0.2425356250363345
vn 0.9701425001453317 0 -0.24253562503633377
vn -0.4472135954999578 0 0.894427190999916
vn 0.44721359549995765 0 -0.8944271909999161
vn -0.2425356250363334 0 0.9701425001453319
vn -0.24253562503633308 0 -0.9701425001453319
vn 0.24253562503633336 0 0.9701425001453319
vn -0.44721359549995765 0 -0.8944271909999161
vn 0.4472135954999578 0 0.894427190999916
vn -0.9701425001453317 0 -0.24253562503633377
vn 0.9701425001453317 0 0.2425356250363341
vn -0.24253562503633336 0 -0.9701425001453319
vn -0.4472135954999578 0 -0.894427190999916
vn -0.9701425001453317 0 -0.2425356250363341
vn -0.894427190999916 0 -0.4472135954999578
vn 0.894427190999916 0 0.4472135954999578
vn 0.24253562503633258 0 0.9701425001453321
vn 0.4472135954999581 0 0.8944271909999159
vn 0.9701425001453315 0 0.24253562503633438
vn -0.9701425001453315 0 -0.24253562503633438
vn 0.9701425001453317 0 0.24253562503633366
vn -0.4472135954999581 0 -0.8944271909999159
vn 0.44721359549995765 0 0.8944271909999161
vn -0.24253562503633258 0 -0.9701425001453321
vn -0.8944271909999161 0 0.44721359549995765
vn -0.24253562503633377 0 0.9701425001453317
vn 0.4472135954999582 0 0.8944271909999156
vn 0.8944271909999161 0 0.44721359549995765
vn 0.4472135954999582 0 -0.8944271909999156
vn 0.8944271909999161 0 -0.44721359549995765
vn 0 -0.7071067811865476 0.7071067811865476
vn 0 0.8944271909999159 0.4472135954999579
vn 0 -0.4472135954999579 -0.8944271909999159
vn 0 -0.9701425001453319 0.24253562503633297
vn 0 -0.9950371902099892 -0.09950371902099892
vn 0 -0.8944271909999159 0.4472135954999579
vn 0 0.9950371902099892 0.09950371902099892
vn 0 -0.8944271909999159 -0.4472135954999579
vn 0 -0.4472135954999579 0.8944271909999159
vn 0 0.4472135954999579 0.8944271909999159
vn 0 -0.09950371902099892 -0.9950371902099892
vn 0 0.09950371902099892 0.9950371902099892
vn 0 0.9950371902099892 -0.09950371902099892
vn 0 -0.9950371902099892 0.09950371902099892
vn 0 -0.9701425001453319 -0.24253562503633297
vn 0 0.8944271909999159 -0.4472135954999579
vn 0 -0.7071067811865476 -0.7071067811865476
vn 0 -0.09950371902099892 0.9950371902099892
vn 0 0.4472135954999579 -0.8944271909999159
vn 0 0.09950371902099892 -0.9950371902099892
vn 0 -0.6097107608496923 0.7926239891046
vn 0 0.8944271909999159 0.4472135954999578
vn 0 -0.8944271909999159 -0.4472135954999578
vn 0 0.3713906763541038 -0.9284766908852594
vn 0 0.9922778767136677 -0.12403473458920847
vn 0 0.24253562503633333 0.9701425001453319
vn 0 -0.9922778767136677 0.12403473458920847
vn 0 0.9284766908852594 -0.3713906763541038
vn 0 -0.24253562503633308 -0.9701425001453319
vn 0 0.44721359549995665 0.8944271909999166
vn 0 -0.9284766908852594 0.3713906763541038
vn 0 0.7926239891046 -0.6097107608496923
vn 0 -0.4472135954999564 -0.8944271909999166
vn 0 0.7071067811865476 0.7071067811865476
vn 0 -0.7926239891046 0.6097107608496923
vn 0 -0.7071067811865474 -0.7071067811865477
vn 0 0.6097107608496923 -0.7926239891046
vn 0 -0.3713906763541038 0.9284766908852594
vn 0 0.970142500145332 0.24253562503633302
vn 0 -0.9701425001453319 -0.2425356250363329
vn 0 0.12403473458920847 -0.9922778767136677
vn 0 -0.12403473458920847 0.9922778767136677
vn 0 0.9922778767136677 0.12403473458920847
vn 0 -0.24253562503633308 0.9701425001453319
vn 0 0.9284766908852594 0.3713906763541038
vn 0 -0.9922778767136677 -0.12403473458920847
vn 0 0.24253562503633333 -0.9701425001453319
vn 0 -0.4472135954999564 0.8944271909999166
vn 0 0.7926239891046 0.6097107608496923
vn 0 -0.9284766908852594 -0.3713906763541038
vn 0 0.44721359549995665 -0.8944271909999166
vn 0 0.6097107608496923 0.7926239891046
vn 0 -0.7071067811865474 0.7071067811865477
vn 0 -0.7926239891046 -0.6097107608496923
vn 0 0.7071067811865476 -0.7071067811865476
vn 0 0.3713906763541038 0.9284766908852594
vn 0 -0.8944271909999159 0.4472135954999578
vn 0 0.8944271909999159 -0.4472135954999578
vn 0 -0.6097107608496923 -0.7926239891046
vn 0 0.12403473458920847 0.9922778767136677
vn 0 -0.9701425001453319 0.24253562503633286
vn 0 0.9701425001453319 -0.24253562503633302
vn 0 -0.3713906763541038 -0.9284766908852594
vn 0 -0.12403473458920847 -0.9922778767136677
vn 0.9701425001453328 0 0.24253562503632972
vn 0.9701425001453318 0 0.24253562503633302
vn 0.24253562503633136 0 0.9701425001453323
vn 0.970142500145332 0 -0.24253562503633286
vn -0.24253562503633297 -0 0.9701425001453319
vn -0.24253562503633286 0 -0.9701425001453319
vn 0.12403473458920847 0.9922778767136677 -0
vn -0.9701425001453321 0.24253562503633233 4.308298163315051e-16
vn -0.12403473458920847 -0.9922778767136677 -0
vn 0.3713906763541038 0.9284766908852594 -0
vn 0.9701425001453319 -0.24253562503633308 -0
vn -0.8944271909999167 0.44721359549995626 3.972054645195643e-16
vn -0.3713906763541038 -0.9284766908852594 -0
vn 0.6097107608496923 0.7926239891046 -0
vn 0.8944271909999169 -0.4472135954999559 -3.972054645195643e-16
vn -0.7071067811865476 0.7071067811865476 -0
vn -0.6097107608496923 -0.7926239891046 -0
vn 0.7071067811865475 -0.7071067811865476 -0
vn 0.7926239891046 0.6097107608496923 -0
vn -0.7926239891046 -0.6097107608496923 -0
vn -0.44721359549995765 0.8944271909999159 -0
vn 0.4472135954999578 -0.8944271909999159 -0
vn 0.9284766908852594 0.3713906763541038 -0
vn -0.9284766908852594 -0.3713906763541038 -0
vn -0.24253562503633339 0.9701425001453319 -0
vn 0.24253562503633297 -0.9701425001453319 -0
vn 0.9922778767136677 0.12403473458920847 -0
vn -0.9922778767136677 -0.12403473458920847 -0
vn -0.12403473458920847 0.9922778767136677 -0
vn -0.9701425001453319 -0.24253562503633308 -0
vn -0.3713906763541038 0.9284766908852594 -0
vn 0.12403473458920847 -0.9922778767136677 -0
vn 0.9701425001453319 0.24253562503633314 -0
vn -0.8944271909999166 -0.44721359549995615 -0
vn -0.6097107608496923 0.7926239891046 -0
vn 0.3713906763541038 -0.9284766908852594 -0
vn 0.8944271909999164 0.4472135954999569 -0
vn -0.7926239891046 0.6097107608496923 -0
vn -0.7071067811865475 -0.7071067811865476 -0
vn 0.6097107608496923 -0.7926239891046 -0
vn 0.7071067811865476 0.7071067811865476 -0
vn -0.9284766908852594 0.3713906763541038 -0
vn -0.4472135954999578 -0.8944271909999159 -0
vn 0.4472135954999578 0.8944271909999159 -0
vn 0.7926239891046 -0.6097107608496923 -0
vn -0.9922778767136677 0.12403473458920847 -0
vn -0.24253562503633297 -0.9701425001453319 -0
vn 0.24253562503633339 0.9701425001453319 -0
vn 0.9284766908852594 -0.3713906763541038 -0
vn 0.9922778767136677 -0.12403473458920847 -0
vn -0.4472135954999579 -0.8944271909999159 -0
vn 0.09950371902099892 0.9950371902099892 0
vn 0.4472135954999579 -0.8944271909999159 -0
vn -0.09950371902099892 -0.9950371902099892 -0
vn -0.8944271909999159 -0.4472135954999579 -0
vn 0.4472135954999579 0.8944271909999159 0
vn 0.7071067811865476 -0.7071067811865476 -0
vn -0.9950371902099892 -0.09950371902099892 0
vn 0.8944271909999159 -0.4472135954999579 -0
vn 0.8944271909999159 0.4472135954999579 -0
vn 0.9950371902099892 0.09950371902099892 -0
vn -0.7071067811865476 -0.7071067811865476 -0
vn -0.4472135954999579 0.8944271909999159 -0
vn 0.09950371902099892 -0.9950371902099892 -0
vn -0.09950371902099892 0.9950371902099892 -0
vn -0.8944271909999159 0.4472135954999579 -0
vn 0.9950371902099892 -0.09950371902099892 -0
vn -0.9950371902099892 0.09950371902099892 -0
vn -0.9701425001453319 0.24253562503633314 -0
vn -0.8944271909999166 0.44721359549995654 -0
vn 0.8944271909999166 -0.44721359549995615 -0
vn 0.44721359549995765 -0.8944271909999159 -0
vn 0.24253562503633297 0.9701425001453319 -0
vn -0.970142500145332 -0 0.242535625036333
vn 0.3713906763541037 0 0.9284766908852593
vn -0.3713906763541037 0 -0.9284766908852593
vn 0.6097107608496924 0 0.7926239891046001
vn -0.6097107608496924 0 -0.7926239891046001
vn 0.7926239891046001 0 0.6097107608496924
vn -0.7926239891046001 0 -0.6097107608496924
vn 0.9284766908852593 0 0.3713906763541037
vn -0.9284766908852593 0 -0.3713906763541037
vn 0.242535625036333 0 0.970142500145332
vn 0.9284766908852593 -0 -0.3713906763541037
vn -0.9284766908852593 -0 0.3713906763541037
vn 0.7926239891046001 -0 -0.6097107608496924
vn -0.7926239891046001 0 0.6097107608496924
vn 0.6097107608496924 0 -0.7926239891046001
vn -0.6097107608496924 0 0.7926239891046001
vn 0.3713906763541037 -0 -0.9284766908852593
vn -0.3713906763541037 0 0.9284766908852593
vn 0.970142500145332 0 0.242535625036333
vn -0.970142500145332 0 -0.242535625036333
vn -0.242535625036333 0 -0.970142500145332
vn -0.24253562503633255 0 0.970142500145332

o entity0_brush0
usemtl __TB_empty
f  1/1/1  2/2/1  3/3/1  4/4/1
usemtl __TB_empty
f  5/5/2  3/6/2  2/7/2  6/8/2
usemtl __TB_empty
f  6/9/3  2/10/3  1/11/3  7/12/3
usemtl __TB_empty
f  8/12/4  4/11/4  3/10/4  5/9/4
usemtl __TB_empty
f  7/13/5  1/14/5  4/15/5  8/16/5
usemtl __TB_empty
f  8/17/6  5/18/6  6/19/6  7/20/6

o entity1_brush0
usemtl prototype/128_honey_2
f  9/21/1  10/22/1  11/23/1  12/24/1
usemtl prototype/128_honey_2
f  12/25/3  11/26/3  13/27/3
usemtl prototype/128_honey_2
f  14/28/4  10/29/4  9/30/4
usemtl prototype/128_honey_2
f  13/31/5  11/32/5  10/33/5  14/34/5
usemtl prototype/128_honey_2
f  9/35/7  12/36/7  13/37/7  14/38/7

o entity1_brush1
usemtl prototype/128_honey_2
f  15/39/8  16/40/8  17/41/8  18/42/8
usemtl prototype/128_honey_2
f  18/43/3  17/44/3  19/45/3
usemtl prototype/128_honey_2
f  20/46/4  16/47/4  15/48/4
usemtl prototype/128_honey_2
f  19/49/9  17/50/9  16/51/9  20/52/9
usemtl prototype/128_honey_2
f  15/53/10  18/54/10  19/55/10  20/56/10

o entity1_brush2
usemtl prototype/128_honey_2
f  21/57/11  22/58/11  23/59/11  24/60/11
usemtl prototype/128_honey_2
f  25/61/3  22/25/3  21/62/3
usemtl prototype/128_honey_2
f  24/63/4  23/30/4  26/64/4
usemtl prototype/128_honey_2
f  26/65/12  23/66/12  22/67/12  25/68/12
usemtl prototype/128_honey_2
f  24/69/13  26/70/13  25/71/13  21/72/13

o entity1_brush3
usemtl prototype/128_honey_2
f  27/73/14  28/74/14  29/75/14  30/76/14
usemtl prototype/128_honey_2
f  31/77/2  29/78/2  28/79/2  32/80/2
usemtl prototype/128_honey_2
f  32/81/3  28/25/3  27/61/3
usemtl prototype/128_honey_2
f  30/64/4  29/30/4  31/82/4
usemtl prototype/128_honey_2
f  32/83/6  27/84/6  30/85/6  31/86/6

o entity1_brush4
usemtl prototype/128_honey_2
f  33/87/15  34/88/15  35/89/15  36/90/15
usemtl prototype/128_honey_2
f  37/91/3  34/43/3  33/92/3
usemtl prototype/128_honey_2
f  36/93/4  35/48/4  38/94/4
usemtl prototype/128_honey_2
f  38/95/16  35/96/16  34/97/16  37/98/16
usemtl prototype/128_honey_2
f  36/99/17  38/100/17  37/101/17  33/102/17

o entity1_brush5
usemtl prototype/128_honey_2
f  39/103/18  40/104/18  41/105/18  42/106/18
usemtl prototype/128_honey_2
f  43/107/3  40/25/3  39/108/3
usemtl prototype/128_honey_2
f  42/109/4  41/30/4  44/110/4
usemtl prototype/128_honey_2
f  44/111/19  41/112/19  40/113/19  43/114/19
usemtl prototype/128_honey_2
f  39/115/20  42/116/20  44/117/20  43/118/20

o entity1_brush6
usemtl prototype/128_honey_2
f  45/119/21  46/120/21  47/121/21  48/122/21
usemtl prototype/128_honey_2
f  48/43/3  47/123/3  49/44/3
usemtl prototype/128_honey_2
f  50/47/4  46/124/4  45/48/4
usemtl prototype/128_honey_2
f  49/125/22  47/126/22  46/127/22  50/128/22
usemtl prototype/128_honey_2
f  45/129/23  48/130/23  49/131/23  50/132/23

o entity3_brush0
usemtl prototype/128_grey_3
f  51/133/1  52/134/1  53/135/1  54/136/1
usemtl prototype/128_honey_2
f  55/137/2  53/138/2  52/139/2  56/140/2
usemtl prototype/128_honey_2
f  56/141/3  52/142/3  51/143/3  57/144/3
usemtl prototype/128_grey_3
f  58/145/4  54/146/4  53/147/4  55/148/4
usemtl prototype/128_honey_2
f  57/140/5  51/139/5  54/138/5  58/137/5
usemtl prototype/128_grey_3
f  58/149/6  55/150/6  56/151/6  57/152/6

o entity3_brush1
usemtl prototype/128_honey_2
f  59/153/1  60/154/1  61/155/1  62/156/1
usemtl prototype/128_honey_2
f  63/157/2  61/158/2  60/159/2  64/160/2
usemtl prototype/128_honey_2
f  64/161/3  60/162/3  59/163/3  65/164/3
usemtl prototype/128_grey_3
f  66/165/4  62/166/4  61/167/4  63/168/4
usemtl prototype/128_grey_3
f  65/169/5  59/170/5  62/171/5  66/172/5
usemtl prototype/128_honey_2
f  66/156/6  63/155/6  64/154/6  65/153/6

o entity3_brush2
usemtl prototype/128_honey_2
f  67/153/1  68/154/1  69/155/1  70/156/1
usemtl prototype/128_honey_2
f  71/158/2  69/137/2  68/140/2  72/159/2
usemtl prototype/128_honey_2
f  72/162/3  68/173/3  67/174/3  73/163/3
usemtl prototype/128_grey_3
f  74/166/4  70/175/4  69/176/4  71/167/4
usemtl prototype/128_grey_3
f  73/170/5  67/177/5  70/178/5  74/171/5
usemtl prototype/128_honey_2
f  74/156/6  71/155/6  72/154/6  73/153/6

o entity3_brush3
usemtl prototype/128_honey_2
f  75/179/1  76/180/1  77/181/1  78/182/1
usemtl prototype/128_honey_2
f  79/183/2  77/184/2  76/185/2  80/186/2
usemtl prototype/128_honey_2
f  80/187/3  76/161/3  75/164/3  81/188/3
usemtl prototype/128_grey_3
f  82/189/4  78/165/4  77/168/4  79/190/4
usemtl prototype/128_honey_2
f  81/191/5  75/169/5  78/192/5  82/193/5
usemtl prototype/128_honey_2
f  82/194/6  79/195/6  80/154/6  81/153/6

o entity3_brush4
usemtl prototype/128_honey_2
f  83/154/1  84/196/1  85/197/1  86/155/1
usemtl prototype/128_honey_2
f  87/158/2  85/198/2  84/199/2  88/159/2
usemtl prototype/128_honey_2
f  88/200/3  84/201/3  83/202/3  89/162/3
usemtl prototype/128_grey_3
f  90/167/4  86/203/4  85/204/4  87/205/4
usemtl prototype/128_grey_3
f  89/206/5  83/207/5  86/208/5  90/209/5
usemtl prototype/128_honey_2
f  90/210/6  87/211/6  88/212/6  89/180/6

o entity3_brush5
usemtl prototype/128_grey_3
f  91/213/1  92/153/1  93/156/1  94/214/1
usemtl prototype/128_grey_3
f  95/215/2  93/158/2  92/159/2  96/216/2
usemtl prototype/128_honey_2
f  96/217/3  92/218/3  91/219/3  97/220/3
usemtl prototype/128_grey_3
f  98/221/4  94/222/4  93/223/4  95/224/4
usemtl prototype/128_grey_3
f  97/225/5  91/226/5  94/227/5  98/228/5
usemtl prototype/128_grey_3
f  98/229/6  95/230/6  96/179/6  97/231/6

o entity3_brush6
usemtl prototype/128_honey_2
f  99/232/1  100/233/1  101/234/1  102/235/1
usemtl prototype/128_honey_2
f  103/236/2  101/192/2  100/237/2  104/238/2
usemtl prototype/128_honey_2
f  104/239/3  100/240/3  99/241/3  105/242/3
usemtl prototype/128_grey_3
f  106/243/4  102/244/4  101/245/4  103/246/4
usemtl prototype/128_grey_3
f  105/247/5  99/248/5  102/249/5  106/250/5
usemtl prototype/128_honey_2
f  106/251/6  103/181/6  104/252/6  105/253/6

o entity3_brush7
usemtl prototype/128_honey_2
f  107/254/1  108/255/1  109/256/1  110/257/1
usemtl prototype/128_grey_3
f  111/250/2  109/249/2  108/248/2  112/247/2
usemtl prototype/128_honey_2
f  112/258/3  108/259/3  107/260/3  113/261/3
usemtl prototype/128_grey_3
f  114/262/4  110/263/4  109/264/4  111/265/4
usemtl prototype/128_honey_2
f  113/238/5  107/237/5  110/192/5  114/236/5
usemtl prototype/128_honey_2
f  114/266/6  111/267/6  112/268/6  113/269/6

o entity3_brush8
usemtl prototype/128_honey_2
f  115/270/1  116/212/1  117/271/1  118/272/1
usemtl prototype/128_honey_2
f  119/273/2  117/274/2  116/186/2  120/275/2
usemtl prototype/128_honey_2
f  120/276/3  116/193/3  115/277/3  121/278/3
usemtl prototype/128_grey_3
f  122/279/4  118/280/4  117/183/4  119/281/4
usemtl prototype/128_honey_2
f  121/282/5  115/191/5  118/283/5  122/284/5
usemtl prototype/128_honey_2
f  122/272/6  119/271/6  120/212/6  121/270/6

o entity3_brush9
usemtl prototype/128_honey_2
f  123/196/1  124/285/1  125/286/1  126/197/1
usemtl prototype/128_honey_2
f  127/158/2  125/198/2  124/199/2  128/159/2
usemtl prototype/128_honey_2
f  128/287/3  124/288/3  123/201/3  129/200/3
usemtl prototype/128_grey_3
f  130/205/4  126/204/4  125/289/4  127/290/4
usemtl prototype/128_honey_2
f  129/159/5  123/199/5  126/198/5  130/158/5
usemtl prototype/128_honey_2
f  130/211/6  127/291/6  128/270/6  129/212/6

o entity3_brush10
usemtl prototype/128_honey_2
f  131/232/1  132/292/1  133/293/1  134/235/1
usemtl prototype/128_honey_2
f  135/236/2  133/192/2  132/237/2  136/238/2
usemtl prototype/128_honey_2
f  136/294/3  132/295/3  131/240/3  137/239/3
usemtl prototype/128_grey_3
f  138/246/4  134/245/4  133/296/4  135/297/4
usemtl prototype/128_honey_2
f  137/238/5  131/237/5  134/192/5  138/236/5
usemtl prototype/128_honey_2
f  138/298/6  135/299/6  136/300/6  137/301/6

o entity3_brush11
usemtl prototype/128_honey_2
f  139/302/1  140/303/1  141/62/1  142/304/1
usemtl prototype/128_honey_2
f  143/236/2  141/192/2  140/237/2  144/238/2
usemtl prototype/128_honey_2
f  144/261/3  140/260/3  139/305/3  145/306/3
usemtl prototype/128_grey_3
f  146/307/4  142/308/4  141/263/4  143/262/4
usemtl prototype/128_honey_2
f  145/238/5  139/237/5  142/192/5  146/236/5
usemtl prototype/128_honey_2
f  146/309/6  143/63/6  144/310/6  145/311/6

o entity3_brush12
usemtl prototype/128_honey_2
f  147/270/1  148/212/1  149/312/1  150/313/1
usemtl prototype/128_honey_2
f  151/314/2  149/279/2  148/275/2  152/315/2
usemtl prototype/128_honey_2
f  152/315/3  148/275/3  147/316/3  153/317/3
usemtl prototype/128_honey_2
f  154/318/4  150/319/4  149/320/4  151/321/4
usemtl prototype/128_honey_2
f  153/315/5  147/275/5  150/279/5  154/314/5
usemtl prototype/128_honey_2
f  154/322/6  151/323/6  152/324/6  153/325/6

o entity4_brush0
usemtl prototype/blue_3
f  155/136/1  156/326/1  157/327/1  158/328/1
usemtl prototype/16_blue_3
f  159/329/2  157/330/2  156/137/2  160/331/2
usemtl prototype/blue_3
f  160/332/3  156/333/3  155/334/3  161/335/3
usemtl prototype/blue_3
f  162/336/4  158/337/4  157/338/4  159/339/4
usemtl prototype/blue_3
f  161/331/5  155/137/5  158/330/5  162/329/5
usemtl prototype/blue_3
f  162/340/6  159/341/6  160/342/6  161/149/6

o entity4_brush1
usemtl prototype/blue_3
f  163/326/1  164/286/1  165/292/1  166/343/1
usemtl prototype/16_blue_3
f  167/344/2  165/345/2  164/346/2  168/347/2
usemtl prototype/blue_3
f  168/329/3  164/330/3  163/333/3  169/332/3
usemtl prototype/blue_3
f  170/339/4  166/338/4  165/348/4  167/349/4
usemtl prototype/blue_3
f  169/331/5  163/137/5  166/350/5  170/351/5
usemtl prototype/blue_3
f  170/352/6  167/300/6  168/291/6  169/342/6

o entity4_brush2
usemtl prototype/16_blue_3
f  171/353/1  172/354/1  173/355/1  174/356/1
usemtl prototype/16_blue_3
f  175/357/2  173/358/2  172/359/2  176/360/2
usemtl prototype/key_silver_1
f  176/361/3  172/362/3  171/363/3  177/364/3
usemtl prototype/key_silver_1
f  178/365/4  174/366/4  173/367/4  175/368/4
usemtl prototype/key_silver_1
f  177/369/5  171/370/5  174/371/5  178/372/5
usemtl prototype/16_blue_3
f  178/356/6  175/355/6  176/354/6  177/353/6

o entity4_brush3
usemtl prototype/blue_3
f  179/373/24  180/374/24  181/375/24  182/376/24
usemtl prototype/16_blue_3
f  183/377/2  181/378/2  180/358/2  184/357/2
usemtl prototype/blue_3
f  184/361/3  180/362/3  179/363/3  185/364/3
usemtl prototype/blue_3
f  186/339/4  182/338/4  181/348/4  183/349/4
usemtl prototype/blue_3
f  185/372/5  179/371/5  182/379/5  186/380/5
usemtl prototype/blue_3
f  186/381/25  183/382/25  184/383/25  185/384/25

o entity4_brush4
usemtl prototype/blue_3
f  187/385/1  188/386/1  189/387/1  190/327/1
usemtl prototype/16_blue_3
f  191/349/2  189/348/2  188/378/2  192/377/2
usemtl prototype/blue_3
f  192/329/3  188/330/3  187/333/3  193/332/3
usemtl prototype/blue_3
f  194/339/4  190/338/4  189/348/4  191/349/4
usemtl prototype/blue_3
f  193/380/5  187/379/5  190/330/5  194/329/5
usemtl prototype/blue_3
f  194/341/6  191/313/6  192/388/6  193/389/6

o entity4_brush5
usemtl prototype/blue_3
f  195/390/26  196/391/26  197/392/26  198/393/26
usemtl prototype/16_blue_3
f  199/360/2  197/359/2  196/345/2  200/344/2
usemtl prototype/blue_3
f  200/329/3  196/330/3  195/333/3  201/332/3
usemtl prototype/blue_3
f  202/365/4  198/366/4  197/367/4  199/368/4
usemtl prototype/blue_3
f  201/351/5  195/350/5  198/370/5  202/369/5
usemtl prototype/blue_3
f  202/394/27  199/395/27  200/396/27  201/397/27

o entity5_brush0
usemtl prototype/blue_3
f  203/286/1  204/398/1  205/399/1  206/292/1
usemtl prototype/blue_3
f  207/344/2  205/345/2  204/346/2  208/347/2
usemtl prototype/blue_3
f  208/380/3  204/379/3  203/330/3  209/329/3
usemtl prototype/blue_3
f  210/349/4  206/348/4  205/378/4  207/377/4
usemtl prototype/16_blue_3
f  209/331/5  203/137/5  206/350/5  210/351/5
usemtl prototype/blue_3
f  210/300/6  207/400/6  208/401/6  209/291/6

o entity5_brush1
usemtl prototype/blue_3
f  211/391/26  212/402/26  213/403/26  214/392/26
usemtl prototype/blue_3
f  215/360/2  213/359/2  212/345/2  216/344/2
usemtl prototype/blue_3
f  216/380/3  212/379/3  211/330/3  217/329/3
usemtl prototype/blue_3
f  218/368/4  214/367/4  213/404/4  215/405/4
usemtl prototype/16_blue_3
f  217/351/5  211/350/5  214/370/5  218/369/5
usemtl prototype/blue_3
f  218/395/27  215/406/27  216/407/27  217/396/27

o entity5_brush2
usemtl prototype/blue_3
f  219/398/1  220/135/1  221/408/1  222/322/1
usemtl prototype/blue_3
f  223/349/2  221/348/2  220/346/2  224/347/2
usemtl prototype/blue_3
f  224/409/3  220/410/3  219/379/3  225/380/3
usemtl prototype/blue_3
f  226/377/4  222/378/4  221/411/4  223/412/4
usemtl prototype/16_blue_3
f  225/331/5  219/137/5  222/330/5  226/329/5
usemtl prototype/blue_3
f  226/413/6  223/414/6  224/150/6  225/401/6

o entity5_brush3
usemtl prototype/16_blue_3
f  227/415/1  228/416/1  229/417/1  230/418/1
usemtl prototype/key_silver_1
f  231/357/2  229/358/2  228/359/2  232/360/2
usemtl prototype/key_silver_1
f  232/419/3  228/420/3  227/362/3  233/361/3
usemtl prototype/key_silver_1
f  234/368/4  230/367/4  229/404/4  231/405/4
usemtl prototype/16_blue_3
f  233/369/5  227/370/5  230/371/5  234/372/5
usemtl prototype/16_blue_3
f  234/418/6  231/417/6  232/416/6  233/415/6

o entity5_brush4
usemtl prototype/blue_3
f  235/374/24  236/421/24  237/422/24  238/375/24
usemtl prototype/blue_3
f  239/377/2  237/378/2  236/358/2  240/357/2
usemtl prototype/blue_3
f  240/419/3  236/420/3  235/362/3  241/361/3
usemtl prototype/blue_3
f  242/349/4  238/348/4  237/378/4  239/377/4
usemtl prototype/16_blue_3
f  241/372/5  235/371/5  238/379/5  242/380/5
usemtl prototype/blue_3
f  242/382/25  239/423/25  240/424/25  241/383/25

o entity5_brush5
usemtl prototype/blue_3
f  243/386/1  244/425/1  245/322/1  246/387/1
usemtl prototype/blue_3
f  247/349/2  245/348/2  244/378/2  248/377/2
usemtl prototype/blue_3
f  248/380/3  244/379/3  243/330/3  249/329/3
usemtl prototype/blue_3
f  250/349/4  246/348/4  245/378/4  247/377/4
usemtl prototype/16_blue_3
f  249/380/5  243/379/5  246/330/5  250/329/5
usemtl prototype/blue_3
f  250/313/6  247/413/6  248/426/6  249/388/6

o entity6_brush0
usemtl prototype/16_grey_3
f  251/156/1  252/149/1  253/427/1  254/428/1
usemtl prototype/128_honey_2
f  255/429/2  253/430/2  252/431/2  256/432/2
usemtl prototype/128_grey_3
f  256/433/3  252/434/3  251/435/3  257/436/3
usemtl prototype/128_grey_3
f  258/437/4  254/438/4  253/439/4  255/440/4
usemtl prototype/128_honey_2
f  257/441/5  251/442/5  254/443/5  258/444/5
usemtl prototype/128_grey_3
f  258/445/6  255/446/6  256/136/6  257/230/6

o entity6_brush1
usemtl prototype/16_grey_3
f  259/156/1  260/149/1  261/447/1  262/448/1
usemtl prototype/128_honey_2
f  263/449/2  261/450/2  260/432/2  264/157/2
usemtl prototype/128_grey_3
f  264/451/3  260/433/3  259/436/3  265/452/3
usemtl prototype/128_grey_3
f  266/453/4  262/437/4  261/440/4  263/454/4
usemtl prototype/128_honey_2
f  265/455/5  259/441/5  262/456/5  266/457/5
usemtl prototype/128_grey_3
f  266/458/6  263/459/6  264/136/6  265/230/6

o entity6_brush2
usemtl prototype/16_grey_3
f  267/156/1  268/149/1  269/460/1  270/461/1
usemtl prototype/128_honey_2
f  271/462/2  269/463/2  268/157/2  272/464/2
usemtl prototype/128_grey_3
f  272/465/3  268/451/3  267/452/3  273/466/3
usemtl prototype/128_grey_3
f  274/467/4  270/453/4  269/454/4  271/468/4
usemtl prototype/128_honey_2
f  273/469/5  267/455/5  270/470/5  274/471/5
usemtl prototype/128_grey_3
f  274/472/6  271/473/6  272/136/6  273/230/6

o entity6_brush3
usemtl prototype/16_grey_3
f  275/156/1  276/149/1  277/474/1  278/194/1
usemtl prototype/128_honey_2
f  279/192/2  277/475/2  276/464/2  280/172/2
usemtl prototype/128_grey_3
f  280/476/3  276/465/3  275/466/3  281/164/3
usemtl prototype/128_grey_3
f  282/165/4  278/467/4  277/468/4  279/477/4
usemtl prototype/128_honey_2
f  281/478/5  275/469/5  278/479/5  282/184/5
usemtl prototype/128_grey_3
f  282/182/6  279/480/6  280/136/6  281/230/6

o entity6_brush4
usemtl prototype/16_grey_3
f  283/210/1  284/155/1  285/481/1  286/482/1
usemtl prototype/128_honey_2
f  287/462/2  285/463/2  284/157/2  288/464/2
usemtl prototype/128_grey_3
f  288/483/3  284/484/3  283/157/3  289/464/3
usemtl prototype/128_grey_3
f  290/469/4  286/455/4  285/485/4  287/486/4
usemtl prototype/128_honey_2
f  289/469/5  283/455/5  286/470/5  290/471/5
usemtl prototype/128_grey_3
f  290/481/6  287/482/6  288/210/6  289/155/6

o entity6_brush5
usemtl prototype/16_grey_3
f  291/210/1  292/155/1  293/487/1  294/252/1
usemtl prototype/128_honey_2
f  295/449/2  293/450/2  292/432/2  296/157/2
usemtl prototype/128_grey_3
f  296/484/3  292/488/3  291/432/3  297/157/3
usemtl prototype/128_grey_3
f  298/455/4  294/441/4  293/489/4  295/485/4
usemtl prototype/128_honey_2
f  297/455/5  291/441/5  294/456/5  298/457/5
usemtl prototype/128_grey_3
f  298/487/6  295/252/6  296/210/6  297/155/6

o entity6_brush6
usemtl prototype/16_grey_3
f  299/210/1  300/155/1  301/195/1  302/181/1
usemtl prototype/128_honey_2
f  303/192/2  301/475/2  300/464/2  304/172/2
usemtl prototype/128_grey_3
f  304/161/3  300/483/3  299/464/3  305/172/3
usemtl prototype/128_grey_3
f  306/478/4  302/469/4  301/486/4  303/168/4
usemtl prototype/128_honey_2
f  305/478/5  299/469/5  302/479/5  306/184/5
usemtl prototype/128_grey_3
f  306/195/6  303/181/6  304/210/6  305/155/6

o entity6_brush7
usemtl prototype/16_grey_3
f  307/210/1  308/155/1  309/490/1  310/491/1
usemtl prototype/128_honey_2
f  311/429/2  309/430/2  308/431/2  312/432/2
usemtl prototype/128_grey_3
f  312/488/3  308/492/3  307/431/3  313/432/3
usemtl prototype/128_grey_3
f  314/441/4  310/442/4  309/493/4  311/489/4
usemtl prototype/128_honey_2
f  313/441/5  307/442/5  310/443/5  314/444/5
usemtl prototype/128_grey_3
f  314/490/6  311/491/6  312/210/6  313/155/6

o entity7_brush0
usemtl prototype/16_grey_3
f  315/299/1  316/298/1  317/494/1  318/495/1
usemtl prototype/128_honey_2
f  319/496/2  317/497/2  316/236/2  320/498/2
usemtl prototype/128_grey_3
f  320/498/3  316/236/3  315/499/3  321/500/3
usemtl prototype/128_grey_3
f  322/501/4  318/502/4  317/503/4  319/504/4
usemtl prototype/128_honey_2
f  321/504/5  315/503/5  318/505/5  322/506/5
usemtl prototype/128_grey_3
f  322/507/6  319/508/6  320/235/6  321/293/6

o entity7_brush1
usemtl prototype/16_grey_3
f  323/299/1  324/298/1  325/509/1  326/510/1
usemtl prototype/128_honey_2
f  327/511/2  325/512/2  324/498/2  328/513/2
usemtl prototype/128_grey_3
f  328/513/3  324/498/3  323/500/3  329/514/3
usemtl prototype/128_grey_3
f  330/515/4  326/501/4  325/504/4  327/250/4
usemtl prototype/128_honey_2
f  329/250/5  323/504/5  326/516/5  330/517/5
usemtl prototype/128_grey_3
f  330/518/6  327/519/6  328/235/6  329/293/6

o entity7_brush2
usemtl prototype/16_grey_3
f  331/299/1  332/298/1  333/520/1  334/521/1
usemtl prototype/128_honey_2
f  335/522/2  333/523/2  332/513/2  336/524/2
usemtl prototype/128_grey_3
f  336/524/3  332/513/3  331/514/3  337/525/3
usemtl prototype/128_grey_3
f  338/526/4  334/515/4  333/250/4  335/527/4
usemtl prototype/128_honey_2
f  337/527/5  331/250/5  334/528/5  338/529/5
usemtl prototype/128_grey_3
f  338/530/6  335/531/6  336/235/6  337/293/6

o entity7_brush3
usemtl prototype/16_grey_3
f  339/299/1  340/298/1  341/271/1  342/272/1
usemtl prototype/128_honey_2
f  343/283/2  341/532/2  340/524/2  344/193/2
usemtl prototype/128_grey_3
f  344/193/3  340/524/3  339/525/3  345/277/3
usemtl prototype/128_grey_3
f  346/280/4  342/526/4  341/527/4  343/183/4
usemtl prototype/128_honey_2
f  345/183/5  339/527/5  342/533/5  346/274/5
usemtl prototype/128_honey_2
f  346/272/6  343/271/6  344/298/6  345/299/6

o entity8_brush0
usemtl prototype/16_blue_3
f  347/534/1  348/197/1  349/232/1  350/535/1
usemtl prototype/blue_3
f  351/536/2  349/537/2  348/227/2  352/538/2
usemtl prototype/blue_3
f  352/539/3  348/540/3  347/541/3  353/542/3
usemtl prototype/blue_3
f  354/543/4  350/544/4  349/545/4  351/546/4
usemtl prototype/blue_3
f  353/547/5  347/158/5  350/548/5  354/549/5
usemtl prototype/blue_3
f  354/535/6  351/232/6  352/197/6  353/534/6

o entity8_brush1
usemtl prototype/16_blue_3
f  355/550/1  356/551/1  357/519/1  358/552/1
usemtl prototype/blue_3
f  359/553/28  357/554/28  356/555/28  360/556/28
usemtl prototype/blue_3
f  360/557/3  356/558/3  355/559/3  361/560/3
usemtl prototype/blue_3
f  362/543/4  358/544/4  357/545/4  359/546/4
usemtl prototype/16_blue_3
f  361/556/29  355/555/29  358/554/29  362/553/29
usemtl prototype/blue_3
f  362/552/6  359/519/6  360/551/6  361/550/6

o entity8_brush2
usemtl prototype/16_blue_3
f  363/552/1  364/519/1  365/561/1  366/562/1
usemtl prototype/blue_3
f  367/563/2  365/564/2  364/554/2  368/553/2
usemtl prototype/blue_3
f  368/539/3  364/540/3  363/541/3  369/542/3
usemtl prototype/blue_3
f  370/543/4  366/544/4  365/545/4  367/546/4
usemtl prototype/blue_3
f  369/565/5  363/566/5  366/567/5  370/568/5
usemtl prototype/blue_3
f  370/562/6  367/561/6  368/519/6  369/552/6

o entity8_brush3
usemtl prototype/16_blue_3
f  371/534/1  372/197/1  373/561/1  374/562/1
usemtl prototype/blue_3
f  375/569/2  373/563/2  372/538/2  376/209/2
usemtl prototype/blue_3
f  376/200/3  372/539/3  371/542/3  377/570/3
usemtl prototype/blue_3
f  378/571/4  374/543/4  373/546/4  375/205/4
usemtl prototype/blue_3
f  377/171/5  371/547/5  374/568/5  378/572/5
usemtl prototype/blue_3
f  378/562/6  375/561/6  376/197/6  377/534/6

o entity8_brush4
usemtl prototype/16_blue_3
f  379/535/1  380/232/1  381/551/1  382/550/1
usemtl prototype/blue_3
f  383/556/30  381/555/30  380/537/30  384/536/30
usemtl prototype/blue_3
f  384/539/3  380/540/3  379/541/3  385/542/3
usemtl prototype/blue_3
f  386/573/4  382/574/4  381/575/4  383/576/4
usemtl prototype/16_blue_3
f  385/536/31  379/537/31  382/555/31  386/556/31
usemtl prototype/blue_3
f  386/550/6  383/551/6  384/232/6  385/535/6

o entity9_brush0
usemtl prototype/blue_3
f  387/577/1  388/578/1  389/509/1  390/579/1
usemtl prototype/blue_3
f  391/566/28  389/580/28  388/581/28  392/582/28
usemtl prototype/blue_3
f  392/575/3  388/583/3  387/584/3  393/574/3
usemtl prototype/blue_3
f  394/541/4  390/585/4  389/586/4  391/540/4
usemtl prototype/16_blue_3
f  393/582/29  387/581/29  390/580/29  394/566/29
usemtl prototype/16_blue_3
f  394/579/6  391/509/6  392/578/6  393/577/6

o entity9_brush1
usemtl prototype/blue_3
f  395/534/1  396/197/1  397/232/1  398/535/1
usemtl prototype/blue_3
f  399/537/2  397/587/2  396/588/2  400/227/2
usemtl prototype/blue_3
f  400/540/3  396/586/3  395/585/3  401/541/3
usemtl prototype/blue_3
f  402/544/4  398/589/4  397/590/4  399/545/4
usemtl prototype/blue_3
f  401/158/5  395/591/5  398/592/5  402/548/5
usemtl prototype/16_blue_3
f  402/593/6  399/301/6  400/211/6  401/594/6

o entity9_brush2
usemtl prototype/blue_3
f  403/552/1  404/519/1  405/561/1  406/562/1
usemtl prototype/blue_3
f  407/564/2  405/595/2  404/596/2  408/554/2
usemtl prototype/blue_3
f  408/540/3  404/586/3  403/585/3  409/541/3
usemtl prototype/blue_3
f  410/544/4  406/589/4  405/590/4  407/545/4
usemtl prototype/blue_3
f  409/566/5  403/580/5  406/597/5  410/567/5
usemtl prototype/16_blue_3
f  410/598/6  407/271/6  408/509/6  409/579/6

o entity9_brush3
usemtl prototype/blue_3
f  411/534/1  412/197/1  413/561/1  414/562/1
usemtl prototype/blue_3
f  415/595/2  413/599/2  412/208/2  416/588/2
usemtl prototype/blue_3
f  416/586/3  412/201/3  411/600/3  417/585/3
usemtl prototype/blue_3
f  418/589/4  414/601/4  413/204/4  415/590/4
usemtl prototype/blue_3
f  417/591/5  411/602/5  414/603/5  418/597/5
usemtl prototype/16_blue_3
f  418/562/6  415/561/6  416/197/6  417/534/6

o entity9_brush4
usemtl prototype/blue_3
f  419/593/1  420/301/1  421/578/1  422/577/1
usemtl prototype/blue_3
f  423/582/30  421/581/30  420/592/30  424/548/30
usemtl prototype/blue_3
f  424/545/3  420/590/3  419/589/3  425/544/3
usemtl prototype/blue_3
f  426/559/4  422/604/4  421/605/4  423/558/4
usemtl prototype/16_blue_3
f  425/548/31  419/592/31  422/581/31  426/582/31
usemtl prototype/16_blue_3
f  426/577/6  423/578/6  424/301/6  425/593/6

o entity10_brush0
usemtl prototype/blue_3
f  427/606/1  428/235/1  429/607/1  430/323/1
usemtl prototype/blue_3
f  431/608/2  429/609/2  428/249/2  432/610/2
usemtl prototype/blue_3
f  432/611/3  428/240/3  427/612/3  433/613/3
usemtl prototype/blue_3
f  434/614/4  430/615/4  429/245/4  431/616/4
usemtl prototype/blue_3
f  433/617/5  427/618/5  430/619/5  434/620/5
usemtl prototype/16_blue_3
f  434/323/6  431/607/6  432/235/6  433/606/6

o entity10_brush1
usemtl prototype/blue_3
f  435/621/1  436/622/1  437/623/1  438/624/1
usemtl prototype/blue_3
f  439/625/28  437/626/28  436/627/28  440/628/28
usemtl prototype/blue_3
f  440/629/3  436/630/3  435/631/3  441/632/3
usemtl prototype/blue_3
f  442/633/4  438/613/4  437/611/4  439/634/4
usemtl prototype/16_blue_3
f  441/628/29  435/627/29  438/626/29  442/625/29
usemtl prototype/16_blue_3
f  442/624/6  439/623/6  440/622/6  441/621/6

o entity10_brush2
usemtl prototype/blue_3
f  443/606/1  444/235/1  445/519/1  446/552/1
usemtl prototype/blue_3
f  447/635/2  445/636/2  444/610/2  448/503/2
usemtl prototype/blue_3
f  448/634/3  444/611/3  443/613/3  449/633/3
usemtl prototype/blue_3
f  450/637/4  446/614/4  445/616/4  447/638/4
usemtl prototype/blue_3
f  449/236/5  443/617/5  446/639/5  450/640/5
usemtl prototype/16_blue_3
f  450/579/6  447/509/6  448/298/6  449/641/6

o entity10_brush3
usemtl prototype/blue_3
f  451/642/1  452/643/1  453/607/1  454/323/1
usemtl prototype/blue_3
f  455/502/2  453/608/2  452/644/2  456/645/2
usemtl prototype/blue_3
f  456/634/3  452/611/3  451/613/3  457/633/3
usemtl prototype/blue_3
f  458/637/4  454/614/4  453/616/4  455/638/4
usemtl prototype/blue_3
f  457/625/5  451/626/5  454/620/5  458/499/5
usemtl prototype/16_blue_3
f  458/646/6  455/312/6  456/623/6  457/624/6

o entity10_brush4
usemtl prototype/blue_3
f  459/579/1  460/509/1  461/622/1  462/621/1
usemtl prototype/blue_3
f  463/628/30  461/627/30  460/639/30  464/640/30
usemtl prototype/blue_3
f  464/638/3  460/616/3  459/614/3  465/637/3
usemtl prototype/blue_3
f  466/647/4  462/648/4  461/649/4  463/650/4
usemtl prototype/16_blue_3
f  465/640/31  459/639/31  462/627/31  466/628/31
usemtl prototype/16_blue_3
f  466/621/6  463/622/6  464/509/6  465/579/6

o entity11_brush0
usemtl prototype/16_blue_3
f  467/642/1  468/643/1  469/607/1  470/323/1
usemtl prototype/blue_3
f  471/501/2  469/502/2  468/645/2  472/651/2
usemtl prototype/blue_3
f  472/652/3  468/634/3  467/633/3  473/653/3
usemtl prototype/blue_3
f  474/654/4  470/637/4  469/638/4  471/655/4
usemtl prototype/blue_3
f  473/656/5  467/625/5  470/499/5  474/500/5
usemtl prototype/blue_3
f  474/323/6  471/607/6  472/643/6  473/642/6

o entity11_brush1
usemtl prototype/16_blue_3
f  475/606/1  476/235/1  477/519/1  478/552/1
usemtl prototype/blue_3
f  479/516/2  477/635/2  476/503/2  480/504/2
usemtl prototype/blue_3
f  480/652/3  476/634/3  475/633/3  481/653/3
usemtl prototype/blue_3
f  482/654/4  478/637/4  477/638/4  479/655/4
usemtl prototype/blue_3
f  481/498/5  475/236/5  478/640/5  482/512/5
usemtl prototype/blue_3
f  482/552/6  479/519/6  480/235/6  481/606/6

o entity11_brush2
usemtl prototype/16_blue_3
f  483/657/1  484/658/1  485/643/1  486/642/1
usemtl prototype/blue_3
f  487/651/28  485/645/28  484/659/28  488/660/28
usemtl prototype/blue_3
f  488/661/3  484/650/3  483/647/3  489/662/3
usemtl prototype/blue_3
f  490/654/4  486/637/4  485/638/4  487/655/4
usemtl prototype/16_blue_3
f  489/660/29  483/659/29  486/645/29  490/651/29
usemtl prototype/blue_3
f  490/642/6  487/643/6  488/658/6  489/657/6

o entity11_brush3
usemtl prototype/16_blue_3
f  491/606/1  492/235/1  493/607/1  494/323/1
usemtl prototype/blue_3
f  495/515/2  493/501/2  492/504/2  496/250/2
usemtl prototype/blue_3
f  496/239/3  492/652/3  491/653/3  497/663/3
usemtl prototype/blue_3
f  498/664/4  494/654/4  493/655/4  495/246/4
usemtl prototype/blue_3
f  497/513/5  491/498/5  494/500/5  498/514/5
usemtl prototype/blue_3
f  498/323/6  495/607/6  496/235/6  497/606/6

o entity11_brush4
usemtl prototype/16_blue_3
f  499/552/1  500/519/1  501/658/1  502/657/1
usemtl prototype/blue_3
f  503/660/30  501/659/30  500/635/30  504/516/30
usemtl prototype/blue_3
f  504/652/3  500/634/3  499/633/3  505/653/3
usemtl prototype/blue_3
f  506/665/4  502/632/4  501/629/4  503/666/4
usemtl prototype/16_blue_3
f  505/516/31  499/635/31  502/659/31  506/660/31
usemtl prototype/blue_3
f  506/657/6  503/658/6  504/519/6  505/552/6

o entity12_brush0
usemtl prototype/blue_3
f  507/667/1  508/257/1  509/668/1  510/669/1
usemtl prototype/blue_3
f  511/620/2  509/619/2  508/618/2  512/617/2
usemtl prototype/blue_3
f  512/670/3  508/671/3  507/672/3  513/673/3
usemtl prototype/blue_3
f  514/674/4  510/675/4  509/676/4  511/677/4
usemtl prototype/blue_3
f  513/610/5  507/249/5  510/609/5  514/608/5
usemtl prototype/16_blue_3
f  514/669/6  511/668/6  512/257/6  513/667/6

o entity12_brush1
usemtl prototype/blue_3
f  515/678/1  516/679/1  517/680/1  518/681/1
usemtl prototype/16_blue_3
f  519/625/28  517/626/28  516/627/28  520/628/28
usemtl prototype/blue_3
f  520/682/3  516/683/3  515/684/3  521/685/3
usemtl prototype/blue_3
f  522/686/4  518/673/4  517/670/4  519/687/4
usemtl prototype/blue_3
f  521/628/29  515/627/29  518/626/29  522/625/29
usemtl prototype/16_blue_3
f  522/681/6  519/680/6  520/679/6  521/678/6

o entity12_brush2
usemtl prototype/blue_3
f  523/667/1  524/257/1  525/688/1  526/689/1
usemtl prototype/blue_3
f  527/640/2  525/639/2  524/617/2  528/236/2
usemtl prototype/blue_3
f  528/687/3  524/670/3  523/673/3  529/686/3
usemtl prototype/blue_3
f  530/690/4  526/674/4  525/677/4  527/691/4
usemtl prototype/blue_3
f  529/503/5  523/610/5  526/636/5  530/635/5
usemtl prototype/16_blue_3
f  530/692/6  527/693/6  528/694/6  529/267/6

o entity12_brush3
usemtl prototype/blue_3
f  531/695/1  532/696/1  533/668/1  534/669/1
usemtl prototype/blue_3
f  535/499/2  533/620/2  532/626/2  536/625/2
usemtl prototype/blue_3
f  536/687/3  532/670/3  531/673/3  537/686/3
usemtl prototype/blue_3
f  538/690/4  534/674/4  533/677/4  535/691/4
usemtl prototype/blue_3
f  537/645/5  531/644/5  534/608/5  538/502/5
usemtl prototype/16_blue_3
f  538/697/6  535/698/6  536/680/6  537/681/6

o entity12_brush4
usemtl prototype/blue_3
f  539/692/1  540/693/1  541/679/1  542/678/1
usemtl prototype/16_blue_3
f  543/628/30  541/627/30  540/639/30  544/640/30
usemtl prototype/blue_3
f  544/691/3  540/677/3  539/674/3  545/690/3
usemtl prototype/blue_3
f  546/699/4  542/700/4  541/701/4  543/702/4
usemtl prototype/blue_3
f  545/640/31  539/639/31  542/627/31  546/628/31
usemtl prototype/16_blue_3
f  546/678/6  543/679/6  544/693/6  545/692/6

o entity13_brush0
usemtl prototype/16_blue_3
f  547/695/1  548/696/1  549/668/1  550/669/1
usemtl prototype/blue_3
f  551/500/2  549/499/2  548/625/2  552/656/2
usemtl prototype/blue_3
f  552/703/3  548/687/3  547/686/3  553/704/3
usemtl prototype/blue_3
f  554/705/4  550/690/4  549/691/4  551/706/4
usemtl prototype/blue_3
f  553/651/5  547/645/5  550/502/5  554/501/5
usemtl prototype/blue_3
f  554/669/6  551/668/6  552/696/6  553/695/6

o entity13_brush1
usemtl prototype/16_blue_3
f  555/667/1  556/257/1  557/688/1  558/689/1
usemtl prototype/blue_3
f  559/512/2  557/640/2  556/236/2  560/498/2
usemtl prototype/blue_3
f  560/703/3  556/687/3  555/686/3  561/704/3
usemtl prototype/blue_3
f  562/705/4  558/690/4  557/691/4  559/706/4
usemtl prototype/blue_3
f  561/504/5  555/503/5  558/635/5  562/516/5
usemtl prototype/blue_3
f  562/689/6  559/688/6  560/257/6  561/667/6

o entity13_brush2
usemtl prototype/16_blue_3
f  563/707/1  564/708/1  565/696/1  566/695/1
usemtl prototype/16_blue_3
f  567/651/28  565/645/28  564/659/28  568/660/28
usemtl prototype/blue_3
f  568/709/3  564/702/3  563/699/3  569/710/3
usemtl prototype/blue_3
f  570/705/4  566/690/4  565/691/4  567/706/4
usemtl prototype/blue_3
f  569/660/29  563/659/29  566/645/29  570/651/29
usemtl prototype/blue_3
f  570/695/6  567/696/6  568/708/6  569/707/6

o entity13_brush3
usemtl prototype/16_blue_3
f  571/667/1  572/257/1  573/668/1  574/669/1
usemtl prototype/blue_3
f  575/514/2  573/500/2  572/498/2  576/513/2
usemtl prototype/blue_3
f  576/711/3  572/703/3  571/704/3  577/712/3
usemtl prototype/blue_3
f  578/713/4  574/705/4  573/706/4  575/714/4
usemtl prototype/blue_3
f  577/250/5  571/504/5  574/501/5  578/515/5
usemtl prototype/blue_3
f  578/669/6  575/668/6  576/257/6  577/667/6

o entity13_brush4
usemtl prototype/16_blue_3
f  579/689/1  580/688/1  581/708/1  582/707/1
usemtl prototype/16_blue_3
f  583/660/30  581/659/30  580/635/30  584/516/30
usemtl prototype/blue_3
f  584/703/3  580/687/3  579/686/3  585/704/3
usemtl prototype/blue_3
f  586/715/4  582/685/4  581/682/4  583/716/4
usemtl prototype/blue_3
f  585/516/31  579/635/31  582/659/31  586/660/31
usemtl prototype/blue_3
f  586/707/6  583/708/6  584/688/6  585/689/6

o entity15_brush0
usemtl prototype/128_grey_3
f  587/717/32  588/718/32  589/719/32  590/720/32
usemtl prototype/128_honey_2
f  590/721/3  589/193/3  591/722/3
usemtl prototype/128_grey_3
f  592/723/4  588/183/4  587/724/4
usemtl prototype/128_grey_3
f  591/725/33  589/726/33  588/727/33  592/728/33
usemtl prototype/128_honey_2
f  587/729/34  590/730/34  591/731/34  592/732/34

o entity15_brush1
usemtl prototype/128_honey_2
f  593/212/1  594/733/1  595/734/1  596/271/1
usemtl prototype/128_honey_2
f  597/735/2  595/283/2  594/191/2  598/736/2
usemtl prototype/128_honey_2
f  598/737/3  594/738/3  593/193/3
usemtl prototype/128_grey_3
f  596/183/4  595/739/4  597/740/4
usemtl prototype/128_grey_3
f  598/741/35  593/742/35  596/743/35  597/744/35

o entity15_brush2
usemtl prototype/128_grey_3
f  599/745/36  600/746/36  601/747/36  602/748/36
usemtl prototype/128_honey_2
f  603/749/3  600/737/3  599/193/3
usemtl prototype/128_grey_3
f  602/183/4  601/740/4  604/750/4
usemtl prototype/128_honey_2
f  604/751/37  601/752/37  600/753/37  603/754/37
usemtl prototype/128_grey_3
f  599/755/38  602/756/38  604/757/38  603/758/38

o entity15_brush3
usemtl prototype/128_grey_3
f  605/759/39  606/760/39  607/761/39  608/762/39
usemtl prototype/128_honey_2
f  609/721/3  606/749/3  605/193/3
usemtl prototype/128_grey_3
f  608/183/4  607/750/4  610/724/4
usemtl prototype/128_honey_2
f  610/763/40  607/764/40  606/765/40  609/766/40
usemtl prototype/128_grey_3
f  605/767/41  608/768/41  610/769/41  609/770/41

o entity15_brush4
usemtl prototype/128_grey_3
f  611/771/42  612/772/42  613/773/42  614/774/42
usemtl prototype/128_honey_2
f  614/722/3  613/193/3  615/775/3
usemtl prototype/128_grey_3
f  616/776/4  612/183/4  611/723/4
usemtl prototype/128_grey_3
f  615/777/43  613/778/43  612/779/43  616/780/43
usemtl prototype/128_honey_2
f  611/781/44  614/782/44  615/783/44  616/784/44

o entity15_brush5
usemtl prototype/128_grey_3
f  617/785/45  618/786/45  619/787/45  620/788/45
usemtl prototype/128_honey_2
f  620/775/3  619/193/3  621/789/3
usemtl prototype/128_grey_3
f  622/790/4  618/183/4  617/776/4
usemtl prototype/128_grey_3
f  621/791/46  619/792/46  618/793/46  622/794/46
usemtl prototype/128_honey_2
f  617/795/47  620/796/47  621/797/47  622/798/47

o entity15_brush6
usemtl prototype/128_grey_3
f  623/799/48  624/800/48  625/801/48  626/802/48
usemtl prototype/128_honey_2
f  626/789/3  625/193/3  627/276/3
usemtl prototype/128_grey_3
f  628/281/4  624/183/4  623/790/4
usemtl prototype/128_grey_3
f  627/275/5  625/186/5  624/274/5  628/273/5
usemtl prototype/128_honey_2
f  623/803/6  626/804/6  627/196/6  628/561/6

o entity16_brush0
usemtl prototype/128_grey_3
f  629/805/18  630/806/18  631/807/18  632/808/18
usemtl prototype/128_honey_2
f  633/809/3  630/277/3  629/810/3
usemtl prototype/128_grey_3
f  632/811/4  631/280/4  634/812/4
usemtl prototype/128_grey_3
f  634/813/19  631/814/19  630/815/19  633/816/19
usemtl prototype/128_honey_2
f  629/817/20  632/818/20  634/819/20  633/820/20

o entity16_brush1
usemtl prototype/128_honey_2
f  635/272/1  636/821/1  637/822/1  638/270/1
usemtl prototype/128_honey_2
f  638/277/3  637/823/3  639/824/3
usemtl prototype/128_grey_3
f  640/825/4  636/826/4  635/280/4
usemtl prototype/128_honey_2
f  639/736/5  637/191/5  636/283/5  640/735/5
usemtl prototype/128_grey_3
f  635/827/7  638/828/7  639/829/7  640/830/7

o entity16_brush2
usemtl prototype/128_grey_3
f  641/831/21  642/832/21  643/833/21  644/834/21
usemtl prototype/128_honey_2
f  644/277/3  643/824/3  645/835/3
usemtl prototype/128_grey_3
f  646/836/4  642/825/4  641/280/4
usemtl prototype/128_honey_2
f  645/837/22  643/838/22  642/839/22  646/840/22
usemtl prototype/128_grey_3
f  641/841/23  644/842/23  645/843/23  646/844/23

o entity16_brush3
usemtl prototype/128_grey_3
f  647/845/8  648/846/8  649/847/8  650/848/8
usemtl prototype/128_honey_2
f  650/277/3  649/835/3  651/810/3
usemtl prototype/128_grey_3
f  652/811/4  648/836/4  647/280/4
usemtl prototype/128_honey_2
f  651/849/9  649/850/9  648/851/9  652/852/9
usemtl prototype/128_grey_3
f  647/853/10  650/854/10  651/855/10  652/856/10

o entity16_brush4
usemtl prototype/128_grey_3
f  653/857/15  654/858/15  655/859/15  656/860/15
usemtl prototype/128_honey_2
f  657/861/3  654/277/3  653/809/3
usemtl prototype/128_grey_3
f  656/812/4  655/280/4  658/862/4
usemtl prototype/128_grey_3
f  658/863/16  655/864/16  654/865/16  657/866/16
usemtl prototype/128_honey_2
f  656/867/17  658/868/17  657/869/17  653/870/17

o entity16_brush5
usemtl prototype/128_grey_3
f  659/871/11  660/872/11  661/873/11  662/874/11
usemtl prototype/128_honey_2
f  663/875/3  660/277/3  659/861/3
usemtl prototype/128_grey_3
f  662/862/4  661/280/4  664/876/4
usemtl prototype/128_grey_3
f  664/877/12  661/878/12  660/879/12  663/880/12
usemtl prototype/128_honey_2
f  662/881/13  664/882/13  663/883/13  659/884/13

o entity16_brush6
usemtl prototype/128_grey_3
f  665/885/14  666/886/14  667/887/14  668/888/14
usemtl prototype/128_grey_3
f  669/273/2  667/274/2  666/186/2  670/275/2
usemtl prototype/128_honey_2
f  670/278/3  666/277/3  665/875/3
usemtl prototype/128_grey_3
f  668/876/4  667/280/4  669/279/4
usemtl prototype/128_honey_2
f  670/285/6  665/889/6  668/890/6  669/891/6

o entity17_brush0
usemtl prototype/0button_2
f  671/425/1  672/892/1  673/408/1  674/322/1
usemtl prototype/0button_2
f  675/893/2  673/894/2  672/895/2  676/896/2
usemtl prototype/0button_2
f  676/897/3  672/898/3  671/899/3  677/900/3
usemtl prototype/0button_2
f  678/901/4  674/902/4  673/903/4  675/904/4
usemtl prototype/0button_2
f  677/905/5  671/906/5  674/907/5  678/908/5
usemtl prototype/0button_2
f  678/322/6  675/408/6  676/892/6  677/425/6

o entity20_brush0
usemtl prototype/128_honey_2
f  679/137/1  680/138/1  681/909/1  682/350/1
usemtl prototype/128_grey_3
f  683/458/2  681/459/2  680/136/2  684/230/2
usemtl prototype/128_honey_2
f  684/910/3  680/911/3  679/912/3  685/913/3
usemtl prototype/128_grey_3
f  686/914/4  682/915/4  681/916/4  683/917/4
usemtl prototype/128_grey_3
f  685/156/5  679/149/5  682/447/5  686/448/5
usemtl prototype/128_honey_2
f  686/350/6  683/909/6  684/138/6  685/137/6

o entity20_brush1
usemtl prototype/128_grey_3
f  687/158/1  688/137/1  689/918/1  690/566/1
usemtl prototype/128_honey_2
f  691/919/2  689/920/2  688/155/2  692/921/2
usemtl prototype/128_grey_3
f  692/922/3  688/923/3  687/924/3  693/925/3
usemtl prototype/128_grey_3
f  694/926/4  690/924/4  689/923/4  691/927/4
usemtl prototype/128_honey_2
f  693/921/5  687/155/5  690/920/5  694/919/5
usemtl prototype/128_honey_2
f  694/554/6  691/928/6  692/346/6  693/227/6

o entity20_brush2
usemtl prototype/128_honey_2
f  695/215/1  696/158/1  697/548/1  698/929/1
usemtl prototype/128_grey_3
f  699/930/2  697/300/2  696/291/2  700/214/2
usemtl prototype/128_honey_2
f  700/931/3  696/932/3  695/933/3  701/934/3
usemtl prototype/128_grey_3
f  702/935/4  698/936/4  697/937/4  699/938/4
usemtl prototype/128_honey_2
f  701/156/5  695/150/5  698/939/5  702/448/5
usemtl prototype/128_honey_2
f  702/940/6  699/537/6  700/227/6  701/228/6

o entity20_brush3
usemtl prototype/128_honey_2
f  703/157/1  704/215/1  705/941/1  706/942/1
usemtl prototype/128_honey_2
f  707/194/2  705/943/2  704/150/2  708/156/2
usemtl prototype/128_honey_2
f  708/934/3  704/933/3  703/944/3  709/945/3
usemtl prototype/128_grey_3
f  710/946/4  706/947/4  705/936/4  707/935/4
usemtl prototype/128_honey_2
f  709/156/5  703/150/5  706/943/5  710/194/5
usemtl prototype/128_honey_2
f  710/948/6  707/949/6  708/228/6  709/455/6

o entity20_brush4
usemtl prototype/128_honey_2
f  711/158/1  712/137/1  713/350/1  714/548/1
usemtl prototype/128_honey_2
f  715/950/2  713/232/2  712/197/2  716/951/2
usemtl prototype/128_honey_2
f  716/912/3  712/922/3  711/925/3  717/952/3
usemtl prototype/128_grey_3
f  718/953/4  714/926/4  713/927/4  715/915/4
usemtl prototype/128_honey_2
f  717/291/5  711/921/5  714/253/5  718/300/5
usemtl prototype/128_honey_2
f  718/537/6  715/345/6  716/346/6  717/227/6

o entity20_brush5
usemtl prototype/128_honey_2
f  719/158/1  720/137/1  721/350/1  722/548/1
usemtl prototype/128_honey_2
f  723/268/2  721/950/2  720/951/2  724/229/2
usemtl prototype/128_honey_2
f  724/913/3  720/912/3  719/952/3  725/954/3
usemtl prototype/128_grey_3
f  726/955/4  722/953/4  721/915/4  723/914/4
usemtl prototype/128_honey_2
f  725/956/5  719/291/5  722/300/5  726/255/5
usemtl prototype/128_honey_2
f  726/548/6  723/350/6  724/137/6  725/158/6

o entity20_brush6
usemtl prototype/128_honey_2
f  727/158/1  728/137/1  729/350/1  730/548/1
usemtl prototype/128_honey_2
f  731/957/2  729/268/2  728/229/2  732/958/2
usemtl prototype/128_honey_2
f  732/959/3  728/913/3  727/954/3  733/960/3
usemtl prototype/128_grey_3
f  734/961/4  730/955/4  729/914/4  731/962/4
usemtl prototype/128_honey_2
f  733/92/5  727/956/5  730/255/5  734/963/5
usemtl prototype/128_honey_2
f  734/548/6  731/350/6  732/137/6  733/158/6

o entity21_brush0
usemtl prototype/blue_3
f  735/964/1  736/965/1  737/966/1  738/967/1
usemtl prototype/blue_3
f  739/968/2  737/969/2  736/459/2  740/970/2
usemtl prototype/blue_3
f  740/971/3  736/972/3  735/973/3  741/974/3
usemtl prototype/blue_3
f  742/975/4  738/976/4  737/977/4  739/978/4
usemtl prototype/blue_3
f  741/979/5  735/447/5  738/980/5  742/981/5
usemtl prototype/16_blue_3
f  742/982/6  739/983/6  740/984/6  741/985/6

o entity21_brush1
usemtl prototype/blue_3
f  743/964/1  744/965/1  745/986/1  746/987/1
usemtl prototype/blue_3
f  747/988/2  745/989/2  744/970/2  748/950/2
usemtl prototype/blue_3
f  748/990/3  744/971/3  743/974/3  749/991/3
usemtl prototype/blue_3
f  750/992/4  746/975/4  745/978/4  747/993/4
usemtl prototype/blue_3
f  749/255/5  743/979/5  746/994/5  750/256/5
usemtl prototype/16_blue_3
f  750/995/6  747/996/6  748/984/6  749/985/6

o entity21_brush2
usemtl prototype/key_silver_1
f  751/997/1  752/998/1  753/999/1  754/1000/1
usemtl prototype/key_silver_1
f  755/1001/2  753/1002/2  752/1003/2  756/1004/2
usemtl prototype/key_silver_1
f  756/1005/3  752/1006/3  751/1007/3  757/1008/3
usemtl prototype/key_silver_1
f  758/1009/4  754/1010/4  753/1011/4  755/1012/4
usemtl prototype/key_silver_1
f  757/1013/5  751/1014/5  754/1015/5  758/1016/5
usemtl prototype/16_blue_3
f  758/1017/6  755/1018/6  756/1019/6  757/1020/6

o entity21_brush3
usemtl prototype/blue_3
f  759/1000/1  760/999/1  761/1021/1  762/1022/1
usemtl prototype/blue_3
f  763/1023/28  761/1024/28  760/1025/28  764/1026/28
usemtl prototype/blue_3
f  764/1005/3  760/1006/3  759/1007/3  765/1008/3
usemtl prototype/blue_3
f  766/992/4  762/975/4  761/978/4  763/993/4
usemtl prototype/blue_3
f  765/1027/29  759/1028/29  762/1029/29  766/1030/29
usemtl prototype/16_blue_3
f  766/1031/6  763/1032/6  764/1018/6  765/1017/6

o entity21_brush4
usemtl prototype/blue_3
f  767/1022/1  768/1021/1  769/966/1  770/967/1
usemtl prototype/blue_3
f  771/1033/2  769/968/2  768/1034/2  772/1035/2
usemtl prototype/blue_3
f  772/990/3  768/971/3  767/974/3  773/991/3
usemtl prototype/blue_3
f  774/992/4  770/975/4  769/978/4  771/993/4
usemtl prototype/blue_3
f  773/1036/5  767/1037/5  770/981/5  774/1038/5
usemtl prototype/16_blue_3
f  774/982/6  771/983/6  772/1032/6  773/1031/6

o entity21_brush5
usemtl prototype/blue_3
f  775/987/1  776/986/1  777/998/1  778/997/1
usemtl prototype/blue_3
f  779/1039/30  777/1040/30  776/1041/30  780/1042/30
usemtl prototype/blue_3
f  780/990/3  776/971/3  775/974/3  781/991/3
usemtl prototype/blue_3
f  782/1009/4  778/1010/4  777/1011/4  779/1012/4
usemtl prototype/blue_3
f  781/1043/31  775/1044/31  778/1045/31  782/1046/31
usemtl prototype/16_blue_3
f  782/1020/6  779/1019/6  780/996/6  781/995/6

o entity22_brush0
usemtl prototype/16_blue_3
f  783/964/1  784/965/1  785/986/1  786/987/1
usemtl prototype/blue_3
f  787/1047/2  785/988/2  784/950/2  788/1048/2
usemtl prototype/blue_3
f  788/1049/3  784/990/3  783/991/3  789/1050/3
usemtl prototype/blue_3
f  790/1051/4  786/992/4  785/993/4  787/1052/4
usemtl prototype/blue_3
f  789/1053/5  783/255/5  786/256/5  790/1054/5
usemtl prototype/blue_3
f  790/995/6  787/996/6  788/984/6  789/985/6

o entity22_brush1
usemtl prototype/16_blue_3
f  791/987/1  792/986/1  793/998/1  794/997/1
usemtl prototype/blue_3
f  795/1055/30  793/1039/30  792/1042/30  796/1056/30
usemtl prototype/blue_3
f  796/1049/3  792/990/3  791/991/3  797/1050/3
usemtl prototype/blue_3
f  798/1057/4  794/1009/4  793/1012/4  795/1058/4
usemtl prototype/blue_3
f  797/1059/31  791/1043/31  794/1046/31  798/1060/31
usemtl prototype/blue_3
f  798/1020/6  795/1019/6  796/996/6  797/995/6

o entity22_brush2
usemtl prototype/16_blue_3
f  799/964/1  800/965/1  801/966/1  802/967/1
usemtl prototype/blue_3
f  803/1061/2  801/1062/2  800/1048/2  804/458/2
usemtl prototype/blue_3
f  804/1063/3  800/1049/3  799/1050/3  805/1064/3
usemtl prototype/blue_3
f  806/1065/4  802/1051/4  801/1052/4  803/1066/4
usemtl prototype/blue_3
f  805/448/5  799/1053/5  802/1067/5  806/1068/5
usemtl prototype/blue_3
f  806/982/6  803/983/6  804/984/6  805/985/6

o entity22_brush3
usemtl prototype/16_blue_3
f  807/997/1  808/998/1  809/999/1  810/1000/1
usemtl prototype/key_silver_1
f  811/1069/2  809/1001/2  808/1004/2  812/1070/2
usemtl prototype/key_silver_1
f  812/1071/3  808/1005/3  807/1008/3  813/1072/3
usemtl prototype/key_silver_1
f  814/1057/4  810/1009/4  809/1012/4  811/1058/4
usemtl prototype/key_silver_1
f  813/1073/5  807/1013/5  810/1016/5  814/1074/5
usemtl prototype/key_silver_1
f  814/1017/6  811/1018/6  812/1019/6  813/1020/6

o entity22_brush4
usemtl prototype/16_blue_3
f  815/1000/1  816/999/1  817/1021/1  818/1022/1
usemtl prototype/blue_3
f  819/1075/28  817/1023/28  816/1026/28  820/1076/28
usemtl prototype/blue_3
f  820/1071/3  816/1005/3  815/1008/3  821/1072/3
usemtl prototype/blue_3
f  822/1051/4  818/992/4  817/993/4  819/1052/4
usemtl prototype/blue_3
f  821/1077/29  815/1027/29  818/1030/29  822/1078/29
usemtl prototype/blue_3
f  822/1031/6  819/1032/6  820/1018/6  821/1017/6

o entity22_brush5
usemtl prototype/16_blue_3
f  823/1022/1  824/1021/1  825/966/1  826/967/1
usemtl prototype/blue_3
f  827/1062/2  825/1033/2  824/1035/2  828/1079/2
usemtl prototype/blue_3
f  828/1049/3  824/990/3  823/991/3  829/1050/3
usemtl prototype/blue_3
f  830/1051/4  826/992/4  825/993/4  827/1052/4
usemtl prototype/blue_3
f  829/1080/5  823/1036/5  826/1038/5  830/1067/5
usemtl prototype/blue_3
f  830/982/6  827/983/6  828/1032/6  829/1031/6

o entity23_brush0
usemtl prototype/128_grey_3
f  831/1081/1  832/350/1  833/1082/1  834/1083/1
usemtl prototype/128_honey_2
f  835/1084/2  833/1085/2  832/1086/2  836/939/2
usemtl prototype/128_grey_3
f  836/1087/3  832/1088/3  831/1089/3  837/1090/3
usemtl prototype/128_grey_3
f  838/1091/4  834/1092/4  833/1093/4  835/1094/4
usemtl prototype/128_honey_2
f  837/233/5  831/1095/5  834/1096/5  838/1097/5
usemtl prototype/16_grey_3
f  838/1098/6  835/1099/6  836/345/6  837/1100/6

o entity23_brush1
usemtl prototype/128_grey_3
f  839/1081/1  840/350/1  841/1101/1  842/1102/1
usemtl prototype/128_honey_2
f  843/1103/2  841/298/2  840/301/2  844/1086/2
usemtl prototype/128_grey_3
f  844/1088/3  840/1104/3  839/1105/3  845/1089/3
usemtl prototype/128_grey_3
f  846/1092/4  842/1106/4  841/1107/4  843/1093/4
usemtl prototype/128_honey_2
f  845/1095/5  839/232/5  842/235/5  846/1108/5
usemtl prototype/16_grey_3
f  846/1109/6  843/1110/6  844/345/6  845/1100/6

o entity23_brush2
usemtl prototype/128_grey_3
f  847/1081/1  848/350/1  849/1111/1  850/1112/1
usemtl prototype/128_honey_2
f  851/494/2  849/1113/2  848/593/2  852/301/2
usemtl prototype/128_grey_3
f  852/1104/3  848/1114/3  847/1115/3  853/1105/3
usemtl prototype/128_grey_3
f  854/1106/4  850/1116/4  849/1117/4  851/1107/4
usemtl prototype/128_honey_2
f  853/232/5  847/535/5  850/1118/5  854/508/5
usemtl prototype/16_grey_3
f  854/1119/6  851/1120/6  852/345/6  853/1100/6

o entity23_brush3
usemtl prototype/128_grey_3
f  855/1081/1  856/350/1  857/918/1  858/1121/1
usemtl prototype/128_honey_2
f  859/579/2  857/1122/2  856/252/2  860/593/2
usemtl prototype/128_grey_3
f  860/1114/3  856/922/3  855/1123/3  861/1115/3
usemtl prototype/128_grey_3
f  862/1116/4  858/1124/4  857/927/4  859/1117/4
usemtl prototype/128_honey_2
f  861/535/5  855/487/5  858/920/5  862/552/5
usemtl prototype/16_grey_3
f  862/1125/6  859/928/6  860/345/6  861/1100/6

o entity23_brush4
usemtl prototype/128_grey_3
f  863/548/1  864/1126/1  865/1127/1  866/1128/1
usemtl prototype/128_honey_2
f  867/494/2  865/1113/2  864/593/2  868/301/2
usemtl prototype/128_grey_3
f  868/1129/3  864/1130/3  863/1131/3  869/1132/3
usemtl prototype/128_grey_3
f  870/1133/4  866/1134/4  865/1135/4  867/1136/4
usemtl prototype/128_honey_2
f  869/232/5  863/535/5  866/1118/5  870/508/5
usemtl prototype/16_grey_3
f  870/1137/6  867/1138/6  868/1139/6  869/537/6

o entity23_brush5
usemtl prototype/128_grey_3
f  871/548/1  872/1126/1  873/1140/1  874/582/1
usemtl prototype/128_honey_2
f  875/1103/2  873/298/2  872/301/2  876/1086/2
usemtl prototype/128_grey_3
f  876/1141/3  872/1129/3  871/1132/3  877/1142/3
usemtl prototype/128_grey_3
f  878/1143/4  874/1133/4  873/1136/4  875/1144/4
usemtl prototype/128_honey_2
f  877/1095/5  871/232/5  874/235/5  878/1108/5
usemtl prototype/16_grey_3
f  878/555/6  875/1145/6  876/1139/6  877/537/6

o entity23_brush6
usemtl prototype/128_grey_3
f  879/548/1  880/1126/1  881/1146/1  882/566/1
usemtl prototype/128_honey_2
f  883/579/2  881/1122/2  880/252/2  884/593/2
usemtl prototype/128_grey_3
f  884/1130/3  880/1147/3  879/925/3  885/1131/3
usemtl prototype/128_grey_3
f  886/1134/4  882/926/4  881/1148/4  883/1135/4
usemtl prototype/128_honey_2
f  885/535/5  879/487/5  882/920/5  886/552/5
usemtl prototype/16_grey_3
f  886/554/6  883/1149/6  884/1139/6  885/537/6

o entity23_brush7
usemtl prototype/128_grey_3
f  887/548/1  888/1126/1  889/1150/1  890/1151/1
usemtl prototype/128_honey_2
f  891/1084/2  889/1085/2  888/1086/2  892/939/2
usemtl prototype/128_grey_3
f  892/1152/3  888/1141/3  887/1142/3  893/1153/3
usemtl prototype/128_grey_3
f  894/1154/4  890/1143/4  889/1144/4  891/1155/4
usemtl prototype/128_honey_2
f  893/233/5  887/1095/5  890/1096/5  894/1097/5
usemtl prototype/16_grey_3
f  894/1156/6  891/1157/6  892/1139/6  893/537/6

o entity24_brush0
usemtl prototype/128_grey_3
f  895/1158/21  896/1159/21  897/1160/21  898/1161/21
usemtl prototype/128_honey_2
f  899/1162/2  897/1163/2  896/1164/2  900/1165/2
usemtl prototype/128_honey_2
f  900/923/3  896/1166/3  895/1167/3
usemtl prototype/128_grey_3
f  898/1167/4  897/1168/4  899/923/4
usemtl prototype/128_grey_3
f  900/137/6  895/198/6  898/1169/6  899/918/6

o entity24_brush1
usemtl prototype/128_grey_3
f  901/1170/8  902/1171/8  903/1172/8  904/1173/8
usemtl prototype/128_honey_2
f  905/1174/49  903/1175/49  902/1176/49  906/1177/49
usemtl prototype/128_honey_2
f  906/1166/3  902/1178/3  901/1167/3
usemtl prototype/128_grey_3
f  904/1167/4  903/1179/4  905/1168/4
usemtl prototype/128_grey_3
f  906/1180/7  901/1181/7  904/1182/7  905/1183/7

o entity24_brush2
usemtl prototype/128_honey_2
f  907/1184/50  908/1185/50  909/1186/50  910/1187/50
usemtl prototype/128_grey_3
f  911/1188/14  909/1189/14  908/1190/14  912/1191/14
usemtl prototype/128_honey_2
f  910/1192/3  909/1193/3  911/1167/3
usemtl prototype/128_grey_3
f  912/1167/4  908/1194/4  907/1195/4
usemtl prototype/128_grey_3
f  907/1196/16  910/1197/16  911/1198/16  912/1199/16

o entity24_brush3
usemtl prototype/128_grey_3
f  913/1200/18  914/1201/18  915/1202/18  916/1203/18
usemtl prototype/128_honey_2
f  917/1204/51  915/1205/51  914/1206/51  918/1207/51
usemtl prototype/128_honey_2
f  918/1178/3  914/1208/3  913/1167/3
usemtl prototype/128_grey_3
f  916/1167/4  915/1209/4  917/1179/4
usemtl prototype/128_grey_3
f  918/1210/23  913/1211/23  916/1212/23  917/1213/23

o entity24_brush4
usemtl prototype/128_honey_2
f  919/1214/52  920/1215/52  921/1216/52  922/1217/52
usemtl prototype/128_grey_3
f  923/1218/15  921/1219/15  920/1220/15  924/1221/15
usemtl prototype/128_honey_2
f  922/1208/3  921/1222/3  923/1167/3
usemtl prototype/128_grey_3
f  924/1167/4  920/1223/4  919/1209/4
usemtl prototype/128_grey_3
f  922/1224/10  923/1225/10  924/1226/10  919/1227/10

o entity24_brush5
usemtl prototype/128_honey_2
f  925/1228/53  926/1229/53  927/1230/53  928/1231/53
usemtl prototype/128_grey_3
f  929/1232/11  927/1233/11  926/1234/11  930/1235/11
usemtl prototype/128_honey_2
f  928/1222/3  927/1192/3  929/1167/3
usemtl prototype/128_grey_3
f  930/1167/4  926/1195/4  925/1223/4
usemtl prototype/128_grey_3
f  925/1236/19  928/1237/19  929/1238/19  930/1239/19

o entity24_brush6
usemtl prototype/128_honey_2
f  931/1240/1  932/1241/1  933/1242/1  934/1243/1
usemtl prototype/128_honey_2
f  934/1193/3  933/1244/3  935/1167/3
usemtl prototype/128_grey_3
f  936/1167/4  932/1245/4  931/1194/4
usemtl prototype/128_grey_3
f  935/1246/5  933/211/5  932/509/5  936/1247/5
usemtl prototype/128_grey_3
f  931/1248/12  934/1249/12  935/1250/12  936/1251/12

o entity25_brush0
usemtl prototype/128_honey_2
f  937/1216/54  938/1217/54  939/1214/54  940/1215/54
usemtl prototype/128_grey_3
f  941/1203/42  939/1252/42  938/1253/42  942/1200/42
usemtl prototype/128_honey_2
f  942/1167/3  938/1254/3  937/1255/3
usemtl prototype/128_grey_3
f  940/1256/4  939/1257/4  941/1167/4
usemtl prototype/128_grey_3
f  942/1238/41  937/1258/41  940/1259/41  941/1239/41

o entity25_brush1
usemtl prototype/128_grey_3
f  943/1161/36  944/1260/36  945/1261/36  946/1158/36
usemtl prototype/128_honey_2
f  946/1167/3  945/1262/3  947/924/3
usemtl prototype/128_grey_3
f  948/924/4  944/1263/4  943/1167/4
usemtl prototype/128_honey_2
f  947/1264/5  945/1164/5  944/1163/5  948/1265/5
usemtl prototype/128_grey_3
f  943/1169/6  946/198/6  947/158/6  948/566/6

o entity25_brush2
usemtl prototype/128_grey_3
f  949/1173/39  950/1266/39  951/1267/39  952/1170/39
usemtl prototype/128_honey_2
f  953/1268/55  951/1269/55  950/1270/55  954/1271/55
usemtl prototype/128_honey_2
f  952/1167/3  951/1272/3  953/1262/3
usemtl prototype/128_grey_3
f  954/1263/4  950/1273/4  949/1167/4
usemtl prototype/128_grey_3
f  949/1182/35  952/1181/35  953/1274/35  954/1275/35

o entity25_brush3
usemtl prototype/128_grey_3
f  955/1221/32  956/1276/32  957/1277/32  958/1218/32
usemtl prototype/128_honey_2
f  959/1278/56  957/1279/56  956/1280/56  960/1281/56
usemtl prototype/128_honey_2
f  958/1167/3  957/1255/3  959/1272/3
usemtl prototype/128_grey_3
f  960/1273/4  956/1256/4  955/1167/4
usemtl prototype/128_grey_3
f  955/1212/38  958/1211/38  959/1282/38  960/1283/38

o entity25_brush4
usemtl prototype/128_honey_2
f  961/1284/57  962/1285/57  963/1286/57  964/1287/57
usemtl prototype/128_grey_3
f  965/1235/45  963/1288/45  962/1289/45  966/1232/45
usemtl prototype/128_honey_2
f  966/1167/3  962/1290/3  961/1254/3
usemtl prototype/128_grey_3
f  964/1257/4  963/1291/4  965/1167/4
usemtl prototype/128_grey_3
f  966/1225/33  961/1292/33  964/1293/33  965/1226/33

o entity25_brush5
usemtl prototype/128_honey_2
f  967/1294/58  968/1295/58  969/1296/58  970/1297/58
usemtl prototype/128_grey_3
f  971/1191/48  969/1298/48  968/1299/48  972/1188/48
usemtl prototype/128_honey_2
f  972/1167/3  968/1300/3  967/1290/3
usemtl prototype/128_grey_3
f  970/1291/4  969/1301/4  971/1167/4
usemtl prototype/128_grey_3
f  972/1198/43  967/1302/43  970/1303/43  971/1199/43

o entity25_brush6
usemtl prototype/128_honey_2
f  973/1304/1  974/1242/1  975/1241/1  976/1305/1
usemtl prototype/128_grey_3
f  977/1247/2  975/509/2  974/211/2  978/1246/2
usemtl prototype/128_honey_2
f  978/1167/3  974/1244/3  973/1300/3
usemtl prototype/128_grey_3
f  976/1301/4  975/1245/4  977/1167/4
usemtl prototype/128_grey_3
f  978/1250/46  973/1306/46  976/1307/46  977/1251/46

o entity26_brush0
usemtl prototype/128_honey_2
f  979/940/1  980/1308/1  981/1309/1  982/949/1
usemtl prototype/16_grey_3
f  983/267/2  981/293/2  980/292/2  984/268/2
usemtl prototype/128_grey_3
f  984/1310/3  980/1311/3  979/933/3  985/934/3
usemtl prototype/128_grey_3
f  986/935/4  982/936/4  981/1312/4  983/1313/4
usemtl prototype/128_grey_3
f  985/930/5  979/300/5  982/299/5  986/667/5
usemtl prototype/128_honey_2
f  986/941/6  983/1314/6  984/1315/6  985/929/6

o entity26_brush1
usemtl prototype/128_honey_2
f  987/1308/1  988/1316/1  989/1317/1  990/1318/1
usemtl prototype/16_grey_3
f  991/1319/2  989/1320/2  988/292/2  992/268/2
usemtl prototype/128_grey_3
f  992/1321/3  988/1322/3  987/1311/3  993/1310/3
usemtl prototype/128_grey_3
f  994/1313/4  990/1312/4  989/1323/4  991/1324/4
usemtl prototype/128_grey_3
f  993/930/5  987/300/5  990/1325/5  994/1326/5
usemtl prototype/128_honey_2
f  994/1327/6  991/1328/6  992/1329/6  993/1315/6

o entity27_brush0
usemtl prototype/128_grey_3
f  995/1330/15  996/1331/15  997/1332/15  998/1333/15
usemtl prototype/128_honey_2
f  999/1334/3  996/1335/3  995/1336/3
usemtl prototype/128_grey_3
f  998/1337/4  997/1338/4  1000/1339/4
usemtl prototype/128_grey_3
f  1000/1340/16  997/1341/16  996/1342/16  999/1343/16
usemtl prototype/128_honey_2
f  998/1344/17  1000/1345/17  999/1346/17  995/1347/17

o entity27_brush1
usemtl prototype/128_grey_3
f  1001/1348/11  1002/1349/11  1003/1350/11  1004/1351/11
usemtl prototype/128_honey_2
f  1005/1352/3  1002/1335/3  1001/1334/3
usemtl prototype/128_grey_3
f  1004/1339/4  1003/1338/4  1006/1353/4
usemtl prototype/128_grey_3
f  1006/1354/12  1003/1355/12  1002/1356/12  1005/1357/12
usemtl prototype/128_honey_2
f  1004/1358/59  1006/1359/59  1005/1360/59  1001/1361/59

o entity27_brush2
usemtl prototype/128_grey_3
f  1007/1362/14  1008/1363/14  1009/1364/14  1010/1365/14
usemtl prototype/128_grey_3
f  1011/267/2  1009/988/2  1008/951/2  1012/229/2
usemtl prototype/128_honey_2
f  1012/945/3  1008/1335/3  1007/1352/3
usemtl prototype/128_grey_3
f  1010/1353/4  1009/1338/4  1011/946/4
usemtl prototype/128_honey_2
f  1012/157/6  1007/1366/6  1010/1367/6  1011/942/6

o entity27_brush3
usemtl prototype/128_grey_3
f  1013/1368/18  1014/1369/18  1015/1370/18  1016/1371/18
usemtl prototype/128_honey_2
f  1017/1336/3  1014/1335/3  1013/1372/3
usemtl prototype/128_grey_3
f  1016/1373/4  1015/1338/4  1018/1337/4
usemtl prototype/128_grey_3
f  1018/1374/19  1015/1375/19  1014/1376/19  1017/1377/19
usemtl prototype/128_honey_2
f  1013/1378/20  1016/1379/20  1018/1380/20  1017/1381/20

o entity27_brush4
usemtl prototype/128_grey_3
f  1019/1382/8  1020/1383/8  1021/1384/8  1022/1385/8
usemtl prototype/128_honey_2
f  1022/1335/3  1021/1386/3  1023/1372/3
usemtl prototype/128_grey_3
f  1024/1373/4  1020/1387/4  1019/1338/4
usemtl prototype/128_honey_2
f  1023/1388/9  1021/1389/9  1020/1390/9  1024/1391/9
usemtl prototype/128_grey_3
f  1019/1392/10  1022/1393/10  1023/1394/10  1024/1395/10

o entity27_brush5
usemtl prototype/128_grey_3
f  1025/1396/21  1026/1397/21  1027/1398/21  1028/1399/21
usemtl prototype/128_honey_2
f  1028/1335/3  1027/1400/3  1029/1386/3
usemtl prototype/128_grey_3
f  1030/1387/4  1026/1401/4  1025/1338/4
usemtl prototype/128_honey_2
f  1029/1402/22  1027/1403/22  1026/1404/22  1030/1405/22
usemtl prototype/128_grey_3
f  1025/1406/23  1028/1407/23  1029/1408/23  1030/1409/23

o entity27_brush6
usemtl prototype/128_grey_3
f  1031/948/1  1032/249/1  1033/1410/1  1034/455/1
usemtl prototype/128_honey_2
f  1034/1335/3  1033/1411/3  1035/1400/3
usemtl prototype/128_grey_3
f  1036/1401/4  1032/1412/4  1031/1338/4
usemtl prototype/128_honey_2
f  1035/1413/5  1033/956/5  1032/256/5  1036/1414/5
usemtl prototype/128_grey_3
f  1031/1415/7  1034/1416/7  1035/1417/7  1036/1418/7

o entity28_brush0
usemtl prototype/128_honey_2
f  1037/1419/54  1038/1420/54  1039/1421/54  1040/1422/54
usemtl prototype/128_grey_3
f  1041/1423/42  1039/1424/42  1038/1425/42  1042/1426/42
usemtl prototype/128_honey_2
f  1042/1335/3  1038/1427/3  1037/1428/3
usemtl prototype/128_grey_3
f  1040/1429/4  1039/1430/4  1041/1338/4
usemtl prototype/128_grey_3
f  1042/1431/41  1037/1432/41  1040/1433/41  1041/1434/41

o entity28_brush1
usemtl prototype/128_honey_2
f  1043/1435/1  1044/455/1  1045/948/1  1046/1436/1
usemtl prototype/128_grey_3
f  1047/988/2  1045/293/2  1044/286/2  1048/951/2
usemtl prototype/128_honey_2
f  1048/1335/3  1044/944/3  1043/1437/3
usemtl prototype/128_grey_3
f  1046/1438/4  1045/947/4  1047/1338/4
usemtl prototype/128_grey_3
f  1048/1363/46  1043/1439/46  1046/1440/46  1047/1364/46

o entity28_brush2
usemtl prototype/128_honey_2
f  1049/1441/60  1050/1442/60  1051/1443/60  1052/1444/60
usemtl prototype/128_grey_3
f  1053/1355/48  1051/1445/48  1050/1446/48  1054/1356/48
usemtl prototype/128_honey_2
f  1054/1335/3  1050/1437/3  1049/1447/3
usemtl prototype/128_grey_3
f  1052/1448/4  1051/1438/4  1053/1338/4
usemtl prototype/128_grey_3
f  1054/1349/43  1049/1449/43  1052/1450/43  1053/1350/43

o entity28_brush3
usemtl prototype/128_honey_2
f  1055/1451/57  1056/1452/57  1057/1453/57  1058/1454/57
usemtl prototype/128_grey_3
f  1059/1341/45  1057/1455/45  1056/1456/45  1060/1342/45
usemtl prototype/128_honey_2
f  1060/1335/3  1056/1447/3  1055/1427/3
usemtl prototype/128_grey_3
f  1058/1430/4  1057/1448/4  1059/1338/4
usemtl prototype/128_grey_3
f  1060/1457/33  1055/1458/33  1058/1459/33  1059/1460/33

o entity28_brush4
usemtl prototype/128_grey_3
f  1061/1461/32  1062/1462/32  1063/1463/32  1064/1464/32
usemtl prototype/128_honey_2
f  1065/1465/56  1063/1466/56  1062/1467/56  1066/1468/56
usemtl prototype/128_honey_2
f  1064/1335/3  1063/1428/3  1065/1469/3
usemtl prototype/128_grey_3
f  1066/1470/4  1062/1429/4  1061/1338/4
usemtl prototype/128_grey_3
f  1061/1406/38  1064/1407/38  1065/1471/38  1066/1472/38

o entity28_brush5
usemtl prototype/128_grey_3
f  1067/1382/39  1068/1473/39  1069/1474/39  1070/1385/39
usemtl prototype/128_honey_2
f  1071/1475/61  1069/1476/61  1068/1477/61  1072/1478/61
usemtl prototype/128_honey_2
f  1070/1335/3  1069/1469/3  1071/1479/3
usemtl prototype/128_grey_3
f  1072/1480/4  1068/1470/4  1067/1338/4
usemtl prototype/128_grey_3
f  1067/1415/35  1070/1416/35  1071/1481/35  1072/1482/35

o entity28_brush6
usemtl prototype/128_grey_3
f  1073/1396/36  1074/1483/36  1075/1484/36  1076/1399/36
usemtl prototype/128_honey_2
f  1076/1335/3  1075/1479/3  1077/1411/3
usemtl prototype/128_grey_3
f  1078/1412/4  1074/1480/4  1073/1338/4
usemtl prototype/128_honey_2
f  1077/956/5  1075/1485/5  1074/1486/5  1078/256/5
usemtl prototype/128_grey_3
f  1073/942/6  1076/157/6  1077/1487/6  1078/618/6

o entity29_brush0
usemtl prototype/16_grey_3
f  1079/1488/1  1080/1489/1  1081/1490/1  1082/1491/1
usemtl prototype/128_honey_2
f  1083/1492/2  1081/1493/2  1080/1494/2  1084/958/2
usemtl prototype/128_honey_2
f  1084/1495/3  1080/959/3  1079/960/3  1085/1496/3
usemtl prototype/128_grey_3
f  1086/1497/4  1082/961/4  1081/962/4  1083/1498/4
usemtl prototype/128_honey_2
f  1085/1499/5  1079/1494/5  1082/1493/5  1086/1500/5
usemtl prototype/128_grey_3
f  1086/1501/7  1083/1502/7  1084/1503/7  1085/1504/7

o entity29_brush1
usemtl prototype/16_grey_3
f  1087/227/21  1088/346/21  1089/345/21  1090/537/21
usemtl prototype/128_honey_2
f  1091/1505/62  1089/1506/62  1088/1507/62  1092/1508/62
usemtl prototype/128_honey_2
f  1092/1509/3  1088/1495/3  1087/1496/3  1093/1510/3
usemtl prototype/128_grey_3
f  1094/1511/4  1090/1497/4  1089/1498/4  1091/1512/4
usemtl prototype/128_honey_2
f  1093/1513/63  1087/1514/63  1090/1515/63  1094/1516/63
usemtl prototype/128_grey_3
f  1094/1517/23  1091/1518/23  1092/1519/23  1093/1520/23

o entity29_brush2
usemtl prototype/16_grey_3
f  1095/1521/8  1096/1522/8  1097/964/8  1098/1523/8
usemtl prototype/128_honey_2
f  1099/1524/51  1097/1525/51  1096/1526/51  1100/1527/51
usemtl prototype/128_honey_2
f  1100/1528/3  1096/1509/3  1095/1510/3  1101/1529/3
usemtl prototype/128_grey_3
f  1102/1530/4  1098/1511/4  1097/1512/4  1099/1531/4
usemtl prototype/128_honey_2
f  1101/1532/64  1095/1533/64  1098/1534/64  1102/1535/64
usemtl prototype/128_grey_3
f  1102/1536/10  1099/1537/10  1100/1538/10  1101/1539/10

o entity29_brush3
usemtl prototype/16_grey_3
f  1103/1243/18  1104/1540/18  1105/1541/18  1106/1542/18
usemtl prototype/128_honey_2
f  1107/1543/52  1105/1544/52  1104/1545/52  1108/1546/52
usemtl prototype/128_honey_2
f  1109/1547/3  1108/1548/3  1104/1528/3  1103/1529/3
usemtl prototype/128_grey_3
f  1106/1530/4  1105/1531/4  1107/1549/4  1110/1550/4
usemtl prototype/128_grey_3
f  1110/1551/19  1107/1552/19  1108/1553/19  1109/1554/19
usemtl prototype/128_honey_2
f  1103/1555/20  1106/1556/20  1110/1557/20  1109/1558/20

o entity29_brush4
usemtl prototype/128_honey_2
f  1111/1559/53  1112/1560/53  1113/1561/53  1114/1562/53
usemtl prototype/16_grey_3
f  1115/1563/15  1113/1564/15  1112/1565/15  1116/1566/15
usemtl prototype/128_honey_2
f  1117/1567/3  1114/1568/3  1113/1548/3  1115/1547/3
usemtl prototype/128_grey_3
f  1116/1550/4  1112/1549/4  1111/1569/4  1118/1570/4
usemtl prototype/128_grey_3
f  1118/1571/16  1111/1572/16  1114/1573/16  1117/1574/16
usemtl prototype/128_honey_2
f  1116/1575/17  1118/1576/17  1117/1577/17  1115/1578/17

o entity29_brush5
usemtl prototype/128_honey_2
f  1119/1579/65  1120/1580/65  1121/1581/65  1122/1582/65
usemtl prototype/16_grey_3
f  1123/1583/11  1121/1584/11  1120/1585/11  1124/1586/11
usemtl prototype/128_honey_2
f  1125/1587/3  1122/1588/3  1121/1568/3  1123/1589/3
usemtl prototype/128_grey_3
f  1124/1590/4  1120/1569/4  1119/1591/4  1126/1592/4
usemtl prototype/16_grey_3
f  1126/1593/12  1119/1594/12  1122/1595/12  1125/1596/12
usemtl prototype/128_honey_2
f  1124/1597/66  1126/1598/66  1125/1599/66  1123/1600/66

o entity29_brush6
usemtl prototype/128_honey_2
f  1127/1601/1  1128/1602/1  1129/156/1  1130/448/1
usemtl prototype/16_grey_3
f  1131/1603/14  1128/1604/14  1127/1605/14  1132/1606/14
usemtl prototype/128_honey_2
f  1133/929/2  1130/1329/2  1129/171/2  1134/215/2
usemtl prototype/128_honey_2
f  1134/435/3  1129/217/3  1128/1607/3  1131/1608/3
usemtl prototype/128_grey_3
f  1132/1609/4  1127/1610/4  1130/224/4  1133/438/4
usemtl prototype/128_honey_2
f  1133/448/6  1134/156/6  1131/1611/6  1132/303/6

o entity29_brush7
usemtl prototype/128_honey_2
f  1135/930/1  1136/214/1  1137/156/1  1138/448/1
usemtl prototype/16_grey_3
f  1139/1612/14  1136/1613/14  1135/1614/14  1140/1615/14
usemtl prototype/128_honey_2
f  1141/1126/2  1138/1616/2  1137/198/2  1142/602/2
usemtl prototype/128_honey_2
f  1142/218/3  1137/1617/3  1136/1588/3  1139/1618/3
usemtl prototype/128_grey_3
f  1140/1619/4  1135/1591/4  1138/1620/4  1141/223/4
usemtl prototype/128_honey_2
f  1141/458/6  1142/230/6  1139/1621/6  1140/1622/6

o entity29_brush8
usemtl prototype/128_honey_2
f  1143/1622/1  1144/1621/1  1145/229/1  1146/268/1
usemtl prototype/16_grey_3
f  1147/1604/14  1144/1612/14  1143/1615/14  1148/1605/14
usemtl prototype/128_honey_2
f  1149/929/2  1146/548/2  1145/158/2  1150/215/2
usemtl prototype/128_honey_2
f  1150/220/3  1145/219/3  1144/1618/3  1147/1607/3
usemtl prototype/128_grey_3
f  1148/1610/4  1143/1619/4  1146/222/4  1149/221/4
usemtl prototype/128_honey_2
f  1149/930/6  1150/214/6  1147/1602/6  1148/1601/6

o entity30_brush0
usemtl prototype/128_honey_2
f  1151/1623/65  1152/1624/65  1153/1580/65  1154/1579/65
usemtl prototype/16_grey_3
f  1155/1586/11  1153/1585/11  1152/1625/11  1156/1626/11
usemtl prototype/128_honey_2
f  1157/1587/3  1154/1588/3  1153/1568/3  1155/1589/3
usemtl prototype/128_grey_3
f  1156/1590/4  1152/1569/4  1151/1591/4  1158/1592/4
usemtl prototype/16_grey_3
f  1158/1627/12  1151/1628/12  1154/1594/12  1157/1593/12
usemtl prototype/128_honey_2
f  1156/1629/66  1158/1630/66  1157/1598/66  1155/1597/66

o entity30_brush1
usemtl prototype/128_honey_2
f  1159/1631/53  1160/1632/53  1161/1560/53  1162/1559/53
usemtl prototype/16_grey_3
f  1163/1566/15  1161/1565/15  1160/1633/15  1164/1634/15
usemtl prototype/128_honey_2
f  1165/1567/3  1162/1568/3  1161/1548/3  1163/1547/3
usemtl prototype/128_grey_3
f  1164/1550/4  1160/1549/4  1159/1569/4  1166/1570/4
usemtl prototype/128_grey_3
f  1166/1635/16  1159/1636/16  1162/1572/16  1165/1571/16
usemtl prototype/128_honey_2
f  1164/1637/17  1166/1638/17  1165/1576/17  1163/1575/17

o entity30_brush2
usemtl prototype/16_grey_3
f  1167/1542/18  1168/1541/18  1169/1639/18  1170/1240/18
usemtl prototype/128_honey_2
f  1171/1640/52  1169/1641/52  1168/1544/52  1172/1543/52
usemtl prototype/128_honey_2
f  1173/1547/3  1172/1548/3  1168/1528/3  1167/1529/3
usemtl prototype/128_grey_3
f  1170/1530/4  1169/1531/4  1171/1549/4  1174/1550/4
usemtl prototype/128_grey_3
f  1174/1642/19  1171/1643/19  1172/1552/19  1173/1551/19
usemtl prototype/128_honey_2
f  1167/1556/20  1170/1644/20  1174/1645/20  1173/1557/20

o entity30_brush3
usemtl prototype/16_grey_3
f  1175/1523/8  1176/964/8  1177/1646/8  1178/1647/8
usemtl prototype/128_honey_2
f  1179/1648/51  1177/1649/51  1176/1525/51  1180/1524/51
usemtl prototype/128_honey_2
f  1180/1528/3  1176/1509/3  1175/1510/3  1181/1529/3
usemtl prototype/128_grey_3
f  1182/1530/4  1178/1511/4  1177/1512/4  1179/1531/4
usemtl prototype/128_honey_2
f  1181/1535/64  1175/1534/64  1178/1650/64  1182/1651/64
usemtl prototype/128_grey_3
f  1182/1652/10  1179/1653/10  1180/1537/10  1181/1536/10

o entity30_brush4
usemtl prototype/16_grey_3
f  1183/537/21  1184/345/21  1185/1110/21  1186/555/21
usemtl prototype/128_honey_2
f  1187/1654/62  1185/1655/62  1184/1506/62  1188/1505/62
usemtl prototype/128_honey_2
f  1188/1509/3  1184/1495/3  1183/1496/3  1189/1510/3
usemtl prototype/128_grey_3
f  1190/1511/4  1186/1497/4  1185/1498/4  1187/1512/4
usemtl prototype/128_honey_2
f  1189/1516/63  1183/1515/63  1186/1656/63  1190/1657/63
usemtl prototype/128_grey_3
f  1190/1658/23  1187/1659/23  1188/1518/23  1189/1517/23

o entity30_brush5
usemtl prototype/128_honey_2
f  1191/1660/1  1192/1601/1  1193/448/1  1194/1661/1
usemtl prototype/16_grey_3
f  1195/1606/67  1192/1605/67  1191/1662/67  1196/1663/67
usemtl prototype/128_honey_2
f  1197/1664/2  1194/1665/2  1193/1329/2  1198/929/2
usemtl prototype/128_honey_2
f  1198/435/3  1193/217/3  1192/1607/3  1195/1608/3
usemtl prototype/128_grey_3
f  1196/1609/4  1191/1610/4  1194/224/4  1197/438/4
usemtl prototype/128_honey_2
f  1197/1661/6  1198/448/6  1195/303/6  1196/1666/6

o entity30_brush6
usemtl prototype/128_honey_2
f  1199/1667/1  1200/930/1  1201/448/1  1202/1661/1
usemtl prototype/16_grey_3
f  1203/1615/67  1200/1614/67  1199/1668/67  1204/1669/67
usemtl prototype/128_honey_2
f  1205/1670/2  1202/1671/2  1201/1616/2  1206/1126/2
usemtl prototype/128_honey_2
f  1206/218/3  1201/1617/3  1200/1588/3  1203/1618/3
usemtl prototype/128_grey_3
f  1204/1619/4  1199/1591/4  1202/1620/4  1205/223/4
usemtl prototype/128_honey_2
f  1205/1672/6  1206/458/6  1203/1622/6  1204/1673/6

o entity30_brush7
usemtl prototype/128_honey_2
f  1207/1673/1  1208/1622/1  1209/268/1  1210/1674/1
usemtl prototype/16_grey_3
f  1211/1605/67  1208/1615/67  1207/1669/67  1212/1662/67
usemtl prototype/128_honey_2
f  1213/1664/2  1210/1675/2  1209/548/2  1214/929/2
usemtl prototype/128_honey_2
f  1214/220/3  1209/219/3  1208/1618/3  1211/1607/3
usemtl prototype/128_grey_3
f  1212/1610/4  1207/1619/4  1210/222/4  1213/221/4
usemtl prototype/128_honey_2
f  1213/1667/6  1214/930/6  1211/1601/6  1212/1660/6

o entity30_brush8
usemtl prototype/128_honey_2
f  1215/1676/1  1216/1677/1  1217/1672/1  1218/1674/1
usemtl prototype/128_honey_2
f  1219/1665/2  1217/1670/2  1216/603/2  1220/572/2
usemtl prototype/128_blue_3
f  1220/217/3  1216/218/3  1215/219/3  1221/220/3
usemtl prototype/128_grey_3
f  1222/221/4  1218/222/4  1217/223/4  1219/224/4
usemtl prototype/128_honey_2
f  1221/1678/5  1215/567/5  1218/1675/5  1222/1664/5
usemtl prototype/128_honey_2
f  1222/1667/6  1219/1661/6  1220/1679/6  1221/1680/6

o entity31_brush0
usemtl prototype/128_honey_2
f  1223/1681/1  1224/1682/1  1225/1683/1  1226/1684/1
usemtl prototype/128_honey_2
f  1227/1685/2  1225/1686/2  1224/1687/2  1228/1688/2
usemtl prototype/128_blue_3
f  1228/1689/3  1224/1690/3  1223/1691/3  1229/1692/3
usemtl prototype/128_grey_3
f  1230/1693/4  1226/1694/4  1225/1695/4  1227/1696/4
usemtl prototype/128_honey_2
f  1229/1681/5  1223/1697/5  1226/1698/5  1230/1684/5
usemtl prototype/128_honey_2
f  1230/1685/6  1227/1699/6  1228/1700/6  1229/1688/6

o entity31_brush1
usemtl prototype/128_honey_2
f  1231/1701/1  1232/272/1  1233/313/1  1234/1702/1
usemtl prototype/128_honey_2
f  1235/607/2  1233/328/2  1232/1703/2  1236/561/2
usemtl prototype/128_blue_3
f  1236/1689/3  1232/1690/3  1231/1704/3  1237/1705/3
usemtl prototype/128_grey_3
f  1238/1706/4  1234/1707/4  1233/1695/4  1235/1696/4
usemtl prototype/128_honey_2
f  1237/271/5  1231/1708/5  1234/340/5  1238/312/5
usemtl prototype/128_honey_2
f  1238/1709/6  1235/387/6  1236/891/6  1237/1710/6

o entity31_brush2
usemtl prototype/blue_3
f  1239/1711/1  1240/1712/1  1241/271/1  1242/1713/1
usemtl prototype/blue_3
f  1243/1714/2  1241/1708/2  1240/1715/2  1244/1716/2
usemtl prototype/blue_3
f  1244/1717/3  1240/1718/3  1239/1719/3  1245/1720/3
usemtl prototype/blue_3
f  1246/1721/4  1242/1722/4  1241/1723/4  1243/1724/4
usemtl prototype/blue_3
f  1245/22/5  1239/1725/5  1242/1703/5  1246/1726/5
usemtl prototype/blue_3
f  1246/1713/6  1243/271/6  1244/1712/6  1245/1711/6

o entity31_brush3
usemtl prototype/128_honey_2
f  1247/1727/1  1248/21/1  1249/1728/1  1250/561/1
usemtl prototype/128_honey_2
f  1251/561/2  1249/1703/2  1248/1725/2  1252/1727/2
usemtl prototype/128_honey_2
f  1252/212/3  1248/152/3  1247/474/3  1253/298/3
usemtl prototype/128_honey_2
f  1254/298/4  1250/474/4  1249/152/4  1251/212/4
usemtl prototype/128_honey_2
f  1253/1712/5  1247/1715/5  1250/1708/5  1254/271/5
usemtl prototype/128_honey_2
f  1254/271/6  1251/1729/6  1252/86/6  1253/1712/6

o entity31_brush4
usemtl prototype/128_honey_2
f  1255/1730/1  1256/1731/1  1257/272/1  1258/1732/1
usemtl prototype/128_honey_2
f  1259/561/2  1257/1703/2  1256/1725/2  1260/1727/2
usemtl prototype/128_honey_2
f  1260/1689/3  1256/1690/3  1255/1733/3  1261/1734/3
usemtl prototype/128_honey_2
f  1262/1734/4  1258/1733/4  1257/1690/4  1259/1689/4
usemtl prototype/128_honey_2
f  1261/1712/5  1255/1715/5  1258/1708/5  1262/271/5
usemtl prototype/128_honey_2
f  1262/1735/6  1259/891/6  1260/1736/6  1261/1737/6

o entity31_brush5
usemtl prototype/128_honey_2
f  1263/24/1  1264/1738/1  1265/1730/1  1266/21/1
usemtl prototype/128_honey_2
f  1267/1727/2  1265/1725/2  1264/1739/2  1268/1740/2
usemtl prototype/128_honey_2
f  1268/1734/3  1264/1733/3  1263/152/3  1269/212/3
usemtl prototype/128_grey_3
f  1270/196/4  1266/133/4  1265/1741/4  1267/1742/4
usemtl prototype/128_honey_2
f  1269/1743/5  1263/1744/5  1266/1715/5  1270/1712/5
usemtl prototype/128_honey_2
f  1270/86/6  1267/1737/6  1268/1745/6  1269/83/6

o entity31_brush6
usemtl prototype/128_honey_2
f  1271/21/1  1272/1711/1  1273/1713/1  1274/1728/1
usemtl prototype/128_honey_2
f  1275/1726/2  1273/1703/2  1272/1725/2  1276/22/2
usemtl prototype/128_honey_2
f  1276/1716/3  1272/1715/3  1271/152/3  1277/1746/3
usemtl prototype/128_honey_2
f  1278/1747/4  1274/133/4  1273/1725/4  1275/22/4
usemtl prototype/128_honey_2
f  1277/1716/5  1271/1715/5  1274/1708/5  1278/1714/5
usemtl prototype/128_honey_2
f  1278/1729/6  1275/1713/6  1276/1711/6  1277/86/6

o entity31_brush7
usemtl prototype/128_honey_2
f  1279/1712/1  1280/1730/1  1281/1732/1  1282/271/1
usemtl prototype/128_honey_2
f  1283/1726/2  1281/1703/2  1280/1725/2  1284/22/2
usemtl prototype/128_honey_2
f  1284/1748/3  1280/1733/3  1279/1691/3  1285/1749/3
usemtl prototype/128_honey_2
f  1286/1750/4  1282/1694/4  1281/1741/4  1283/1751/4
usemtl prototype/128_honey_2
f  1285/1716/5  1279/1715/5  1282/1708/5  1286/1714/5
usemtl prototype/128_honey_2
f  1286/561/6  1283/1735/6  1284/1737/6  1285/1727/6

o entity31_brush8
usemtl prototype/128_honey_2
f  1287/299/1  1288/194/1  1289/1679/1  1290/272/1
usemtl prototype/128_honey_2
f  1291/271/2  1289/561/2  1288/235/2  1292/298/2
usemtl prototype/128_blue_3
f  1292/1752/3  1288/1753/3  1287/1689/3  1293/1696/3
usemtl prototype/128_grey_3
f  1294/1689/4  1290/1696/4  1289/1752/4  1291/1753/4
usemtl prototype/128_honey_2
f  1293/235/5  1287/298/5  1290/271/5  1294/561/5
usemtl prototype/128_honey_2
f  1294/891/6  1291/1677/6  1292/182/6  1293/293/6

o entity31_brush9
usemtl prototype/128_honey_2
f  1295/1754/1  1296/1755/1  1297/194/1  1298/299/1
usemtl prototype/128_honey_2
f  1299/251/2  1297/235/2  1296/1740/2  1300/1756/2
usemtl prototype/128_honey_2
f  1300/1757/3  1296/1753/3  1295/1689/3  1301/1758/3
usemtl prototype/128_grey_3
f  1302/1758/4  1298/1696/4  1297/1752/4  1299/1757/4
usemtl prototype/128_honey_2
f  1301/1756/5  1295/1743/5  1298/298/5  1302/251/5
usemtl prototype/128_honey_2
f  1302/299/6  1299/194/6  1300/1755/6  1301/1754/6

o entity31_brush10
usemtl prototype/128_honey_2
f  1303/1754/1  1304/1755/1  1305/194/1  1306/299/1
usemtl prototype/128_honey_2
f  1307/299/2  1305/298/2  1304/1743/2  1308/1754/2
usemtl prototype/128_honey_2
f  1308/1759/3  1304/1752/3  1303/1696/3  1309/1760/3
usemtl prototype/128_grey_3
f  1310/1761/4  1306/1689/4  1305/1753/4  1307/1762/4
usemtl prototype/128_honey_2
f  1309/1763/5  1303/1740/5  1306/235/5  1310/293/5
usemtl prototype/128_honey_2
f  1310/293/6  1307/182/6  1308/1764/6  1309/1763/6

o entity31_brush11
usemtl prototype/128_honey_2
f  1311/1755/1  1312/1765/1  1313/1766/1  1314/153/1
usemtl prototype/128_honey_2
f  1315/1767/2  1313/212/2  1312/1743/2  1316/1738/2
usemtl prototype/128_honey_2
f  1316/1768/3  1312/1769/3  1311/1752/3  1317/1770/3
usemtl prototype/128_honey_2
f  1318/1771/4  1314/1753/4  1313/1772/4  1315/1773/4
usemtl prototype/128_honey_2
f  1317/1745/5  1311/1740/5  1314/196/5  1318/1774/5
usemtl prototype/128_honey_2
f  1318/179/6  1315/1775/6  1316/1776/6  1317/1764/6

o entity31_brush12
usemtl prototype/128_honey_2
f  1319/1776/1  1320/1777/1  1321/1778/1  1322/1775/1
usemtl prototype/128_honey_2
f  1323/1774/2  1321/1779/2  1320/83/2  1324/1745/2
usemtl prototype/128_honey_2
f  1324/1780/3  1320/1781/3  1319/1782/3  1325/1768/3
usemtl prototype/128_honey_2
f  1326/1773/4  1322/1783/4  1321/1784/4  1323/1785/4
usemtl prototype/128_honey_2
f  1325/1738/5  1319/24/5  1322/1786/5  1326/1767/5
usemtl prototype/128_honey_2
f  1326/1766/6  1323/1787/6  1324/1788/6  1325/1765/6

o entity31_brush13
usemtl prototype/128_honey_2
f  1327/1789/1  1328/1790/1  1329/1791/1  1330/1792/1
usemtl prototype/128_honey_2
f  1331/1793/2  1329/1794/2  1328/1795/2  1332/1796/2
usemtl prototype/128_honey_2
f  1332/1769/3  1328/1797/3  1327/1757/3  1333/1752/3
usemtl prototype/128_grey_3
f  1334/1753/4  1330/1757/4  1329/1797/4  1331/1772/4
usemtl prototype/128_honey_2
f  1333/1796/5  1327/1795/5  1330/1794/5  1334/1793/5
usemtl prototype/128_honey_2
f  1334/1798/6  1331/1799/6  1332/1800/6  1333/1801/6

o entity31_brush14
usemtl prototype/128_honey_2
f  1335/1755/1  1336/1765/1  1337/1766/1  1338/153/1
usemtl prototype/128_honey_2
f  1339/1802/2  1337/1786/2  1336/24/2  1340/1756/2
usemtl prototype/128_honey_2
f  1340/1797/3  1336/1782/3  1335/1803/3  1341/1757/3
usemtl prototype/128_honey_2
f  1342/1757/4  1338/1804/4  1337/1783/4  1339/1797/4
usemtl prototype/128_honey_2
f  1341/1756/5  1335/83/5  1338/1779/5  1342/1802/5
usemtl prototype/128_honey_2
f  1342/179/6  1339/1775/6  1340/1776/6  1341/1764/6

o entity31_brush15
usemtl prototype/128_grey_3
f  1343/1756/1  1344/1743/1  1345/1712/1  1346/1711/1
usemtl prototype/128_grey_3
f  1347/1712/2  1345/1711/2  1344/1756/2  1348/1743/2
usemtl prototype/128_honey_2
f  1348/1693/3  1344/1805/3  1343/1711/3  1349/1727/3
usemtl prototype/128_grey_3
f  1350/1712/4  1346/1711/4  1345/1805/4  1347/1692/4
usemtl prototype/128_grey_3
f  1349/1740/5  1343/1756/5  1346/1711/5  1350/1727/5
usemtl prototype/128_grey_3
f  1350/1711/6  1347/1727/6  1348/1740/6  1349/1756/6

o entity31_brush16
usemtl prototype/128_grey_3
f  1351/1743/1  1352/1754/1  1353/1731/1  1354/1712/1
usemtl prototype/128_grey_3
f  1355/1711/2  1353/1727/2  1352/1740/2  1356/1756/2
usemtl prototype/128_honey_2
f  1356/1758/3  1352/1689/3  1351/1692/3  1357/1805/3
usemtl prototype/128_grey_3
f  1358/1805/4  1354/1693/4  1353/1696/4  1355/1758/4
usemtl prototype/128_grey_3
f  1357/1756/5  1351/1743/5  1354/1712/5  1358/1711/5
usemtl prototype/128_grey_3
f  1358/1727/6  1355/1736/6  1356/1763/6  1357/1740/6

o entity31_brush17
usemtl prototype/128_grey_3
f  1359/1756/1  1360/1743/1  1361/1712/1  1362/1711/1
usemtl prototype/128_grey_3
f  1363/1711/2  1361/1727/2  1360/1740/2  1364/1756/2
usemtl prototype/128_honey_2
f  1364/1805/3  1360/1692/3  1359/1712/3  1365/1711/3
usemtl prototype/128_grey_3
f  1366/1711/4  1362/1727/4  1361/1693/4  1363/1805/4
usemtl prototype/128_grey_3
f  1365/1756/5  1359/1743/5  1362/1712/5  1366/1711/5
usemtl prototype/128_grey_3
f  1366/1711/6  1363/1727/6  1364/1740/6  1365/1756/6

o entity31_brush18
usemtl prototype/128_grey_3
f  1367/1740/1  1368/1756/1  1369/1711/1  1370/1727/1
usemtl prototype/128_grey_3
f  1371/1711/2  1369/1727/2  1368/1740/2  1372/1756/2
usemtl prototype/128_honey_2
f  1372/1711/3  1368/1712/3  1367/298/3  1373/251/3
usemtl prototype/128_grey_3
f  1374/251/4  1370/235/4  1369/1727/4  1371/1711/4
usemtl prototype/128_grey_3
f  1373/1756/5  1367/1743/5  1370/1712/5  1374/1711/5
usemtl prototype/128_grey_3
f  1374/1712/6  1371/1711/6  1372/1756/6  1373/1743/6

o entity31_brush19
usemtl prototype/128_grey_3
f  1375/1740/1  1376/1756/1  1377/1711/1  1378/1727/1
usemtl prototype/128_grey_3
f  1379/1712/2  1377/1711/2  1376/1756/2  1380/1743/2
usemtl prototype/128_honey_2
f  1380/1727/3  1376/1711/3  1375/251/3  1381/235/3
usemtl prototype/128_grey_3
f  1382/298/4  1378/251/4  1377/1711/4  1379/1712/4
usemtl prototype/128_grey_3
f  1381/1740/5  1375/1756/5  1378/1711/5  1382/1727/5
usemtl prototype/128_grey_3
f  1382/1712/6  1379/1711/6  1380/1756/6  1381/1743/6

o entity31_brush20
usemtl prototype/128_grey_3
f  1383/1740/1  1384/1756/1  1385/1711/1  1386/1727/1
usemtl prototype/128_grey_3
f  1387/1731/2  1385/1712/2  1384/1743/2  1388/1754/2
usemtl prototype/128_honey_2
f  1388/1736/3  1384/1727/3  1383/235/3  1389/293/3
usemtl prototype/128_grey_3
f  1390/299/4  1386/298/4  1385/1712/4  1387/1731/4
usemtl prototype/128_grey_3
f  1389/1763/5  1383/1740/5  1386/1727/5  1390/1736/5
usemtl prototype/128_grey_3
f  1390/1712/6  1387/1711/6  1388/1756/6  1389/1743/6

o entity31_brush21
usemtl prototype/128_grey_3
f  1391/1756/1  1392/1743/1  1393/1712/1  1394/1711/1
usemtl prototype/128_grey_3
f  1395/1731/2  1393/1712/2  1392/1743/2  1396/1754/2
usemtl prototype/128_honey_2
f  1396/1806/3  1392/1693/3  1391/1727/3  1397/1736/3
usemtl prototype/128_grey_3
f  1398/1731/4  1394/1712/4  1393/1692/4  1395/1807/4
usemtl prototype/128_grey_3
f  1397/1763/5  1391/1740/5  1394/1727/5  1398/1736/5
usemtl prototype/128_grey_3
f  1398/1711/6  1395/1727/6  1396/1740/6  1397/1756/6

o entity31_brush22
usemtl prototype/128_grey_3
f  1399/1743/1  1400/1754/1  1401/1731/1  1402/1712/1
usemtl prototype/128_grey_3
f  1403/1731/2  1401/1712/2  1400/1743/2  1404/1754/2
usemtl prototype/128_honey_2
f  1404/1760/3  1400/1696/3  1399/1693/3  1405/1806/3
usemtl prototype/128_grey_3
f  1406/1807/4  1402/1692/4  1401/1689/4  1403/1761/4
usemtl prototype/128_grey_3
f  1405/1763/5  1399/1740/5  1402/1727/5  1406/1736/5
usemtl prototype/128_honey_2
f  1406/1727/6  1403/1736/6  1404/1763/6  1405/1740/6

o entity31_brush23
usemtl prototype/128_grey_3
f  1407/1743/1  1408/1754/1  1409/1731/1  1410/1712/1
usemtl prototype/128_grey_3
f  1411/1712/2  1409/1711/2  1408/1756/2  1412/1743/2
usemtl prototype/128_honey_2
f  1412/1696/3  1408/1758/3  1407/1805/3  1413/1693/3
usemtl prototype/128_grey_3
f  1414/1692/4  1410/1805/4  1409/1758/4  1411/1689/4
usemtl prototype/128_grey_3
f  1413/1740/5  1407/1756/5  1410/1711/5  1414/1727/5
usemtl prototype/128_grey_3
f  1414/1727/6  1411/1736/6  1412/1763/6  1413/1740/6

o entity31_brush24
usemtl prototype/128_honey_2
f  1415/1754/1  1416/1755/1  1417/1808/1  1418/1731/1
usemtl prototype/128_honey_2
f  1419/1712/2  1417/1711/2  1416/1756/2  1420/1743/2
usemtl prototype/128_honey_2
f  1420/1752/3  1416/1757/3  1415/1758/3  1421/1696/3
usemtl prototype/128_grey_3
f  1422/1689/4  1418/1758/4  1417/1757/4  1419/1753/4
usemtl prototype/128_honey_2
f  1421/1740/5  1415/1756/5  1418/1711/5  1422/1727/5
usemtl prototype/128_honey_2
f  1422/1736/6  1419/1809/6  1420/1764/6  1421/1763/6

o entity31_brush25
usemtl prototype/128_honey_2
f  1423/1810/1  1424/1811/1  1425/1812/1  1426/606/1
usemtl prototype/128_honey_2
f  1427/194/2  1425/299/2  1424/1325/2  1428/461/2
usemtl prototype/blue_3
f  1428/1813/3  1424/1814/3  1423/1815/3  1429/1816/3
usemtl prototype/128_grey_3
f  1430/448/4  1426/300/4  1425/1754/4  1427/1755/4
usemtl prototype/128_honey_2
f  1429/472/5  1423/1320/5  1426/293/5  1430/182/5
usemtl prototype/128_honey_2
f  1430/641/6  1427/1817/6  1428/1818/6  1429/1819/6

o entity31_brush26
usemtl prototype/128_honey_2
f  1431/1740/1  1432/1820/1  1433/606/1  1434/235/1
usemtl prototype/blue_3
f  1435/182/2  1433/293/2  1432/1763/2  1436/1764/2
usemtl prototype/128_honey_2
f  1436/458/3  1432/292/3  1431/293/3  1437/182/3
usemtl prototype/128_grey_3
f  1438/194/4  1434/299/4  1433/300/4  1435/448/4
usemtl prototype/128_honey_2
f  1437/1764/5  1431/1763/5  1434/293/5  1438/182/5
usemtl prototype/128_honey_2
f  1438/298/6  1435/641/6  1436/1821/6  1437/1743/6

o entity31_brush27
usemtl prototype/128_honey_2
f  1439/83/1  1440/1754/1  1441/299/1  1442/1812/1
usemtl prototype/128_honey_2
f  1443/194/2  1441/299/2  1440/1754/2  1444/1755/2
usemtl prototype/128_honey_2
f  1444/1822/3  1440/1760/3  1439/1763/3  1445/1764/3
usemtl prototype/128_grey_3
f  1446/1755/4  1442/1754/4  1441/1761/4  1443/1823/4
usemtl prototype/blue_3
f  1445/1824/5  1439/1825/5  1442/1826/5  1446/1827/5
usemtl prototype/128_honey_2
f  1446/1817/6  1443/293/6  1444/1763/6  1445/24/6

o entity31_brush28
usemtl prototype/128_honey_2
f  1447/1739/1  1448/1740/1  1449/197/1  1450/136/1
usemtl prototype/128_honey_2
f  1451/291/2  1449/197/2  1448/1740/2  1452/1754/2
usemtl prototype/128_honey_2
f  1452/293/3  1448/298/3  1447/1723/3  1453/1828/3
usemtl prototype/128_grey_3
f  1454/1829/4  1450/1830/4  1449/235/4  1451/299/4
usemtl prototype/128_honey_2
f  1453/1763/5  1447/1743/5  1450/211/5  1454/286/5
usemtl prototype/128_honey_2
f  1454/149/6  1451/211/6  1452/1743/6  1453/1744/6

o entity31_brush29
usemtl prototype/128_honey_2
f  1455/1820/1  1456/83/1  1457/86/1  1458/1831/1
usemtl prototype/128_honey_2
f  1459/1808/2  1457/1731/2  1456/1754/2  1460/1755/2
usemtl prototype/128_honey_2
f  1460/1764/3  1456/1763/3  1455/292/3  1461/458/3
usemtl prototype/128_grey_3
f  1462/448/4  1458/300/4  1457/1754/4  1459/1755/4
usemtl prototype/128_honey_2
f  1461/1764/5  1455/1763/5  1458/1736/5  1462/1809/5
usemtl prototype/128_honey_2
f  1462/1832/6  1459/21/6  1460/24/6  1461/1821/6

o entity32_brush0
usemtl prototype/128_honey_2
f  1463/1833/68  1464/1834/68  1465/1835/68  1466/1836/68
usemtl prototype/16_grey_3
f  1467/1837/15  1465/1838/15  1464/1839/15  1468/1840/15
usemtl prototype/128_blue_3
f  1469/1841/3  1466/1842/3  1465/1843/3  1467/1844/3
usemtl prototype/128_grey_3
f  1468/1845/4  1464/1846/4  1463/1847/4  1470/1848/4
usemtl prototype/128_grey_3
f  1470/1849/16  1463/1850/16  1466/1851/16  1469/1852/16
usemtl prototype/128_honey_2
f  1468/1853/17  1470/1854/17  1469/1855/17  1467/1856/17

o entity32_brush1
usemtl prototype/128_grey_3
f  1471/1838/15  1472/1857/15  1473/1858/15  1474/1859/15
usemtl prototype/128_blue_3
f  1475/1842/3  1472/1705/3  1471/1843/3
usemtl prototype/128_grey_3
f  1474/1846/4  1473/1706/4  1476/1847/4
usemtl prototype/128_grey_3
f  1476/1860/16  1473/1861/16  1472/1862/16  1475/1851/16
usemtl prototype/128_honey_2
f  1474/1863/69  1476/1864/69  1475/1865/69  1471/1866/69

o entity32_brush2
usemtl prototype/128_grey_3
f  1477/1867/21  1478/1868/21  1479/1869/21  1480/1870/21
usemtl prototype/128_blue_3
f  1480/1705/3  1479/1871/3  1481/1872/3
usemtl prototype/128_grey_3
f  1482/1873/4  1478/1874/4  1477/1706/4
usemtl prototype/128_honey_2
f  1481/1875/70  1479/1876/70  1478/1877/70  1482/1878/70
usemtl prototype/128_grey_3
f  1477/1879/23  1480/1880/23  1481/1881/23  1482/1882/23

o entity32_brush3
usemtl prototype/128_honey_2
f  1483/1702/1  1484/1883/1  1485/1713/1  1486/1701/1
usemtl prototype/128_blue_3
f  1486/1705/3  1485/1712/3  1487/1871/3
usemtl prototype/128_grey_3
f  1488/1874/4  1484/1727/4  1483/1706/4
usemtl prototype/128_honey_2
f  1487/622/5  1485/271/5  1484/312/5  1488/1884/5
usemtl prototype/128_grey_3
f  1483/1885/7  1486/1886/7  1487/1887/7  1488/1888/7

o entity32_brush4
usemtl prototype/128_grey_3
f  1489/1889/8  1490/1890/8  1491/1891/8  1492/1892/8
usemtl prototype/128_blue_3
f  1492/1705/3  1491/1872/3  1493/1893/3
usemtl prototype/128_grey_3
f  1494/1894/4  1490/1873/4  1489/1706/4
usemtl prototype/128_honey_2
f  1493/1895/71  1491/1896/71  1490/1897/71  1494/1898/71
usemtl prototype/128_grey_3
f  1489/1899/10  1492/1900/10  1493/1901/10  1494/1902/10

o entity32_brush5
usemtl prototype/128_grey_3
f  1495/1903/18  1496/1904/18  1497/1905/18  1498/1906/18
usemtl prototype/128_blue_3
f  1499/1843/3  1496/1705/3  1495/1893/3
usemtl prototype/128_grey_3
f  1498/1894/4  1497/1706/4  1500/1846/4
usemtl prototype/128_grey_3
f  1500/1907/19  1497/1908/19  1496/1909/19  1499/1910/19
usemtl prototype/128_honey_2
f  1495/1911/20  1498/1912/20  1500/1913/20  1499/1914/20

o entity32_brush6
usemtl prototype/128_grey_3
f  1501/1915/14  1502/1916/14  1503/1917/14  1504/1918/14
usemtl prototype/128_honey_2
f  1505/1709/2  1503/607/2  1502/561/2  1506/1710/2
usemtl prototype/128_blue_3
f  1506/1919/3  1502/1705/3  1501/1920/3
usemtl prototype/128_grey_3
f  1504/1921/4  1503/1706/4  1505/1922/4
usemtl prototype/128_honey_2
f  1506/1710/6  1501/1923/6  1504/1924/6  1505/1709/6

o entity32_brush7
usemtl prototype/128_grey_3
f  1507/1925/11  1508/1926/11  1509/1927/11  1510/1928/11
usemtl prototype/128_blue_3
f  1511/1920/3  1508/1705/3  1507/1842/3
usemtl prototype/128_grey_3
f  1510/1847/4  1509/1706/4  1512/1921/4
usemtl prototype/128_grey_3
f  1512/1929/12  1509/1930/12  1508/1931/12  1511/1932/12
usemtl prototype/128_honey_2
f  1510/1933/72  1512/1934/72  1511/1935/72  1507/1936/72

o entity32_brush8
usemtl prototype/128_honey_2
f  1513/1937/73  1514/1938/73  1515/1939/73  1516/1940/73
usemtl prototype/128_grey_3
f  1517/1941/11  1515/1925/11  1514/1942/11  1518/1943/11
usemtl prototype/128_blue_3
f  1519/1944/3  1516/1920/3  1515/1842/3  1517/1841/3
usemtl prototype/128_grey_3
f  1518/1848/4  1514/1847/4  1513/1921/4  1520/1945/4
usemtl prototype/128_grey_3
f  1520/1946/12  1513/1947/12  1516/1932/12  1519/1948/12
usemtl prototype/128_honey_2
f  1518/1949/74  1520/1950/74  1519/1951/74  1517/1952/74

o entity32_brush9
usemtl prototype/128_grey_3
f  1521/1953/18  1522/1903/18  1523/1954/18  1524/1955/18
usemtl prototype/128_honey_2
f  1525/1956/52  1523/1957/52  1522/1958/52  1526/1959/52
usemtl prototype/128_blue_3
f  1527/1844/3  1526/1843/3  1522/1893/3  1521/1960/3
usemtl prototype/128_grey_3
f  1524/1961/4  1523/1894/4  1525/1846/4  1528/1845/4
usemtl prototype/128_grey_3
f  1528/1962/19  1525/1963/19  1526/1910/19  1527/1964/19
usemtl prototype/128_honey_2
f  1521/1965/20  1524/1966/20  1528/1967/20  1527/1968/20

o entity32_brush10
usemtl prototype/16_grey_3
f  1529/1969/8  1530/1891/8  1531/1970/8  1532/1971/8
usemtl prototype/128_honey_2
f  1533/1972/75  1531/1973/75  1530/1974/75  1534/1975/75
usemtl prototype/128_blue_3
f  1534/1893/3  1530/1872/3  1529/1976/3  1535/1960/3
usemtl prototype/128_grey_3
f  1536/1961/4  1532/1977/4  1531/1873/4  1533/1894/4
usemtl prototype/128_honey_2
f  1535/1978/76  1529/1979/76  1532/1980/76  1536/1981/76
usemtl prototype/128_grey_3
f  1536/1982/10  1533/1983/10  1534/1901/10  1535/1984/10

o entity32_brush11
usemtl prototype/128_grey_3
f  1537/1985/21  1538/1869/21  1539/1986/21  1540/1987/21
usemtl prototype/128_honey_2
f  1541/1988/77  1539/1989/77  1538/1990/77  1542/1991/77
usemtl prototype/128_blue_3
f  1542/1872/3  1538/1871/3  1537/577/3  1543/1976/3
usemtl prototype/128_grey_3
f  1544/1977/4  1540/550/4  1539/1874/4  1541/1873/4
usemtl prototype/128_honey_2
f  1543/1992/22  1537/1993/22  1540/1994/22  1544/1995/22
usemtl prototype/128_grey_3
f  1544/1996/23  1541/1997/23  1542/1881/23  1543/1998/23

o entity32_brush12
usemtl prototype/16_grey_3
f  1545/1999/36  1546/2000/36  1547/2001/36  1548/2002/36
usemtl prototype/128_honey_2
f  1549/2003/2  1547/2004/2  1546/2005/2  1550/658/2
usemtl prototype/128_blue_3
f  1550/1871/3  1546/2006/3  1545/2007/3  1551/577/3
usemtl prototype/128_grey_3
f  1552/550/4  1548/2008/4  1547/2009/4  1549/1874/4
usemtl prototype/128_honey_2
f  1551/621/5  1545/2010/5  1548/2011/5  1552/2012/5
usemtl prototype/128_grey_3
f  1552/2013/7  1549/2014/7  1550/1887/7  1551/2015/7

o entity33_brush0
usemtl prototype/128_grey_3
f  1553/2016/39  1554/2017/39  1555/2018/39  1556/2019/39
usemtl prototype/128_honey_2
f  1557/2020/78  1555/2021/78  1554/2022/78  1558/2023/78
usemtl prototype/128_blue_3
f  1559/2006/3  1556/2024/3  1555/2025/3  1557/2007/3
usemtl prototype/128_grey_3
f  1558/2008/4  1554/2026/4  1553/2027/4  1560/2009/4
usemtl prototype/128_honey_2
f  1560/2028/79  1553/2029/79  1556/2030/79  1559/2031/79
usemtl prototype/128_grey_3
f  1558/2032/35  1560/2033/35  1559/2034/35  1557/2035/35

o entity33_brush1
usemtl prototype/16_grey_3
f  1561/2036/32  1562/2037/32  1563/2038/32  1564/2039/32
usemtl prototype/128_honey_2
f  1565/2040/80  1563/2041/80  1562/2042/80  1566/2043/80
usemtl prototype/128_blue_3
f  1567/2024/3  1564/2044/3  1563/2045/3  1565/2025/3
usemtl prototype/128_grey_3
f  1566/2026/4  1562/2046/4  1561/2047/4  1568/2027/4
usemtl prototype/128_honey_2
f  1568/2048/81  1561/2049/81  1564/2050/81  1567/2051/81
usemtl prototype/128_grey_3
f  1566/2052/38  1568/2053/38  1567/2054/38  1565/2055/38

o entity33_brush2
usemtl prototype/128_honey_2
f  1569/2056/82  1570/2057/82  1571/2058/82  1572/2059/82
usemtl prototype/128_grey_3
f  1573/2060/48  1571/2061/48  1570/2062/48  1574/2063/48
usemtl prototype/128_blue_3
f  1574/2064/3  1570/2065/3  1569/2066/3  1575/2067/3
usemtl prototype/128_grey_3
f  1576/2068/4  1572/2069/4  1571/2070/4  1573/2071/4
usemtl prototype/128_grey_3
f  1575/2072/43  1569/2073/43  1572/2074/43  1576/2075/43
usemtl prototype/128_honey_2
f  1576/2076/83  1573/2077/83  1574/2078/83  1575/2079/83

o entity33_brush3
usemtl prototype/128_honey_2
f  1577/2080/57  1578/2081/57  1579/2082/57  1580/2083/57
usemtl prototype/128_grey_3
f  1581/2084/45  1579/2085/45  1578/2086/45  1582/2087/45
usemtl prototype/128_blue_3
f  1582/1705/3  1578/2067/3  1577/2088/3
usemtl prototype/128_grey_3
f  1580/2089/4  1579/2068/4  1581/1706/4
usemtl prototype/128_grey_3
f  1582/2090/33  1577/2091/33  1580/2092/33  1581/2093/33

o entity33_brush4
usemtl prototype/128_grey_3
f  1583/2094/39  1584/2095/39  1585/2019/39  1586/2096/39
usemtl prototype/128_honey_2
f  1587/2097/84  1585/2098/84  1584/2099/84  1588/2100/84
usemtl prototype/128_blue_3
f  1586/1705/3  1585/2024/3  1587/2006/3
usemtl prototype/128_grey_3
f  1588/2009/4  1584/2027/4  1583/1706/4
usemtl prototype/128_grey_3
f  1583/2101/35  1586/2102/35  1587/2034/35  1588/2103/35

o entity33_brush5
usemtl prototype/128_grey_3
f  1589/2104/36  1590/2105/36  1591/2000/36  1592/2106/36
usemtl prototype/128_blue_3
f  1592/1705/3  1591/2006/3  1593/1712/3
usemtl prototype/128_grey_3
f  1594/1727/4  1590/2009/4  1589/1706/4
usemtl prototype/128_honey_2
f  1593/271/5  1591/2107/5  1590/2108/5  1594/312/5
usemtl prototype/128_honey_2
f  1589/1709/6  1592/1710/6  1593/1713/6  1594/1883/6

o entity33_brush6
usemtl prototype/128_grey_3
f  1595/2109/32  1596/2110/32  1597/2039/32  1598/2111/32
usemtl prototype/128_honey_2
f  1599/2112/85  1597/2113/85  1596/2114/85  1600/2115/85
usemtl prototype/128_blue_3
f  1598/1705/3  1597/2044/3  1599/2024/3
usemtl prototype/128_grey_3
f  1600/2027/4  1596/2047/4  1595/1706/4
usemtl prototype/128_grey_3
f  1595/2116/38  1598/2117/38  1599/2054/38  1600/2118/38

o entity33_brush7
usemtl prototype/128_honey_2
f  1601/2119/54  1602/2120/54  1603/2121/54  1604/2122/54
usemtl prototype/128_grey_3
f  1605/2123/42  1603/2124/42  1602/2125/42  1606/2126/42
usemtl prototype/128_blue_3
f  1606/1705/3  1602/2088/3  1601/2044/3
usemtl prototype/128_grey_3
f  1604/2047/4  1603/2089/4  1605/1706/4
usemtl prototype/128_grey_3
f  1606/2127/41  1601/2128/41  1604/2129/41  1605/2130/41

o entity33_brush8
usemtl prototype/128_honey_2
f  1607/2131/1  1608/1701/1  1609/1702/1  1610/2132/1
usemtl prototype/128_honey_2
f  1611/607/2  1609/408/2  1608/2133/2  1612/561/2
usemtl prototype/128_blue_3
f  1612/1705/3  1608/2134/3  1607/2064/3
usemtl prototype/128_grey_3
f  1610/2071/4  1609/2135/4  1611/1706/4
usemtl prototype/128_grey_3
f  1612/2136/46  1607/2137/46  1610/2138/46  1611/2139/46

o entity33_brush9
usemtl prototype/128_honey_2
f  1613/2140/86  1614/2141/86  1615/2142/86  1616/2143/86
usemtl prototype/128_grey_3
f  1617/2144/48  1615/2145/48  1614/2063/48  1618/2146/48
usemtl prototype/128_blue_3
f  1618/1705/3  1614/2064/3  1613/2067/3
usemtl prototype/128_grey_3
f  1616/2068/4  1615/2071/4  1617/1706/4
usemtl prototype/128_grey_3
f  1618/2147/43  1613/2072/43  1616/2148/43  1617/2149/43

o entity33_brush10
usemtl prototype/128_honey_2
f  1619/2150/1  1620/1701/1  1621/2151/1  1622/2152/1
usemtl prototype/16_grey_3
f  1623/2153/2  1621/2154/2  1620/1703/2  1624/2133/2
usemtl prototype/128_blue_3
f  1624/2134/3  1620/1704/3  1619/2065/3  1625/2064/3
usemtl prototype/128_grey_3
f  1626/2071/4  1622/2070/4  1621/1707/4  1623/2135/4
usemtl prototype/128_grey_3
f  1625/2137/46  1619/2155/46  1622/2156/46  1626/2157/46
usemtl prototype/128_honey_2
f  1626/2158/6  1623/2159/6  1624/1710/6  1625/1923/6

o entity33_brush11
usemtl prototype/128_honey_2
f  1627/2160/57  1628/2161/57  1629/2162/57  1630/2163/57
usemtl prototype/16_grey_3
f  1631/2164/45  1629/2165/45  1628/2166/45  1632/2086/45
usemtl prototype/128_blue_3
f  1632/2067/3  1628/2066/3  1627/2167/3  1633/2088/3
usemtl prototype/128_grey_3
f  1634/2089/4  1630/2168/4  1629/2069/4  1631/2068/4
usemtl prototype/128_grey_3
f  1633/2091/33  1627/2169/33  1630/2170/33  1634/2171/33
usemtl prototype/128_honey_2
f  1634/2172/44  1631/2173/44  1632/2174/44  1633/2175/44

o entity33_brush12
usemtl prototype/128_honey_2
f  1635/2176/54  1636/2177/54  1637/2178/54  1638/2179/54
usemtl prototype/128_grey_3
f  1639/2180/42  1637/2181/42  1636/2182/42  1640/2125/42
usemtl prototype/128_blue_3
f  1641/2044/3  1640/2088/3  1636/2167/3  1635/2045/3
usemtl prototype/128_grey_3
f  1638/2046/4  1637/2168/4  1639/2089/4  1642/2047/4
usemtl prototype/128_honey_2
f  1642/2183/34  1639/2184/34  1640/2185/34  1641/2186/34
usemtl prototype/128_grey_3
f  1635/2187/41  1638/2188/41  1642/2189/41  1641/2128/41

o entity34_brush0
usemtl prototype/128_honey_2
f  1643/2190/1  1644/2131/1  1645/2191/1  1646/2192/1
usemtl prototype/128_grey_3
f  1647/2193/48  1646/2194/48  1645/2195/48  1648/2196/48
usemtl prototype/16_grey_3
f  1649/2197/14  1644/1915/14  1643/2198/14  1650/2199/14
usemtl prototype/128_blue_3
f  1648/2200/3  1645/2201/3  1644/1920/3  1649/1944/3
usemtl prototype/128_grey_3
f  1650/1945/4  1643/1921/4  1646/2202/4  1647/2203/4
usemtl prototype/128_honey_2
f  1647/2204/6  1648/2205/6  1649/2206/6  1650/2207/6

o entity34_brush1
usemtl prototype/128_honey_2
f  1651/2208/87  1652/2209/87  1653/2210/87  1654/2211/87
usemtl prototype/128_grey_3
f  1655/2212/42  1653/2213/42  1652/2214/42  1656/2215/42
usemtl prototype/128_blue_3
f  1656/2216/3  1652/2217/3  1651/2218/3  1657/2219/3
usemtl prototype/128_grey_3
f  1658/2220/4  1654/2221/4  1653/2222/4  1655/2223/4
usemtl prototype/16_grey_3
f  1657/2224/43  1651/2225/43  1654/2226/43  1658/2227/43
usemtl prototype/128_honey_2
f  1658/2228/44  1655/2229/44  1656/2230/44  1657/2231/44

o entity34_brush2
usemtl prototype/128_grey_3
f  1659/2232/42  1660/2123/42  1661/2126/42  1662/2214/42
usemtl prototype/128_blue_3
f  1662/2217/3  1661/1705/3  1663/2218/3
usemtl prototype/128_grey_3
f  1664/2221/4  1660/1706/4  1659/2222/4
usemtl prototype/128_grey_3
f  1663/2225/43  1661/2147/43  1660/2149/43  1664/2233/43
usemtl prototype/128_honey_2
f  1659/2234/88  1662/2235/88  1663/2236/88  1664/2237/88

o entity34_brush3
usemtl prototype/128_grey_3
f  1665/2106/36  1666/2238/36  1667/2239/36  1668/2104/36
usemtl prototype/128_blue_3
f  1669/2240/3  1666/2241/3  1665/1705/3
usemtl prototype/128_grey_3
f  1668/1706/4  1667/2242/4  1670/2243/4
usemtl prototype/128_honey_2
f  1670/2244/89  1667/2245/89  1666/2246/89  1669/2247/89
usemtl prototype/128_grey_3
f  1665/2117/38  1668/2116/38  1670/2248/38  1669/2249/38

o entity34_brush4
usemtl prototype/128_honey_2
f  1671/1701/1  1672/271/1  1673/312/1  1674/1702/1
usemtl prototype/128_honey_2
f  1675/2250/2  1673/607/2  1672/561/2  1676/658/2
usemtl prototype/128_blue_3
f  1676/2241/3  1672/1692/3  1671/1705/3
usemtl prototype/128_grey_3
f  1674/1706/4  1673/1693/4  1675/2242/4
usemtl prototype/128_grey_3
f  1676/2251/35  1671/2102/35  1674/2101/35  1675/2252/35

o entity34_brush5
usemtl prototype/128_grey_3
f  1677/2096/39  1678/2253/39  1679/2254/39  1680/2094/39
usemtl prototype/128_blue_3
f  1681/2255/3  1678/2240/3  1677/1705/3
usemtl prototype/128_grey_3
f  1680/1706/4  1679/2243/4  1682/2256/4
usemtl prototype/128_honey_2
f  1682/2257/90  1679/2258/90  1678/2259/90  1681/2260/90
usemtl prototype/128_grey_3
f  1677/2127/41  1680/2130/41  1682/2261/41  1681/2262/41

o entity34_brush6
usemtl prototype/128_grey_3
f  1683/2263/32  1684/2109/32  1685/2111/32  1686/2264/32
usemtl prototype/128_blue_3
f  1686/2255/3  1685/1705/3  1687/2217/3
usemtl prototype/128_grey_3
f  1688/2222/4  1684/1706/4  1683/2256/4
usemtl prototype/128_grey_3
f  1687/2265/33  1685/2090/33  1684/2093/33  1688/2266/33
usemtl prototype/128_honey_2
f  1683/2267/34  1686/2185/34  1687/2186/34  1688/2268/34

o entity34_brush7
usemtl prototype/128_grey_3
f  1689/2269/48  1690/2144/48  1691/2146/48  1692/2195/48
usemtl prototype/128_blue_3
f  1692/2201/3  1691/1705/3  1693/1919/3
usemtl prototype/128_grey_3
f  1694/1922/4  1690/1706/4  1689/2202/4
usemtl prototype/128_honey_2
f  1693/1701/5  1691/271/5  1690/312/5  1694/1702/5
usemtl prototype/128_honey_2
f  1689/2270/6  1692/2271/6  1693/1710/6  1694/1709/6

o entity34_brush8
usemtl prototype/128_grey_3
f  1695/2272/45  1696/2084/45  1697/2087/45  1698/2273/45
usemtl prototype/128_blue_3
f  1698/2218/3  1697/1705/3  1699/2201/3
usemtl prototype/128_grey_3
f  1700/2202/4  1696/1706/4  1695/2221/4
usemtl prototype/128_grey_3
f  1699/2274/46  1697/2136/46  1696/2139/46  1700/2275/46
usemtl prototype/128_honey_2
f  1695/2276/91  1698/2277/91  1699/2278/91  1700/2279/91

o entity34_brush9
usemtl prototype/128_honey_2
f  1701/2280/92  1702/2281/92  1703/2282/92  1704/2283/92
usemtl prototype/128_grey_3
f  1705/2284/45  1703/2285/45  1702/2273/45  1706/2286/45
usemtl prototype/128_blue_3
f  1706/2219/3  1702/2218/3  1701/2201/3  1707/2200/3
usemtl prototype/128_grey_3
f  1708/2203/4  1704/2202/4  1703/2221/4  1705/2220/4
usemtl prototype/128_grey_3
f  1707/2287/46  1701/2274/46  1704/2288/46  1708/2289/46
usemtl prototype/128_honey_2
f  1708/2290/93  1705/2291/93  1706/2292/93  1707/2293/93

o entity34_brush10
usemtl prototype/128_grey_3
f  1709/2294/32  1710/2295/32  1711/2264/32  1712/2296/32
usemtl prototype/128_honey_2
f  1713/2119/54  1711/2120/54  1710/2297/54  1714/2298/54
usemtl prototype/128_blue_3
f  1712/2299/3  1711/2255/3  1713/2217/3  1715/2216/3
usemtl prototype/128_grey_3
f  1716/2223/4  1714/2222/4  1710/2256/4  1709/2300/4
usemtl prototype/128_grey_3
f  1715/2301/33  1713/2265/33  1714/2302/33  1716/2303/33
usemtl prototype/128_honey_2
f  1716/2304/34  1709/2305/34  1712/2306/34  1715/2307/34

o entity34_brush11
usemtl prototype/128_grey_3
f  1717/2308/39  1718/2309/39  1719/2253/39  1720/2310/39
usemtl prototype/128_honey_2
f  1721/2311/94  1719/2312/94  1718/2313/94  1722/2314/94
usemtl prototype/128_blue_3
f  1723/2299/3  1720/2315/3  1719/2240/3  1721/2255/3
usemtl prototype/128_grey_3
f  1722/2256/4  1718/2243/4  1717/2316/4  1724/2300/4
usemtl prototype/128_honey_2
f  1724/2317/95  1717/2318/95  1720/2319/95  1723/2320/95
usemtl prototype/16_grey_3
f  1722/2321/41  1724/2322/41  1723/2323/41  1721/2262/41

o entity34_brush12
usemtl prototype/128_grey_3
f  1725/2324/36  1726/2325/36  1727/2238/36  1728/2326/36
usemtl prototype/128_honey_2
f  1729/2327/96  1727/2328/96  1726/2329/96  1730/2330/96
usemtl prototype/128_blue_3
f  1731/2315/3  1728/2331/3  1727/2241/3  1729/2240/3
usemtl prototype/128_grey_3
f  1730/2243/4  1726/2242/4  1725/2332/4  1732/2316/4
usemtl prototype/128_honey_2
f  1732/2333/37  1725/2334/37  1728/2335/37  1731/2336/37
usemtl prototype/128_grey_3
f  1730/2337/38  1732/2338/38  1731/2339/38  1729/2249/38

o entity34_brush13
usemtl prototype/128_honey_2
f  1733/271/1  1734/272/1  1735/1683/1  1736/1684/1
usemtl prototype/128_honey_2
f  1737/2340/2  1735/1685/2  1734/561/2  1738/657/2
usemtl prototype/128_blue_3
f  1738/2331/3  1734/1689/3  1733/1692/3  1739/2241/3
usemtl prototype/128_grey_3
f  1740/2242/4  1736/1693/4  1735/1696/4  1737/2332/4
usemtl prototype/128_honey_2
f  1739/622/5  1733/271/5  1736/1684/5  1740/2341/5
usemtl prototype/128_grey_3
f  1740/2342/35  1737/2343/35  1738/2344/35  1739/2251/35

o entity36_brush0
usemtl prototype/128_honey_2
f  1741/2345/50  1742/2346/50  1743/2347/50  1744/2348/50
usemtl prototype/128_grey_3
f  1745/2349/14  1743/2350/14  1742/2351/14  1746/2352/14
usemtl prototype/128_honey_2
f  1744/2353/3  1743/2354/3  1745/1689/3
usemtl prototype/128_grey_3
f  1746/1696/4  1742/2355/4  1741/2356/4
usemtl prototype/128_grey_3
f  1741/2357/16  1744/2358/16  1745/2359/16  1746/2360/16

o entity36_brush1
usemtl prototype/128_grey_3
f  1747/2361/21  1748/2362/21  1749/2363/21  1750/2364/21
usemtl prototype/128_honey_2
f  1751/607/2  1749/2365/2  1748/2366/2  1752/1740/2
usemtl prototype/128_honey_2
f  1752/1753/3  1748/2367/3  1747/1689/3
usemtl prototype/128_grey_3
f  1750/1696/4  1749/2368/4  1751/1752/4
usemtl prototype/128_honey_2
f  1752/1764/6  1747/1763/6  1750/387/6  1751/2369/6

o entity36_brush2
usemtl prototype/128_grey_3
f  1753/2370/18  1754/2371/18  1755/2372/18  1756/2373/18
usemtl prototype/128_honey_2
f  1757/2374/51  1755/2375/51  1754/2376/51  1758/2377/51
usemtl prototype/128_honey_2
f  1758/2378/3  1754/2379/3  1753/1689/3
usemtl prototype/128_grey_3
f  1756/1696/4  1755/2380/4  1757/2381/4
usemtl prototype/128_grey_3
f  1758/2382/23  1753/2383/23  1756/2384/23  1757/2385/23

o entity36_brush3
usemtl prototype/128_honey_2
f  1759/2386/1  1760/313/1  1761/1754/1  1762/2387/1
usemtl prototype/128_honey_2
f  1762/2354/3  1761/1690/3  1763/1689/3
usemtl prototype/128_grey_3
f  1764/1696/4  1760/1695/4  1759/2355/4
usemtl prototype/128_grey_3
f  1763/1743/5  1761/1744/5  1760/340/5  1764/312/5
usemtl prototype/128_grey_3
f  1759/2388/12  1762/2389/12  1763/2390/12  1764/2391/12

o entity36_brush4
usemtl prototype/128_honey_2
f  1765/2392/97  1766/2393/97  1767/2394/97  1768/2395/97
usemtl prototype/128_grey_3
f  1769/2396/11  1767/2397/11  1766/2398/11  1770/2399/11
usemtl prototype/128_honey_2
f  1768/2400/3  1767/2353/3  1769/1689/3
usemtl prototype/128_grey_3
f  1770/1696/4  1766/2356/4  1765/2401/4
usemtl prototype/128_grey_3
f  1765/2402/19  1768/2403/19  1769/2404/19  1770/2405/19

o entity36_brush5
usemtl prototype/128_honey_2
f  1771/2406/52  1772/2407/52  1773/2408/52  1774/2409/52
usemtl prototype/128_grey_3
f  1775/2410/15  1773/2411/15  1772/2412/15  1776/2413/15
usemtl prototype/128_honey_2
f  1774/2379/3  1773/2400/3  1775/1689/3
usemtl prototype/128_grey_3
f  1776/1696/4  1772/2401/4  1771/2380/4
usemtl prototype/128_grey_3
f  1771/2414/10  1774/2415/10  1775/2416/10  1776/2417/10

o entity36_brush6
usemtl prototype/128_grey_3
f  1777/2418/8  1778/2419/8  1779/2420/8  1780/2421/8
usemtl prototype/128_honey_2
f  1781/2422/98  1779/2423/98  1778/2424/98  1782/2425/98
usemtl prototype/128_honey_2
f  1782/2367/3  1778/2378/3  1777/1689/3
usemtl prototype/128_grey_3
f  1780/1696/4  1779/2381/4  1781/2368/4
usemtl prototype/128_grey_3
f  1782/2426/7  1777/2427/7  1780/2428/7  1781/2429/7

o entity37_brush0
usemtl prototype/128_grey_3
f  1783/272/1  1784/1679/1  1785/2430/1  1786/388/1
usemtl prototype/128_honey_2
f  1787/2431/2  1785/2432/2  1784/1710/2  1788/1728/2
usemtl prototype/128_grey_3
f  1788/1803/3  1784/2433/3  1783/2434/3  1789/2435/3
usemtl prototype/128_grey_3
f  1790/2436/4  1786/2437/4  1785/2438/4  1787/1804/4
usemtl prototype/128_honey_2
f  1789/1729/5  1783/1701/5  1786/2439/5  1790/2440/5
usemtl prototype/16_grey_3
f  1790/386/6  1787/2441/6  1788/1677/6  1789/891/6

o entity37_brush1
usemtl prototype/128_grey_3
f  1791/272/1  1792/1679/1  1793/1661/1  1794/2442/1
usemtl prototype/128_honey_2
f  1795/2443/2  1793/2444/2  1792/1728/2  1796/1713/2
usemtl prototype/128_grey_3
f  1796/1757/3  1792/1803/3  1791/2435/3  1797/1758/3
usemtl prototype/128_grey_3
f  1798/1758/4  1794/2436/4  1793/1804/4  1795/1757/4
usemtl prototype/128_honey_2
f  1797/1713/5  1791/1729/5  1794/2445/5  1798/2443/5
usemtl prototype/16_grey_3
f  1798/2446/6  1795/1672/6  1796/1677/6  1797/891/6

o entity37_brush2
usemtl prototype/128_grey_3
f  1799/272/1  1800/1679/1  1801/2447/1  1802/2448/1
usemtl prototype/128_honey_2
f  1803/2449/2  1801/2450/2  1800/562/2  1804/1710/2
usemtl prototype/128_grey_3
f  1804/2433/3  1800/2451/3  1799/2452/3  1805/2434/3
usemtl prototype/128_grey_3
f  1806/2437/4  1802/2453/4  1801/2454/4  1803/2438/4
usemtl prototype/128_honey_2
f  1805/1701/5  1799/598/5  1802/2455/5  1806/2456/5
usemtl prototype/16_grey_3
f  1806/2457/6  1803/2458/6  1804/1677/6  1805/891/6

o entity37_brush3
usemtl prototype/128_grey_3
f  1807/272/1  1808/1679/1  1809/2459/1  1810/313/1
usemtl prototype/128_honey_2
f  1811/323/2  1809/607/2  1808/561/2  1812/562/2
usemtl prototype/128_grey_3
f  1812/2451/3  1808/1753/3  1807/1689/3  1813/2452/3
usemtl prototype/128_grey_3
f  1814/2453/4  1810/1696/4  1809/1752/4  1811/2454/4
usemtl prototype/128_honey_2
f  1813/598/5  1807/271/5  1810/312/5  1814/646/5
usemtl prototype/16_grey_3
f  1814/387/6  1811/2369/6  1812/1677/6  1813/891/6

o entity38_brush0
usemtl prototype/128_grey_3
f  1815/299/1  1816/194/1  1817/2460/1  1818/521/1
usemtl prototype/128_honey_2
f  1819/2461/2  1817/2462/2  1816/1103/2  1820/943/2
usemtl prototype/128_grey_3
f  1820/2463/3  1816/1770/3  1815/2464/3  1821/2465/3
usemtl prototype/128_grey_3
f  1822/2466/4  1818/2467/4  1817/1771/4  1819/2468/4
usemtl prototype/128_honey_2
f  1821/234/5  1815/1108/5  1818/2469/5  1822/2470/5
usemtl prototype/16_grey_3
f  1822/530/6  1819/2471/6  1820/182/6  1821/293/6

o entity38_brush1
usemtl prototype/128_grey_3
f  1823/299/1  1824/194/1  1825/2472/1  1826/495/1
usemtl prototype/128_honey_2
f  1827/495/2  1825/2473/2  1824/2474/2  1828/299/2
usemtl prototype/128_grey_3
f  1828/1759/3  1824/2475/3  1823/2476/3  1829/1760/3
usemtl prototype/128_grey_3
f  1830/1761/4  1826/2477/4  1825/2478/4  1827/1762/4
usemtl prototype/128_honey_2
f  1829/293/5  1823/2479/5  1826/2480/5  1830/507/5
usemtl prototype/16_grey_3
f  1830/507/6  1827/2481/6  1828/182/6  1829/293/6

o entity38_brush2
usemtl prototype/128_grey_3
f  1831/299/1  1832/194/1  1833/2482/1  1834/510/1
usemtl prototype/128_honey_2
f  1835/2483/2  1833/2484/2  1832/943/2  1836/2474/2
usemtl prototype/128_grey_3
f  1836/2475/3  1832/2463/3  1831/2465/3  1837/2476/3
usemtl prototype/128_grey_3
f  1838/2477/4  1834/2466/4  1833/2468/4  1835/2478/4
usemtl prototype/128_honey_2
f  1837/2479/5  1831/234/5  1834/2485/5  1838/2486/5
usemtl prototype/16_grey_3
f  1838/518/6  1835/2487/6  1836/182/6  1837/293/6

o entity38_brush3
usemtl prototype/128_grey_3
f  1839/299/1  1840/194/1  1841/1679/1  1842/272/1
usemtl prototype/128_honey_2
f  1843/1732/2  1841/271/2  1840/298/2  1844/1103/2
usemtl prototype/128_grey_3
f  1844/1770/3  1840/1752/3  1839/1696/3  1845/2464/3
usemtl prototype/128_grey_3
f  1846/2467/4  1842/1689/4  1841/1753/4  1843/1771/4
usemtl prototype/128_honey_2
f  1845/1108/5  1839/235/5  1842/561/5  1846/1735/5
usemtl prototype/16_grey_3
f  1846/891/6  1843/1677/6  1844/182/6  1845/293/6

o entity39_brush0
usemtl prototype/128_grey_3
f  1847/2488/36  1848/2489/36  1849/2490/36  1850/2491/36
usemtl prototype/128_honey_2
f  1851/2492/3  1848/2493/3  1847/1760/3
usemtl prototype/128_grey_3
f  1850/1761/4  1849/2494/4  1852/2495/4
usemtl prototype/128_honey_2
f  1852/2496/37  1849/2497/37  1848/2498/37  1851/2499/37
usemtl prototype/128_grey_3
f  1847/2500/38  1850/2501/38  1852/2502/38  1851/2503/38

o entity39_brush1
usemtl prototype/128_honey_2
f  1853/1754/1  1854/1755/1  1855/194/1  1856/299/1
usemtl prototype/128_honey_2
f  1857/2504/2  1855/299/2  1854/1754/2  1858/2387/2
usemtl prototype/128_honey_2
f  1858/2493/3  1854/1759/3  1853/1760/3
usemtl prototype/128_grey_3
f  1856/1761/4  1855/1762/4  1857/2494/4
usemtl prototype/128_grey_3
f  1858/2505/35  1853/2506/35  1856/2507/35  1857/2508/35

o entity39_brush2
usemtl prototype/128_grey_3
f  1859/2509/39  1860/2510/39  1861/2511/39  1862/2512/39
usemtl prototype/128_honey_2
f  1863/2513/3  1860/2492/3  1859/1760/3
usemtl prototype/128_grey_3
f  1862/1761/4  1861/2495/4  1864/2514/4
usemtl prototype/128_honey_2
f  1864/2515/99  1861/2516/99  1860/2517/99  1863/2518/99
usemtl prototype/128_grey_3
f  1859/2519/41  1862/2520/41  1864/2521/41  1863/2522/41

o entity39_brush3
usemtl prototype/128_grey_3
f  1865/2511/45  1866/2512/45  1867/2509/45  1868/2510/45
usemtl prototype/128_honey_2
f  1868/2523/3  1867/1760/3  1869/2524/3
usemtl prototype/128_grey_3
f  1870/2525/4  1866/1761/4  1865/2526/4
usemtl prototype/128_grey_3
f  1869/2505/46  1867/2506/46  1866/2507/46  1870/2508/46
usemtl prototype/128_honey_2
f  1865/2527/47  1868/2528/47  1869/2529/47  1870/2530/47

o entity39_brush4
usemtl prototype/128_grey_3
f  1871/2490/48  1872/2491/48  1873/2488/48  1874/2489/48
usemtl prototype/128_honey_2
f  1874/2524/3  1873/1760/3  1875/1822/3
usemtl prototype/128_grey_3
f  1876/1823/4  1872/1761/4  1871/2525/4
usemtl prototype/128_grey_3
f  1875/1764/5  1873/1763/5  1872/293/5  1876/182/5
usemtl prototype/128_honey_2
f  1871/2531/6  1874/2532/6  1875/1763/6  1876/293/6

o entity39_brush5
usemtl prototype/128_grey_3
f  1877/2533/42  1878/2534/42  1879/2535/42  1880/2536/42
usemtl prototype/128_honey_2
f  1880/2537/3  1879/1760/3  1881/2523/3
usemtl prototype/128_grey_3
f  1882/2526/4  1878/1761/4  1877/2538/4
usemtl prototype/128_grey_3
f  1881/2503/43  1879/2500/43  1878/2501/43  1882/2502/43
usemtl prototype/128_honey_2
f  1877/2539/100  1880/2540/100  1881/2541/100  1882/2542/100

o entity39_brush6
usemtl prototype/128_grey_3
f  1883/2533/32  1884/2534/32  1885/2535/32  1886/2536/32
usemtl prototype/128_honey_2
f  1886/2513/3  1885/1760/3  1887/2537/3
usemtl prototype/128_grey_3
f  1888/2538/4  1884/1761/4  1883/2514/4
usemtl prototype/128_grey_3
f  1887/2522/33  1885/2519/33  1884/2520/33  1888/2521/33
usemtl prototype/128_honey_2
f  1883/2543/34  1886/2544/34  1887/2545/34  1888/2546/34

o entity40_brush0
usemtl prototype/16_grey_3
f  1889/2460/1  1890/2547/1  1891/107/1  1892/1679/1
usemtl prototype/16_grey_3
f  1893/271/2  1891/1713/2  1890/2548/2  1894/520/2
usemtl prototype/16_grey_3
f  1894/1769/3  1890/1797/3  1889/1757/3  1895/1752/3
usemtl prototype/16_grey_3
f  1896/1753/4  1892/1757/4  1891/1797/4  1893/1772/4
usemtl prototype/16_grey_3
f  1895/531/5  1889/2548/5  1892/1713/5  1896/561/5
usemtl prototype/16_grey_3
f  1896/1677/6  1893/110/6  1894/2549/6  1895/2471/6

o entity40_brush1
usemtl prototype/16_honey_3
f  1897/2550/1  1898/2551/1  1899/2552/1  1900/2553/1
usemtl prototype/16_honey_3
f  1901/2554/2  1899/2555/2  1898/2556/2  1902/2557/2
usemtl prototype/16_honey_3
f  1902/2558/3  1898/2559/3  1897/2560/3  1903/2561/3
usemtl prototype/16_honey_3
f  1904/2562/4  1900/2563/4  1899/2564/4  1901/2565/4
usemtl prototype/16_honey_3
f  1903/2566/5  1897/2567/5  1900/2568/5  1904/2569/5
usemtl prototype/16_honey_3
f  1904/2570/6  1901/2571/6  1902/2572/6  1903/2573/6

o entity41_brush0
usemtl prototype/16_blue_3
f  1905/2574/1  1906/2575/1  1907/2576/1  1908/889/1
usemtl prototype/blue_3
f  1909/2577/2  1907/180/2  1906/85/2  1910/1832/2
usemtl prototype/blue_3
f  1910/2578/3  1906/2579/3  1905/2580/3  1911/2581/3
usemtl prototype/blue_3
f  1912/2582/4  1908/2583/4  1907/2584/4  1909/2585/4
usemtl prototype/blue_3
f  1911/1831/5  1905/2586/5  1908/154/5  1912/324/5
usemtl prototype/blue_3
f  1912/889/6  1909/2576/6  1910/2575/6  1911/2574/6

o entity41_brush1
usemtl prototype/16_blue_3
f  1913/2587/1  1914/2588/1  1915/2589/1  1916/2590/1
usemtl prototype/blue_3
f  1917/593/28  1915/252/28  1914/210/28  1918/594/28
usemtl prototype/blue_3
f  1918/2591/3  1914/2592/3  1913/2593/3  1919/2594/3
usemtl prototype/blue_3
f  1920/2582/4  1916/2583/4  1915/2584/4  1917/2585/4
usemtl prototype/16_blue_3
f  1919/594/29  1913/210/29  1916/252/29  1920/593/29
usemtl prototype/blue_3
f  1920/2590/6  1917/2589/6  1918/2588/6  1919/2587/6

o entity41_brush2
usemtl prototype/16_blue_3
f  1921/2590/1  1922/2589/1  1923/2595/1  1924/2596/1
usemtl prototype/blue_3
f  1925/641/2  1923/181/2  1922/252/2  1926/593/2
usemtl prototype/blue_3
f  1926/2578/3  1922/2579/3  1921/2580/3  1927/2581/3
usemtl prototype/blue_3
f  1928/2582/4  1924/2583/4  1923/2584/4  1925/2585/4
usemtl prototype/blue_3
f  1927/535/5  1921/487/5  1924/195/5  1928/606/5
usemtl prototype/blue_3
f  1928/2596/6  1925/2595/6  1926/2589/6  1927/2590/6

o entity41_brush3
usemtl prototype/16_blue_3
f  1929/2574/1  1930/2575/1  1931/2595/1  1932/2596/1
usemtl prototype/blue_3
f  1933/298/2  1931/641/2  1930/1832/2  1934/1712/2
usemtl prototype/blue_3
f  1934/2597/3  1930/2578/3  1929/2581/3  1935/2598/3
usemtl prototype/blue_3
f  1936/2599/4  1932/2582/4  1931/2585/4  1933/2600/4
usemtl prototype/blue_3
f  1935/1727/5  1929/1831/5  1932/606/5  1936/235/5
usemtl prototype/blue_3
f  1936/2596/6  1933/2595/6  1934/2575/6  1935/2574/6

o entity41_brush4
usemtl prototype/16_blue_3
f  1937/889/1  1938/2576/1  1939/2588/1  1940/2587/1
usemtl prototype/blue_3
f  1941/594/30  1939/210/30  1938/180/30  1942/2577/30
usemtl prototype/blue_3
f  1942/2578/3  1938/2579/3  1937/2580/3  1943/2581/3
usemtl prototype/blue_3
f  1944/2601/4  1940/2602/4  1939/2603/4  1941/2604/4
usemtl prototype/16_blue_3
f  1943/2577/31  1937/180/31  1940/210/31  1944/594/31
usemtl prototype/blue_3
f  1944/2587/6  1941/2588/6  1942/2576/6  1943/889/6

o entity42_brush0
usemtl prototype/blue_3
f  1945/2574/1  1946/2575/1  1947/2576/1  1948/889/1
usemtl prototype/blue_3
f  1949/180/2  1947/1779/2  1946/86/2  1950/85/2
usemtl prototype/blue_3
f  1950/2579/3  1946/2605/3  1945/2606/3  1951/2580/3
usemtl prototype/blue_3
f  1952/2583/4  1948/2607/4  1947/2608/4  1949/2584/4
usemtl prototype/blue_3
f  1951/2586/5  1945/21/5  1948/1786/5  1952/154/5
usemtl prototype/16_blue_3
f  1952/2609/6  1949/2610/6  1950/2611/6  1951/2612/6

o entity42_brush1
usemtl prototype/blue_3
f  1953/2613/1  1954/2614/1  1955/2615/1  1956/2616/1
usemtl prototype/blue_3
f  1957/487/28  1955/2617/28  1954/2618/28  1958/155/28
usemtl prototype/blue_3
f  1958/2603/3  1954/2619/3  1953/2620/3  1959/2602/3
usemtl prototype/blue_3
f  1960/2580/4  1956/2606/4  1955/2605/4  1957/2579/4
usemtl prototype/16_blue_3
f  1959/155/29  1953/2618/29  1956/2617/29  1960/487/29
usemtl prototype/16_blue_3
f  1960/2616/6  1957/2615/6  1958/2614/6  1959/2613/6

o entity42_brush2
usemtl prototype/blue_3
f  1961/2590/1  1962/2589/1  1963/2595/1  1964/2596/1
usemtl prototype/blue_3
f  1965/181/2  1963/1812/2  1962/2621/2  1966/252/2
usemtl prototype/blue_3
f  1966/2579/3  1962/2605/3  1961/2606/3  1967/2580/3
usemtl prototype/blue_3
f  1968/2583/4  1964/2607/4  1963/2608/4  1965/2584/4
usemtl prototype/blue_3
f  1967/487/5  1961/2617/5  1964/1817/5  1968/195/5
usemtl prototype/16_blue_3
f  1968/2622/6  1965/2623/6  1966/2615/6  1967/2616/6

o entity42_brush3
usemtl prototype/blue_3
f  1969/2574/1  1970/2575/1  1971/2595/1  1972/2596/1
usemtl prototype/blue_3
f  1973/1812/2  1971/251/2  1970/1711/2  1974/86/2
usemtl prototype/blue_3
f  1974/2605/3  1970/2624/3  1969/2625/3  1975/2606/3
usemtl prototype/blue_3
f  1976/2607/4  1972/2625/4  1971/2624/4  1973/2608/4
usemtl prototype/blue_3
f  1975/21/5  1969/1711/5  1972/251/5  1976/1817/5
usemtl prototype/16_blue_3
f  1976/2596/6  1973/2595/6  1974/2575/6  1975/2574/6

o entity42_brush4
usemtl prototype/blue_3
f  1977/2609/1  1978/2610/1  1979/2614/1  1980/2613/1
usemtl prototype/blue_3
f  1981/155/30  1979/2618/30  1978/1786/30  1982/154/30
usemtl prototype/blue_3
f  1982/2584/3  1978/2608/3  1977/2607/3  1983/2583/3
usemtl prototype/blue_3
f  1984/2593/4  1980/2626/4  1979/2627/4  1981/2592/4
usemtl prototype/16_blue_3
f  1983/154/31  1977/1786/31  1980/2618/31  1984/155/31
usemtl prototype/16_blue_3
f  1984/2613/6  1981/2614/6  1982/2610/6  1983/2609/6

o entity43_brush0
usemtl prototype/128_grey_3
f  1985/2382/11  1986/2383/11  1987/2628/11  1988/2629/11
usemtl prototype/128_honey_2
f  1989/2630/3  1986/293/3  1985/2631/3
usemtl prototype/128_grey_3
f  1988/2632/4  1987/299/4  1990/2633/4
usemtl prototype/128_grey_3
f  1990/2634/12  1987/2635/12  1986/2361/12  1989/2362/12
usemtl prototype/128_honey_2
f  1988/2636/13  1990/2637/13  1989/2638/13  1985/2639/13

o entity43_brush1
usemtl prototype/128_honey_2
f  1991/235/1  1992/480/1  1993/1739/1  1994/1740/1
usemtl prototype/128_honey_2
f  1994/293/3  1993/1828/3  1995/2640/3
usemtl prototype/128_grey_3
f  1996/2641/4  1992/1829/4  1991/299/4
usemtl prototype/128_honey_2
f  1995/2532/5  1993/1763/5  1992/293/5  1996/2531/5
usemtl prototype/128_grey_3
f  1991/2642/7  1994/2349/7  1995/2350/7  1996/2643/7

o entity43_brush2
usemtl prototype/128_grey_3
f  1997/2644/8  1998/2645/8  1999/2358/8  2000/2359/8
usemtl prototype/128_honey_2
f  2000/293/3  1999/2646/3  2001/2647/3
usemtl prototype/128_grey_3
f  2002/2648/4  1998/2649/4  1997/299/4
usemtl prototype/128_honey_2
f  2001/2650/101  1999/2651/101  1998/2652/101  2002/2653/101
usemtl prototype/128_grey_3
f  1997/2654/10  2000/2410/10  2001/2411/10  2002/2655/10

o entity43_brush3
usemtl prototype/128_grey_3
f  2003/2426/14  2004/2427/14  2005/2656/14  2006/2657/14
usemtl prototype/128_grey_3
f  2007/194/2  2005/299/2  2004/1754/2  2008/1755/2
usemtl prototype/128_honey_2
f  2008/182/3  2004/293/3  2003/2630/3
usemtl prototype/128_grey_3
f  2006/2633/4  2005/299/4  2007/194/4
usemtl prototype/128_honey_2
f  2008/1743/6  2003/2658/6  2006/2007/6  2007/298/6

o entity43_brush4
usemtl prototype/128_grey_3
f  2009/2415/15  2010/2416/15  2011/2659/15  2012/2660/15
usemtl prototype/128_honey_2
f  2013/2631/3  2010/293/3  2009/2661/3
usemtl prototype/128_grey_3
f  2012/2662/4  2011/299/4  2014/2632/4
usemtl prototype/128_grey_3
f  2014/2663/16  2011/2664/16  2010/2418/16  2013/2419/16
usemtl prototype/128_honey_2
f  2012/2665/102  2014/2666/102  2013/2667/102  2009/2668/102

o entity43_brush5
usemtl prototype/128_grey_3
f  2015/2403/18  2016/2404/18  2017/2669/18  2018/2670/18
usemtl prototype/128_honey_2
f  2019/2661/3  2016/293/3  2015/2647/3
usemtl prototype/128_grey_3
f  2018/2648/4  2017/299/4  2020/2662/4
usemtl prototype/128_grey_3
f  2020/2671/19  2017/2672/19  2016/2370/19  2019/2371/19
usemtl prototype/128_honey_2
f  2015/2673/20  2018/2674/20  2020/2675/20  2019/2676/20

o entity43_brush6
usemtl prototype/128_grey_3
f  2021/2677/21  2022/2678/21  2023/2389/21  2024/2390/21
usemtl prototype/128_honey_2
f  2024/293/3  2023/2640/3  2025/2646/3
usemtl prototype/128_grey_3
f  2026/2649/4  2022/2641/4  2021/299/4
usemtl prototype/128_honey_2
f  2025/2679/22  2023/2680/22  2022/2681/22  2026/2682/22
usemtl prototype/128_grey_3
f  2021/2683/23  2024/2396/23  2025/2397/23  2026/2684/23

o entity44_brush0
usemtl prototype/trigger
f  2027/1812/1  2028/943/1  2029/2685/1  2030/1729/1
usemtl prototype/trigger
f  2031/1679/2  2029/821/2  2028/256/2  2032/194/2
usemtl prototype/trigger
f  2032/2686/3  2028/2687/3  2027/2688/3  2033/1764/3
usemtl prototype/trigger
f  2034/1755/4  2030/2689/4  2029/2690/4  2031/2691/4
usemtl prototype/trigger
f  2033/182/5  2027/988/5  2030/2692/5  2034/1677/5
usemtl prototype/trigger
f  2034/1728/6  2031/2133/6  2032/234/6  2033/1817/6

o entity45_brush0
usemtl prototype/0button_2
f  2035/292/1  2036/399/1  2037/2479/1  2038/293/1
usemtl prototype/0button_2
f  2039/416/2  2037/2479/2  2036/399/2  2040/2693/2
usemtl prototype/0button_2
f  2040/2694/3  2036/425/3  2035/386/3  2041/2695/3
usemtl prototype/0button_2
f  2042/2696/4  2038/2697/4  2037/2698/4  2039/2699/4
usemtl prototype/0button_2
f  2041/2700/5  2035/400/5  2038/2474/5  2042/2701/5
usemtl prototype/0button_2
f  2042/293/6  2039/2479/6  2040/399/6  2041/292/6

o entity46_brush0
usemtl prototype/128_honey_2
f  2043/2702/1  2044/2703/1  2045/1810/1
usemtl prototype/blue_3
f  2046/2704/103  2044/2705/103  2043/2706/103  2047/2707/103
usemtl prototype/128_honey_2
f  2048/2708/104  2045/2709/104  2044/2710/104  2046/2711/104
usemtl prototype/128_honey_2
f  2047/2712/105  2043/2713/105  2045/2714/105  2048/2715/105
usemtl prototype/128_honey_2
f  2046/2716/6  2047/2717/6  2048/1819/6

o entity46_brush1
usemtl prototype/128_honey_2
f  2049/2718/1  2050/2719/1  2051/1810/1
usemtl prototype/blue_3
f  2052/2720/106  2050/2721/106  2049/2722/106  2053/2723/106
usemtl prototype/128_honey_2
f  2054/448/4  2051/300/4  2050/2724/4  2052/2725/4
usemtl prototype/128_honey_2
f  2053/2726/107  2049/2727/107  2051/2728/107  2054/2729/107
usemtl prototype/128_honey_2
f  2052/2730/6  2053/2731/6  2054/1819/6

o entity46_brush2
usemtl prototype/128_honey_2
f  2055/2703/1  2056/2718/1  2057/1810/1
usemtl prototype/blue_3
f  2058/2723/108  2056/2722/108  2055/2705/108  2059/2704/108
usemtl prototype/128_honey_2
f  2060/2732/109  2057/2733/109  2056/2734/109  2058/2735/109
usemtl prototype/128_honey_2
f  2059/2736/110  2055/2737/110  2057/2738/110  2060/2739/110
usemtl prototype/128_honey_2
f  2058/2731/6  2059/2716/6  2060/1819/6

o entity46_brush3
usemtl prototype/128_honey_2
f  2061/2740/1  2062/2702/1  2063/1810/1
usemtl prototype/blue_3
f  2064/2741/111  2062/2742/111  2061/2743/111  2065/2744/111
usemtl prototype/128_honey_2
f  2066/2745/112  2063/2746/112  2062/2747/112  2064/2748/112
usemtl prototype/128_honey_2
f  2065/2749/113  2061/2750/113  2063/2751/113  2066/2752/113
usemtl prototype/128_honey_2
f  2066/1819/6  2064/2717/6  2065/2753/6

o entity46_brush4
usemtl prototype/128_honey_2
f  2067/2754/1  2068/2740/1  2069/1810/1
usemtl prototype/128_honey_2
f  2070/2755/114  2069/2756/114  2068/2757/114  2071/2758/114
usemtl prototype/blue_3
f  2071/2744/28  2068/2743/28  2067/2759/28  2072/2760/28
usemtl prototype/128_honey_2
f  2072/2761/5  2067/2762/5  2069/1320/5  2070/472/5
usemtl prototype/128_honey_2
f  2071/2753/6  2072/2763/6  2070/1819/6

o entity46_brush5
usemtl prototype/128_honey_2
f  2073/2764/1  2074/1811/1  2075/2765/1
usemtl prototype/128_honey_2
f  2076/2766/108  2074/2767/108  2073/2768/108  2077/2769/108
usemtl prototype/128_honey_2
f  2078/2770/115  2075/2771/115  2074/2772/115  2076/2773/115
usemtl prototype/blue_3
f  2077/2774/110  2073/2775/110  2075/2776/110  2078/2777/110
usemtl prototype/128_honey_2
f  2076/1818/6  2077/2778/6  2078/2779/6

o entity46_brush6
usemtl prototype/128_honey_2
f  2079/2765/1  2080/1811/1  2081/2780/1
usemtl prototype/128_honey_2
f  2082/2781/116  2080/2782/116  2079/2783/116  2083/2784/116
usemtl prototype/128_honey_2
f  2084/2785/4  2081/2786/4  2080/1754/4  2082/1755/4
usemtl prototype/blue_3
f  2083/2777/117  2079/2776/117  2081/2787/117  2084/2788/117
usemtl prototype/128_honey_2
f  2082/1818/6  2083/2779/6  2084/2789/6

o entity46_brush7
usemtl prototype/128_honey_2
f  2085/2790/1  2086/1811/1  2087/2764/1
usemtl prototype/128_honey_2
f  2088/2791/111  2086/2792/111  2085/2793/111  2089/2794/111
usemtl prototype/128_honey_2
f  2090/2795/118  2087/2796/118  2086/2797/118  2088/2798/118
usemtl prototype/blue_3
f  2089/2799/119  2085/2800/119  2087/2801/119  2090/2802/119
usemtl prototype/128_honey_2
f  2090/2778/6  2088/1818/6  2089/2803/6

o entity46_brush8
usemtl prototype/128_honey_2
f  2091/2790/1  2092/2804/1  2093/1811/1
usemtl prototype/128_honey_2
f  2094/2805/120  2093/2806/120  2092/2807/120  2095/2808/120
usemtl prototype/blue_3
f  2095/2809/105  2092/2810/105  2091/2800/105  2096/2799/105
usemtl prototype/128_honey_2
f  2096/2811/121  2091/2812/121  2093/2813/121  2094/2814/121
usemtl prototype/128_honey_2
f  2095/2815/6  2096/2803/6  2094/1818/6

o entity46_brush9
usemtl prototype/128_honey_2
f  2097/2804/1  2098/2816/1  2099/1811/1
usemtl prototype/128_honey_2
f  2100/461/2  2099/1325/2  2098/2817/2  2101/2818/2
usemtl prototype/blue_3
f  2101/2819/29  2098/2820/29  2097/2810/29  2102/2809/29
usemtl prototype/128_honey_2
f  2102/2821/122  2097/2822/122  2099/2823/122  2100/2824/122
usemtl prototype/128_honey_2
f  2101/2825/6  2102/2815/6  2100/1818/6

o entity47_brush0
usemtl prototype/128_blue_3
f  2103/2826/1  2104/2827/1  2105/2764/1  2106/2765/1
usemtl prototype/128_blue_3
f  2107/2828/123  2105/2829/123  2104/2830/123  2108/2831/123
usemtl prototype/128_blue_3
f  2109/2832/124  2106/2833/124  2105/2834/124  2107/2835/124
usemtl prototype/128_blue_3
f  2108/2836/125  2104/2837/125  2103/2838/125  2110/2839/125
usemtl prototype/128_blue_3
f  2110/2840/126  2103/2841/126  2106/2842/126  2109/2843/126
usemtl prototype/128_blue_3
f  2107/2778/6  2108/2844/6  2110/2845/6  2109/2779/6

o entity47_brush1
usemtl prototype/128_blue_3
f  2111/2846/1  2112/2847/1  2113/2816/1  2114/2848/1
usemtl prototype/128_blue_3
f  2115/2849/2  2113/2817/2  2112/2850/2  2116/2851/2
usemtl prototype/128_blue_3
f  2116/2852/3  2112/1763/3  2111/2853/3  2117/2854/3
usemtl prototype/128_blue_3
f  2118/2855/127  2114/2856/127  2113/2857/127  2115/2858/127
usemtl prototype/128_blue_3
f  2117/2859/5  2111/2860/5  2114/2861/5  2118/2862/5
usemtl prototype/128_blue_3
f  2118/2863/6  2115/2825/6  2116/2864/6  2117/2865/6

o entity47_brush2
usemtl prototype/128_blue_3
f  2119/2848/1  2120/2816/1  2121/2804/1  2122/2866/1
usemtl prototype/128_blue_3
f  2123/2867/128  2121/2868/128  2120/2869/128  2124/2870/128
usemtl prototype/128_blue_3
f  2124/2871/129  2120/2872/129  2119/2873/129  2125/2874/129
usemtl prototype/128_blue_3
f  2126/2875/130  2122/2876/130  2121/2877/130  2123/2878/130
usemtl prototype/128_blue_3
f  2125/2879/131  2119/2880/131  2122/2881/131  2126/2882/131
usemtl prototype/128_blue_3
f  2126/2883/6  2123/2815/6  2124/2825/6  2125/2863/6

o entity47_brush3
usemtl prototype/128_blue_3
f  2127/2866/1  2128/2804/1  2129/2790/1  2130/2884/1
usemtl prototype/128_blue_3
f  2131/2885/132  2129/2886/132  2128/2887/132  2132/2888/132
usemtl prototype/128_blue_3
f  2132/2889/133  2128/2890/133  2127/2891/133  2133/2892/133
usemtl prototype/128_blue_3
f  2134/2893/134  2130/2894/134  2129/2895/134  2131/2896/134
usemtl prototype/128_blue_3
f  2133/2897/135  2127/2898/135  2130/2899/135  2134/2900/135
usemtl prototype/128_blue_3
f  2134/2901/6  2131/2803/6  2132/2815/6  2133/2883/6

o entity47_brush4
usemtl prototype/128_blue_3
f  2135/2827/1  2136/2884/1  2137/2790/1  2138/2764/1
usemtl prototype/128_blue_3
f  2139/2902/136  2138/2903/136  2137/2904/136  2140/2905/136
usemtl prototype/128_blue_3
f  2140/2906/137  2137/2907/137  2136/2908/137  2141/2909/137
usemtl prototype/128_blue_3
f  2141/2910/138  2136/2911/138  2135/2912/138  2142/2913/138
usemtl prototype/128_blue_3
f  2142/2914/139  2135/2915/139  2138/2916/139  2139/2917/139
usemtl prototype/128_blue_3
f  2141/2901/6  2142/2844/6  2139/2778/6  2140/2803/6

o entity47_brush5
usemtl prototype/128_blue_3
f  2143/2918/1  2144/2826/1  2145/2765/1  2146/2780/1
usemtl prototype/128_blue_3
f  2147/2919/140  2145/2920/140  2144/2921/140  2148/2922/140
usemtl prototype/128_blue_3
f  2149/2923/141  2146/2924/141  2145/2925/141  2147/2926/141
usemtl prototype/128_blue_3
f  2148/2927/142  2144/2928/142  2143/2929/142  2150/2930/142
usemtl prototype/128_blue_3
f  2150/2931/143  2143/2932/143  2146/2933/143  2149/2934/143
usemtl prototype/128_blue_3
f  2147/2779/6  2148/2845/6  2150/2935/6  2149/2789/6

o entity47_brush6
usemtl prototype/128_blue_3
f  2151/2617/1  2152/2918/1  2153/2780/1  2154/1818/1
usemtl prototype/128_blue_3
f  2155/2936/144  2153/2937/144  2152/2938/144  2156/2939/144
usemtl prototype/128_blue_3
f  2156/2940/3  2152/2941/3  2151/285/3  2157/889/3
usemtl prototype/128_blue_3
f  2158/2609/4  2154/270/4  2153/2786/4  2155/2942/4
usemtl prototype/128_blue_3
f  2157/2590/5  2151/292/5  2154/1320/5  2158/2943/5
usemtl prototype/128_blue_3
f  2158/1811/6  2155/2789/6  2156/2935/6  2157/2621/6

o entity47_brush7
usemtl prototype/128_blue_3
f  2159/2944/1  2160/2945/1  2161/2946/1  2162/2754/1
usemtl prototype/128_blue_3
f  2163/2947/2  2161/2948/2  2160/2850/2  2164/2851/2
usemtl prototype/128_blue_3
f  2165/2949/145  2162/2950/145  2161/2951/145  2163/2952/145
usemtl prototype/128_blue_3
f  2164/2953/3  2160/2954/3  2159/292/3  2166/2590/3
usemtl prototype/128_blue_3
f  2166/2859/5  2159/2860/5  2162/2762/5  2165/2955/5
usemtl prototype/128_blue_3
f  2163/2956/6  2164/2957/6  2166/2958/6  2165/2763/6

o entity47_brush8
usemtl prototype/128_blue_3
f  2167/2754/1  2168/2946/1  2169/2959/1  2170/2740/1
usemtl prototype/128_blue_3
f  2171/2960/146  2169/2961/146  2168/2962/146  2172/2963/146
usemtl prototype/128_blue_3
f  2173/2964/147  2170/2965/147  2169/2966/147  2171/2967/147
usemtl prototype/128_blue_3
f  2172/2968/148  2168/2969/148  2167/2970/148  2174/2971/148
usemtl prototype/128_blue_3
f  2174/2972/149  2167/2973/149  2170/2974/149  2173/2975/149
usemtl prototype/128_blue_3
f  2171/2976/6  2172/2956/6  2174/2763/6  2173/2753/6

o entity47_brush9
usemtl prototype/128_blue_3
f  2175/2740/1  2176/2959/1  2177/2977/1  2178/2702/1
usemtl prototype/128_blue_3
f  2179/2978/150  2177/2979/150  2176/2980/150  2180/2981/150
usemtl prototype/128_blue_3
f  2181/2982/151  2178/2983/151  2177/2984/151  2179/2985/151
usemtl prototype/128_blue_3
f  2180/2986/152  2176/2987/152  2175/2988/152  2182/2989/152
usemtl prototype/128_blue_3
f  2182/2990/153  2175/2991/153  2178/2992/153  2181/2993/153
usemtl prototype/128_blue_3
f  2179/2994/6  2180/2976/6  2182/2753/6  2181/2717/6

o entity47_brush10
usemtl prototype/128_blue_3
f  2183/2702/1  2184/2977/1  2185/2995/1  2186/2703/1
usemtl prototype/128_blue_3
f  2187/2996/154  2186/2997/154  2185/2998/154  2188/2999/154
usemtl prototype/128_blue_3
f  2188/3000/155  2185/3001/155  2184/3002/155  2189/3003/155
usemtl prototype/128_blue_3
f  2189/3004/156  2184/3005/156  2183/3006/156  2190/3007/156
usemtl prototype/128_blue_3
f  2190/3008/157  2183/3009/157  2186/3010/157  2187/3011/157
usemtl prototype/128_blue_3
f  2187/2716/6  2188/3012/6  2189/2994/6  2190/2717/6

o entity47_brush11
usemtl prototype/128_blue_3
f  2191/2995/1  2192/3013/1  2193/2718/1  2194/2703/1
usemtl prototype/128_blue_3
f  2195/3014/158  2193/3015/158  2192/3016/158  2196/3017/158
usemtl prototype/128_blue_3
f  2196/3018/159  2192/3019/159  2191/3020/159  2197/3021/159
usemtl prototype/128_blue_3
f  2198/3022/160  2194/3023/160  2193/3024/160  2195/3025/160
usemtl prototype/128_blue_3
f  2197/3026/161  2191/3027/161  2194/3028/161  2198/3029/161
usemtl prototype/128_blue_3
f  2198/2716/6  2195/2731/6  2196/3030/6  2197/3012/6

o entity47_brush12
usemtl prototype/128_blue_3
f  2199/3013/1  2200/3031/1  2201/2719/1  2202/2718/1
usemtl prototype/128_blue_3
f  2203/3032/162  2201/3033/162  2200/3034/162  2204/3035/162
usemtl prototype/128_blue_3
f  2204/3036/163  2200/3037/163  2199/3038/163  2205/3039/163
usemtl prototype/128_blue_3
f  2206/3040/164  2202/3041/164  2201/3042/164  2203/3043/164
usemtl prototype/128_blue_3
f  2205/3044/165  2199/3045/165  2202/3046/165  2206/3047/165
usemtl prototype/128_blue_3
f  2206/2731/6  2203/2730/6  2204/3048/6  2205/3030/6

o entity47_brush13
usemtl prototype/128_blue_3
f  2207/3031/1  2208/2617/1  2209/1818/1  2210/2719/1
usemtl prototype/128_blue_3
f  2211/3049/2  2209/1325/2  2208/300/2  2212/2616/2
usemtl prototype/128_blue_3
f  2212/889/3  2208/285/3  2207/3050/3  2213/3051/3
usemtl prototype/128_blue_3
f  2214/3052/4  2210/2724/4  2209/270/4  2211/2609/4
usemtl prototype/128_blue_3
f  2213/3053/166  2207/3054/166  2210/3055/166  2214/3056/166
usemtl prototype/128_blue_3
f  2214/2730/6  2211/1811/6  2212/2621/6  2213/3048/6

o entity47_brush14
usemtl prototype/128_blue_3
f  2215/3057/1  2216/86/1  2217/2847/1  2218/2846/1
usemtl prototype/128_blue_3
f  2219/2851/2  2217/2850/2  2216/1731/2  2220/2612/2
usemtl prototype/128_blue_3
f  2220/2852/3  2216/1763/3  2215/2853/3  2221/2854/3
usemtl prototype/128_blue_3
f  2222/3058/4  2218/3059/4  2217/1754/4  2219/3060/4
usemtl prototype/128_blue_3
f  2221/2574/5  2215/1736/5  2218/2860/5  2222/2859/5
usemtl prototype/128_blue_3
f  2222/2865/6  2219/2864/6  2220/21/6  2221/3061/6

o entity47_brush15
usemtl prototype/128_blue_3
f  2223/1831/1  2224/3062/1  2225/2945/1  2226/2944/1
usemtl prototype/128_blue_3
f  2227/2851/2  2225/2850/2  2224/1731/2  2228/2612/2
usemtl prototype/128_blue_3
f  2228/2953/3  2224/2954/3  2223/292/3  2229/2590/3
usemtl prototype/128_blue_3
f  2230/2616/4  2226/300/4  2225/3063/4  2227/3064/4
usemtl prototype/128_blue_3
f  2229/2574/5  2223/1736/5  2226/2860/5  2230/2859/5
usemtl prototype/128_blue_3
f  2230/2958/6  2227/2957/6  2228/3065/6  2229/1832/6

o entity48_brush0
usemtl prototype/128_blue_3
f  2231/2995/1  2232/3013/1  2233/2718/1  2234/2703/1
usemtl prototype/128_blue_3
f  2235/3066/158  2233/3067/158  2232/3068/158  2236/3069/158
usemtl prototype/128_blue_3
f  2236/3070/159  2232/3071/159  2231/3072/159  2237/3073/159
usemtl prototype/128_blue_3
f  2238/3074/160  2234/3075/160  2233/3076/160  2235/3077/160
usemtl prototype/128_blue_3
f  2237/3078/161  2231/3079/161  2234/3080/161  2238/3081/161
usemtl prototype/128_blue_3
f  2238/2716/6  2235/2731/6  2236/3030/6  2237/3012/6

o entity48_brush1
usemtl prototype/128_blue_3
f  2239/3057/1  2240/86/1  2241/2847/1  2242/2846/1
usemtl prototype/128_blue_3
f  2243/3082/2  2241/3083/2  2240/3084/2  2244/1808/2
usemtl prototype/128_blue_3
f  2244/1764/3  2240/3085/3  2239/3086/3  2245/1798/3
usemtl prototype/128_blue_3
f  2246/1792/4  2242/3087/4  2241/3088/4  2243/1755/4
usemtl prototype/128_blue_3
f  2245/1809/5  2239/3089/5  2242/3090/5  2246/3091/5
usemtl prototype/128_blue_3
f  2246/2865/6  2243/2864/6  2244/21/6  2245/3061/6

o entity48_brush2
usemtl prototype/128_blue_3
f  2247/2846/1  2248/2847/1  2249/2816/1  2250/2848/1
usemtl prototype/128_blue_3
f  2251/2818/2  2249/3092/2  2248/3083/2  2252/3082/2
usemtl prototype/128_blue_3
f  2252/1764/3  2248/3085/3  2247/3086/3  2253/1798/3
usemtl prototype/128_blue_3
f  2254/3093/127  2250/3094/127  2249/3095/127  2251/3096/127
usemtl prototype/128_blue_3
f  2253/3091/5  2247/3090/5  2250/3097/5  2254/3098/5
usemtl prototype/128_blue_3
f  2254/2863/6  2251/2825/6  2252/2864/6  2253/2865/6

o entity48_brush3
usemtl prototype/128_blue_3
f  2255/2848/1  2256/2816/1  2257/2804/1  2258/2866/1
usemtl prototype/128_blue_3
f  2259/3099/128  2257/3100/128  2256/3101/128  2260/3102/128
usemtl prototype/128_blue_3
f  2260/3103/129  2256/3104/129  2255/3105/129  2261/3106/129
usemtl prototype/128_blue_3
f  2262/3107/130  2258/3108/130  2257/3109/130  2259/3110/130
usemtl prototype/128_blue_3
f  2261/3111/131  2255/3112/131  2258/3113/131  2262/3114/131
usemtl prototype/128_blue_3
f  2262/2883/6  2259/2815/6  2260/2825/6  2261/2863/6

o entity48_brush4
usemtl prototype/128_blue_3
f  2263/2866/1  2264/2804/1  2265/2790/1  2266/2884/1
usemtl prototype/128_blue_3
f  2267/3115/132  2265/3116/132  2264/3117/132  2268/3118/132
usemtl prototype/128_blue_3
f  2268/3119/133  2264/3120/133  2263/3121/133  2269/3122/133
usemtl prototype/128_blue_3
f  2270/3123/134  2266/3124/134  2265/3125/134  2267/3126/134
usemtl prototype/128_blue_3
f  2269/3127/135  2263/3128/135  2266/3129/135  2270/3130/135
usemtl prototype/128_blue_3
f  2270/2901/6  2267/2803/6  2268/2815/6  2269/2883/6

o entity48_brush5
usemtl prototype/128_blue_3
f  2271/2827/1  2272/2884/1  2273/2790/1  2274/2764/1
usemtl prototype/128_blue_3
f  2275/3131/136  2274/3132/136  2273/3133/136  2276/3134/136
usemtl prototype/128_blue_3
f  2276/3135/137  2273/3136/137  2272/3137/137  2277/3138/137
usemtl prototype/128_blue_3
f  2277/3139/138  2272/3140/138  2271/3141/138  2278/3142/138
usemtl prototype/128_blue_3
f  2278/3143/139  2271/3144/139  2274/3145/139  2275/3146/139
usemtl prototype/128_blue_3
f  2277/2901/6  2278/2844/6  2275/2778/6  2276/2803/6

o entity48_brush6
usemtl prototype/128_blue_3
f  2279/2826/1  2280/2827/1  2281/2764/1  2282/2765/1
usemtl prototype/128_blue_3
f  2283/3147/123  2281/3148/123  2280/3149/123  2284/3150/123
usemtl prototype/128_blue_3
f  2285/3151/124  2282/3152/124  2281/3153/124  2283/3154/124
usemtl prototype/128_blue_3
f  2284/3155/125  2280/3156/125  2279/3157/125  2286/3158/125
usemtl prototype/128_blue_3
f  2286/3159/126  2279/3160/126  2282/3161/126  2285/3162/126
usemtl prototype/128_blue_3
f  2283/2778/6  2284/2844/6  2286/2845/6  2285/2779/6

o entity48_brush7
usemtl prototype/128_blue_3
f  2287/2918/1  2288/2826/1  2289/2765/1  2290/2780/1
usemtl prototype/128_blue_3
f  2291/3163/140  2289/3164/140  2288/3165/140  2292/3166/140
usemtl prototype/128_blue_3
f  2293/3167/141  2290/3168/141  2289/3169/141  2291/3170/141
usemtl prototype/128_blue_3
f  2292/3171/142  2288/3172/142  2287/3173/142  2294/3174/142
usemtl prototype/128_blue_3
f  2294/3175/143  2287/3176/143  2290/3177/143  2293/3178/143
usemtl prototype/128_blue_3
f  2291/2779/6  2292/2845/6  2294/2935/6  2293/2789/6

o entity48_brush8
usemtl prototype/128_blue_3
f  2295/2617/1  2296/2918/1  2297/2780/1  2298/1818/1
usemtl prototype/128_blue_3
f  2299/3179/144  2297/3180/144  2296/3181/144  2300/3182/144
usemtl prototype/128_blue_3
f  2300/3183/3  2296/3184/3  2295/3185/3  2301/179/3
usemtl prototype/128_blue_3
f  2302/153/4  2298/3186/4  2297/3187/4  2299/2785/4
usemtl prototype/128_blue_3
f  2301/458/5  2295/3188/5  2298/3189/5  2302/472/5
usemtl prototype/128_blue_3
f  2302/1811/6  2299/2789/6  2300/2935/6  2301/2621/6

o entity48_brush9
usemtl prototype/128_blue_3
f  2303/2944/1  2304/2945/1  2305/2946/1  2306/2754/1
usemtl prototype/128_blue_3
f  2307/3190/2  2305/3191/2  2304/3083/2  2308/3082/2
usemtl prototype/128_blue_3
f  2309/3192/145  2306/3193/145  2305/3194/145  2307/3195/145
usemtl prototype/128_blue_3
f  2308/445/3  2304/3196/3  2303/3188/3  2310/458/3
usemtl prototype/128_blue_3
f  2310/3091/5  2303/3090/5  2306/3197/5  2309/2761/5
usemtl prototype/128_blue_3
f  2307/2956/6  2308/2957/6  2310/2958/6  2309/2763/6

o entity48_brush10
usemtl prototype/128_blue_3
f  2311/2754/1  2312/2946/1  2313/2959/1  2314/2740/1
usemtl prototype/128_blue_3
f  2315/3198/146  2313/3199/146  2312/3200/146  2316/3201/146
usemtl prototype/128_blue_3
f  2317/3202/147  2314/3203/147  2313/3204/147  2315/3205/147
usemtl prototype/128_blue_3
f  2316/3206/148  2312/3207/148  2311/3208/148  2318/3209/148
usemtl prototype/128_blue_3
f  2318/3210/149  2311/3211/149  2314/3212/149  2317/3213/149
usemtl prototype/128_blue_3
f  2315/2976/6  2316/2956/6  2318/2763/6  2317/2753/6

o entity48_brush11
usemtl prototype/128_blue_3
f  2319/2740/1  2320/2959/1  2321/2977/1  2322/2702/1
usemtl prototype/128_blue_3
f  2323/3214/150  2321/3215/150  2320/3216/150  2324/3217/150
usemtl prototype/128_blue_3
f  2325/3218/151  2322/3219/151  2321/3220/151  2323/3221/151
usemtl prototype/128_blue_3
f  2324/3222/152  2320/3223/152  2319/3224/152  2326/3225/152
usemtl prototype/128_blue_3
f  2326/3226/153  2319/3227/153  2322/3228/153  2325/3229/153
usemtl prototype/128_blue_3
f  2323/2994/6  2324/2976/6  2326/2753/6  2325/2717/6

o entity48_brush12
usemtl prototype/128_blue_3
f  2327/2702/1  2328/2977/1  2329/2995/1  2330/2703/1
usemtl prototype/128_blue_3
f  2331/3230/154  2330/3231/154  2329/3232/154  2332/3233/154
usemtl prototype/128_blue_3
f  2332/3234/155  2329/3235/155  2328/3236/155  2333/3237/155
usemtl prototype/128_blue_3
f  2333/3238/156  2328/3239/156  2327/3240/156  2334/3241/156
usemtl prototype/128_blue_3
f  2334/3242/157  2327/3243/157  2330/3244/157  2331/3245/157
usemtl prototype/128_blue_3
f  2331/2716/6  2332/3012/6  2333/2994/6  2334/2717/6

o entity48_brush13
usemtl prototype/128_blue_3
f  2335/3013/1  2336/3031/1  2337/2719/1  2338/2718/1
usemtl prototype/128_blue_3
f  2339/3246/162  2337/3247/162  2336/3248/162  2340/3249/162
usemtl prototype/128_blue_3
f  2340/3250/163  2336/3251/163  2335/3252/163  2341/3253/163
usemtl prototype/128_blue_3
f  2342/3254/164  2338/3255/164  2337/3256/164  2339/3257/164
usemtl prototype/128_blue_3
f  2341/3258/165  2335/3259/165  2338/3260/165  2342/3261/165
usemtl prototype/128_blue_3
f  2342/2731/6  2339/2730/6  2340/3048/6  2341/3030/6

o entity48_brush14
usemtl prototype/128_blue_3
f  2343/3031/1  2344/2617/1  2345/1818/1  2346/2719/1
usemtl prototype/128_blue_3
f  2347/461/2  2345/3262/2  2344/3263/2  2348/448/2
usemtl prototype/128_blue_3
f  2348/179/3  2344/3185/3  2343/3264/3  2349/3265/3
usemtl prototype/128_blue_3
f  2350/2725/4  2346/3266/4  2345/3186/4  2347/153/4
usemtl prototype/128_blue_3
f  2349/3267/166  2343/3268/166  2346/3269/166  2350/3270/166
usemtl prototype/128_blue_3
f  2350/2730/6  2347/1811/6  2348/2621/6  2349/3048/6

o entity48_brush15
usemtl prototype/128_blue_3
f  2351/1831/1  2352/3062/1  2353/2945/1  2354/2944/1
usemtl prototype/128_blue_3
f  2355/3082/2  2353/3083/2  2352/3084/2  2356/1808/2
usemtl prototype/128_blue_3
f  2356/445/3  2352/3196/3  2351/3188/3  2357/458/3
usemtl prototype/128_blue_3
f  2358/448/4  2354/3263/4  2353/3271/4  2355/428/4
usemtl prototype/128_blue_3
f  2357/1809/5  2351/3089/5  2354/3090/5  2358/3091/5
usemtl prototype/128_blue_3
f  2358/2958/6  2355/2957/6  2356/3065/6  2357/1832/6

o entity49_brush0
usemtl prototype/128_honey_2
f  2359/1764/1  2360/1739/1  2361/136/1  2362/230/1
usemtl prototype/128_grey_3
f  2363/210/2  2361/155/2  2360/3272/2  2364/84/2
usemtl prototype/128_honey_2
f  2364/3273/3  2360/3274/3  2359/3275/3  2365/3276/3
usemtl prototype/128_grey_3
f  2366/3275/4  2362/3276/4  2361/3273/4  2363/3274/4
usemtl prototype/128_grey_3
f  2365/3272/5  2359/84/5  2362/210/5  2366/155/5
usemtl prototype/128_honey_2
f  2366/156/6  2363/149/6  2364/1744/6  2365/1755/6

o entity49_brush1
usemtl prototype/128_honey_2
f  2367/1764/1  2368/1820/1  2369/534/1  2370/230/1
usemtl prototype/128_grey_3
f  2371/1522/2  2369/3277/2  2368/3278/2  2372/3279/2
usemtl prototype/128_honey_2
f  2372/985/3  2368/3280/3  2367/3281/3  2373/3282/3
usemtl prototype/128_grey_3
f  2374/3283/4  2370/3284/4  2369/3285/4  2371/964/4
usemtl prototype/128_grey_3
f  2373/3286/5  2367/3287/5  2370/3288/5  2374/3289/5
usemtl prototype/128_honey_2
f  2374/156/6  2371/594/6  2372/1821/6  2373/1755/6

o entity49_brush2
usemtl prototype/16_grey_3
f  2375/3290/1  2376/3291/1  2377/957/1  2378/909/1
usemtl prototype/128_honey_2
f  2379/930/2  2377/939/2  2376/3292/2  2380/3293/2
usemtl prototype/128_honey_2
f  2380/3294/3  2376/3295/3  2375/3296/3  2381/3297/3
usemtl prototype/128_grey_3
f  2382/3298/4  2378/3299/4  2377/3300/4  2379/3301/4
usemtl prototype/128_honey_2
f  2381/3302/5  2375/3303/5  2378/233/5  2382/268/5
usemtl prototype/128_grey_3
f  2382/1541/6  2379/3304/6  2380/3305/6  2381/3306/6

o entity49_brush3
usemtl prototype/128_honey_2
f  2383/1764/1  2384/1820/1  2385/1831/1  2386/1809/1
usemtl prototype/128_grey_3
f  2387/3307/2  2385/3308/2  2384/3293/2  2388/3278/2
usemtl prototype/128_honey_2
f  2388/3280/3  2384/268/3  2383/3309/3  2389/3281/3
usemtl prototype/128_grey_3
f  2390/3284/4  2386/3310/4  2385/930/4  2387/3285/4
usemtl prototype/128_grey_3
f  2389/3287/5  2383/3302/5  2386/3311/5  2390/3312/5
usemtl prototype/128_honey_2
f  2390/1808/6  2387/1832/6  2388/1821/6  2389/1755/6

o entity49_brush4
usemtl prototype/128_grey_3
f  2391/1820/1  2392/83/1  2393/86/1  2394/1831/1
usemtl prototype/128_honey_2
f  2395/3313/2  2393/1808/2  2392/1755/2  2396/3314/2
usemtl prototype/128_honey_2
f  2396/3315/3  2392/1764/3  2391/458/3  2397/3316/3
usemtl prototype/128_grey_3
f  2398/3317/4  2394/448/4  2393/1755/4  2395/3314/4
usemtl prototype/128_honey_2
f  2397/3318/5  2391/3319/5  2394/3320/5  2398/91/5
usemtl prototype/128_grey_3
f  2398/1832/6  2395/21/6  2396/24/6  2397/1821/6

o entity49_brush5
usemtl prototype/128_grey_3
f  2399/3291/1  2400/1764/1  2401/1809/1  2402/3321/1
usemtl prototype/128_honey_2
f  2403/3308/2  2401/3322/2  2400/3292/2  2404/3293/2
usemtl prototype/128_honey_2
f  2404/3309/3  2400/3323/3  2399/3295/3  2405/3294/3
usemtl prototype/128_grey_3
f  2406/3301/4  2402/3300/4  2401/3324/4  2403/3310/4
usemtl prototype/128_honey_2
f  2405/3302/5  2399/3303/5  2402/3325/5  2406/3311/5
usemtl prototype/128_grey_3
f  2406/3326/6  2403/1808/6  2404/1755/6  2405/3305/6

o entity49_brush6
usemtl prototype/128_honey_2
f  2407/3327/1  2408/3328/1  2409/3329/1  2410/3330/1
usemtl prototype/128_honey_2
f  2411/3331/2  2409/3332/2  2408/3333/2  2412/3334/2
usemtl prototype/128_honey_2
f  2412/3335/3  2408/3336/3  2407/3332/3  2413/3331/3
usemtl prototype/128_grey_3
f  2414/3337/4  2410/3338/4  2409/3339/4  2411/3340/4
usemtl prototype/128_honey_2
f  2413/3331/5  2407/3332/5  2410/3333/5  2414/3334/5
usemtl prototype/128_honey_2
f  2414/3341/6  2411/3342/6  2412/3343/6  2413/3344/6

o entity49_brush7
usemtl prototype/128_honey_2
f  2415/83/1  2416/3292/1  2417/1084/1  2418/1811/1
usemtl prototype/128_honey_2
f  2419/3345/2  2417/461/2  2416/1755/2  2420/3338/2
usemtl prototype/128_honey_2
f  2420/3336/3  2416/2686/3  2415/1764/3  2421/3332/3
usemtl prototype/128_honey_2
f  2422/3338/4  2418/1755/4  2417/2691/4  2419/3339/4
usemtl prototype/128_honey_2
f  2421/3332/5  2415/1764/5  2418/472/5  2422/3346/5
usemtl prototype/blue_3
f  2422/1811/6  2419/1084/6  2420/3292/6  2421/83/6

o entity49_brush8
usemtl prototype/blue_3
f  2423/83/1  2424/3292/1  2425/1084/1  2426/1811/1
usemtl prototype/128_honey_2
f  2427/3347/2  2425/45/2  2424/3337/2  2428/3314/2
usemtl prototype/128_honey_2
f  2428/3348/3  2424/3335/3  2423/3331/3  2429/3315/3
usemtl prototype/128_honey_2
f  2430/3314/4  2426/3337/4  2425/3340/4  2427/3349/4
usemtl prototype/128_honey_2
f  2429/3315/5  2423/3331/5  2426/46/5  2430/1493/5
usemtl prototype/128_honey_2
f  2430/1818/6  2427/1097/6  2428/3303/6  2429/24/6

o entity49_brush9
usemtl prototype/128_honey_2
f  2431/1763/1  2432/3302/1  2433/3311/1  2434/1736/1
usemtl prototype/128_honey_2
f  2435/3350/2  2433/3351/2  2432/2688/2  2436/3315/2
usemtl prototype/128_honey_2
f  2436/3352/3  2432/3353/3  2431/3354/3  2437/3355/3
usemtl prototype/128_grey_3
f  2438/3356/4  2434/3357/4  2433/3358/4  2435/3359/4
usemtl prototype/128_honey_2
f  2437/3314/5  2431/2689/5  2434/3360/5  2438/3313/5
usemtl prototype/128_honey_2
f  2438/1736/6  2435/3311/6  2436/3302/6  2437/1763/6

o entity49_brush10
usemtl prototype/128_honey_2
f  2439/3303/1  2440/1763/1  2441/1736/1  2442/3325/1
usemtl prototype/128_grey_3
f  2443/3361/2  2441/3362/2  2440/3338/2  2444/3337/2
usemtl prototype/128_honey_2
f  2444/3363/3  2440/3354/3  2439/3336/3  2445/3335/3
usemtl prototype/128_grey_3
f  2446/3340/4  2442/3339/4  2441/3364/4  2443/3365/4
usemtl prototype/128_grey_3
f  2445/3331/5  2439/3332/5  2442/3366/5  2446/3367/5
usemtl prototype/128_honey_2
f  2446/3325/6  2443/1736/6  2444/1763/6  2445/3303/6

o entity50_brush0
usemtl prototype/128_grey_3
f  2447/3368/48  2448/3369/48  2449/3370/48  2450/3371/48
usemtl prototype/128_honey_2
f  2450/3372/3  2449/3316/3  2451/3280/3
usemtl prototype/128_grey_3
f  2452/3285/4  2448/3317/4  2447/3373/4
usemtl prototype/128_grey_3
f  2451/3287/5  2449/3315/5  2448/3350/5  2452/3312/5
usemtl prototype/128_honey_2
f  2447/3065/6  2450/3374/6  2451/1821/6  2452/1832/6

o entity50_brush1
usemtl prototype/128_grey_3
f  2453/3375/42  2454/3376/42  2455/3377/42  2456/3378/42
usemtl prototype/128_honey_2
f  2456/3379/3  2455/3316/3  2457/3380/3
usemtl prototype/128_grey_3
f  2458/3381/4  2454/3317/4  2453/3382/4
usemtl prototype/128_grey_3
f  2457/3383/43  2455/3384/43  2454/3385/43  2458/3386/43
usemtl prototype/128_honey_2
f  2453/3387/44  2456/3388/44  2457/3389/44  2458/3390/44

o entity50_brush2
usemtl prototype/128_grey_3
f  2459/3391/36  2460/3392/36  2461/3393/36  2462/3394/36
usemtl prototype/128_honey_2
f  2463/3395/3  2460/3396/3  2459/3316/3
usemtl prototype/128_grey_3
f  2462/3317/4  2461/3397/4  2464/3398/4
usemtl prototype/128_honey_2
f  2464/3399/37  2461/3400/37  2460/3401/37  2463/3402/37
usemtl prototype/128_grey_3
f  2459/3403/38  2462/3404/38  2464/3405/38  2463/3406/38

o entity50_brush3
usemtl prototype/128_grey_3
f  2465/1820/1  2466/83/1  2467/86/1  2468/1831/1
usemtl prototype/128_honey_2
f  2469/3407/2  2467/3313/2  2466/3314/2  2470/3397/2
usemtl prototype/128_honey_2
f  2470/3396/3  2466/3315/3  2465/3316/3
usemtl prototype/128_grey_3
f  2468/3317/4  2467/3314/4  2469/3397/4
usemtl prototype/128_grey_3
f  2470/3408/35  2465/3409/35  2468/3410/35  2469/3411/35

o entity50_brush4
usemtl prototype/128_grey_3
f  2471/3412/39  2472/3413/39  2473/3414/39  2474/3415/39
usemtl prototype/128_honey_2
f  2475/3416/3  2472/3395/3  2471/3316/3
usemtl prototype/128_grey_3
f  2474/3317/4  2473/3398/4  2476/3417/4
usemtl prototype/128_honey_2
f  2476/3418/40  2473/3419/40  2472/3420/40  2475/3421/40
usemtl prototype/128_grey_3
f  2471/3422/41  2474/3423/41  2476/3424/41  2475/3425/41

o entity50_brush5
usemtl prototype/128_grey_3
f  2477/3426/32  2478/3427/32  2479/3428/32  2480/3429/32
usemtl prototype/128_honey_2
f  2480/3416/3  2479/3316/3  2481/3379/3
usemtl prototype/128_grey_3
f  2482/3382/4  2478/3317/4  2477/3417/4
usemtl prototype/128_grey_3
f  2481/3430/33  2479/3431/33  2478/3432/33  2482/3433/33
usemtl prototype/128_honey_2
f  2477/3434/34  2480/3435/34  2481/3436/34  2482/3437/34

o entity50_brush6
usemtl prototype/128_grey_3
f  2483/3438/45  2484/3439/45  2485/3440/45  2486/3441/45
usemtl prototype/128_honey_2
f  2486/3380/3  2485/3316/3  2487/3372/3
usemtl prototype/128_grey_3
f  2488/3373/4  2484/3317/4  2483/3381/4
usemtl prototype/128_grey_3
f  2487/3442/46  2485/3443/46  2484/3444/46  2488/3445/46
usemtl prototype/128_honey_2
f  2483/3446/167  2486/3447/167  2487/3448/167  2488/3449/167

o entity50_brush7
usemtl prototype/128_honey_2
f  2489/1820/1  2490/3341/1  2491/3450/1  2492/534/1
usemtl prototype/128_grey_3
f  2493/3451/48  2491/3452/48  2490/3371/48  2494/3453/48
usemtl prototype/128_honey_2
f  2494/3454/3  2490/3372/3  2489/3280/3  2495/985/3
usemtl prototype/128_grey_3
f  2496/964/4  2492/3285/4  2491/3373/4  2493/3455/4
usemtl prototype/128_grey_3
f  2495/3286/5  2489/3287/5  2492/3288/5  2496/3289/5
usemtl prototype/128_honey_2
f  2496/594/6  2493/3456/6  2494/3457/6  2495/1821/6

o entity50_brush8
usemtl prototype/128_honey_2
f  2497/3458/60  2498/3459/60  2499/3460/60  2500/3461/60
usemtl prototype/128_grey_3
f  2501/3462/45  2499/3463/45  2498/3441/45  2502/3464/45
usemtl prototype/128_honey_2
f  2502/3465/3  2498/3380/3  2497/3372/3  2503/3454/3
usemtl prototype/128_grey_3
f  2504/3455/4  2500/3373/4  2499/3381/4  2501/3466/4
usemtl prototype/128_grey_3
f  2503/3467/46  2497/3442/46  2500/3468/46  2504/3469/46
usemtl prototype/128_honey_2
f  2504/3470/168  2501/3471/168  2502/3472/168  2503/3473/168

o entity50_brush9
usemtl prototype/128_honey_2
f  2505/3474/57  2506/3475/57  2507/3476/57  2508/3477/57
usemtl prototype/128_grey_3
f  2509/3478/42  2507/3479/42  2506/3378/42  2510/3480/42
usemtl prototype/128_honey_2
f  2510/3481/3  2506/3379/3  2505/3380/3  2511/3465/3
usemtl prototype/128_grey_3
f  2512/3466/4  2508/3381/4  2507/3382/4  2509/3482/4
usemtl prototype/128_grey_3
f  2511/3483/43  2505/3383/43  2508/3484/43  2512/3485/43
usemtl prototype/128_honey_2
f  2512/3486/44  2509/3487/44  2510/3488/44  2511/3489/44

o entity50_brush10
usemtl prototype/128_grey_3
f  2513/3490/32  2514/3491/32  2515/3429/32  2516/3492/32
usemtl prototype/128_honey_2
f  2517/3493/54  2515/3494/54  2514/3495/54  2518/3496/54
usemtl prototype/128_honey_2
f  2516/3497/3  2515/3416/3  2517/3379/3  2519/3481/3
usemtl prototype/128_grey_3
f  2520/3482/4  2518/3382/4  2514/3417/4  2513/3498/4
usemtl prototype/128_grey_3
f  2519/3499/33  2517/3430/33  2518/3500/33  2520/3501/33
usemtl prototype/128_honey_2
f  2520/3502/34  2513/3503/34  2516/3504/34  2519/3505/34

o entity50_brush11
usemtl prototype/128_grey_3
f  2521/3506/39  2522/3507/39  2523/3413/39  2524/3508/39
usemtl prototype/128_honey_2
f  2525/3509/56  2523/3510/56  2522/3511/56  2526/3512/56
usemtl prototype/128_honey_2
f  2527/3497/3  2524/3513/3  2523/3395/3  2525/3416/3
usemtl prototype/128_grey_3
f  2526/3417/4  2522/3398/4  2521/3514/4  2528/3498/4
usemtl prototype/128_honey_2
f  2528/3515/99  2521/3516/99  2524/3517/99  2527/3518/99
usemtl prototype/16_grey_3
f  2526/3519/41  2528/3520/41  2527/3521/41  2525/3425/41

o entity50_brush12
usemtl prototype/128_grey_3
f  2529/3522/36  2530/3523/36  2531/3392/36  2532/3524/36
usemtl prototype/128_honey_2
f  2533/3525/61  2531/3526/61  2530/3527/61  2534/3528/61
usemtl prototype/128_honey_2
f  2535/3513/3  2532/3529/3  2531/3396/3  2533/3395/3
usemtl prototype/128_grey_3
f  2534/3398/4  2530/3397/4  2529/3530/4  2536/3514/4
usemtl prototype/128_honey_2
f  2536/3531/169  2529/3532/169  2532/3533/169  2535/3534/169
usemtl prototype/16_grey_3
f  2534/3535/38  2536/3536/38  2535/3537/38  2533/3406/38

o entity50_brush13
usemtl prototype/128_honey_2
f  2537/1811/1  2538/1084/1  2539/943/1  2540/1812/1
usemtl prototype/128_honey_2
f  2541/3538/2  2539/194/2  2538/461/2  2542/3347/2
usemtl prototype/blue_3
f  2542/3539/3  2538/3540/3  2537/3541/3  2543/3542/3
usemtl prototype/128_grey_3
f  2544/3314/4  2540/1755/4  2539/2691/4  2541/3349/4
usemtl prototype/128_honey_2
f  2543/1493/5  2537/472/5  2540/182/5  2544/3543/5
usemtl prototype/16_grey_3
f  2544/1817/6  2541/234/6  2542/1097/6  2543/1818/6

o entity50_brush14
usemtl prototype/128_blue_3
f  2545/83/1  2546/3292/1  2547/1084/1  2548/1811/1
usemtl prototype/128_honey_2
f  2549/3544/2  2547/3347/2  2546/3314/2  2550/3545/2
usemtl prototype/128_honey_2
f  2550/3529/3  2546/3348/3  2545/3315/3  2551/3396/3
usemtl prototype/128_grey_3
f  2552/3397/4  2548/3314/4  2547/3349/4  2549/3530/4
usemtl prototype/128_honey_2
f  2551/3396/5  2545/3315/5  2548/1493/5  2552/3546/5
usemtl prototype/16_grey_3
f  2552/3547/35  2549/3548/35  2550/3549/35  2551/3408/35

o entity51_brush0
usemtl prototype/128_grey_3
f  2553/1809/1  2554/3321/1  2555/3291/1  2556/1764/1
usemtl prototype/128_honey_2
f  2556/3309/3  2555/3294/3  2557/3550/3
usemtl prototype/128_grey_3
f  2558/3551/4  2554/3301/4  2553/3310/4
usemtl prototype/128_honey_2
f  2557/3552/5  2555/3302/5  2554/3311/5  2558/94/5
usemtl prototype/128_grey_3
f  2553/3553/7  2556/3554/7  2557/3555/7  2558/3556/7

o entity51_brush1
usemtl prototype/128_grey_3
f  2559/3557/8  2560/3558/8  2561/3559/8  2562/3560/8
usemtl prototype/128_honey_2
f  2562/3309/3  2561/3561/3  2563/3562/3
usemtl prototype/128_grey_3
f  2564/3563/4  2560/3564/4  2559/3310/4
usemtl prototype/128_honey_2
f  2563/3565/9  2561/3566/9  2560/3567/9  2564/3568/9
usemtl prototype/128_grey_3
f  2559/3569/10  2562/3570/10  2563/3571/10  2564/3572/10

o entity51_brush2
usemtl prototype/128_grey_3
f  2565/3573/11  2566/3574/11  2567/3575/11  2568/3576/11
usemtl prototype/128_honey_2
f  2569/3577/3  2566/3309/3  2565/3578/3
usemtl prototype/128_grey_3
f  2568/3579/4  2567/3310/4  2570/3580/4
usemtl prototype/128_grey_3
f  2570/3581/12  2567/3582/12  2566/3583/12  2569/3584/12
usemtl prototype/128_honey_2
f  2568/3585/13  2570/3586/13  2569/3587/13  2565/3588/13

o entity51_brush3
usemtl prototype/128_grey_3
f  2571/3589/14  2572/3590/14  2573/3591/14  2574/3592/14
usemtl prototype/128_grey_3
f  2575/3307/2  2573/3308/2  2572/3293/2  2576/3278/2
usemtl prototype/128_honey_2
f  2576/3281/3  2572/3309/3  2571/3577/3
usemtl prototype/128_grey_3
f  2574/3580/4  2573/3310/4  2575/3284/4
usemtl prototype/128_honey_2
f  2576/1755/6  2571/3593/6  2574/3594/6  2575/1808/6

o entity51_brush4
usemtl prototype/128_grey_3
f  2577/3595/15  2578/3596/15  2579/3597/15  2580/3598/15
usemtl prototype/128_honey_2
f  2581/3578/3  2578/3309/3  2577/3599/3
usemtl prototype/128_grey_3
f  2580/3600/4  2579/3310/4  2582/3579/4
usemtl prototype/128_grey_3
f  2582/3601/16  2579/3602/16  2578/3603/16  2581/3604/16
usemtl prototype/128_honey_2
f  2580/3605/17  2582/3606/17  2581/3607/17  2577/3608/17

o entity51_brush5
usemtl prototype/128_grey_3
f  2583/3609/18  2584/3610/18  2585/3611/18  2586/3612/18
usemtl prototype/128_honey_2
f  2587/3599/3  2584/3309/3  2583/3562/3
usemtl prototype/128_grey_3
f  2586/3563/4  2585/3310/4  2588/3600/4
usemtl prototype/128_grey_3
f  2588/3613/19  2585/3614/19  2584/3615/19  2587/3616/19
usemtl prototype/128_honey_2
f  2583/3617/20  2586/3618/20  2588/3619/20  2587/3620/20

o entity51_brush6
usemtl prototype/128_grey_3
f  2589/3621/21  2590/3622/21  2591/3623/21  2592/3624/21
usemtl prototype/128_honey_2
f  2592/3309/3  2591/3550/3  2593/3561/3
usemtl prototype/128_grey_3
f  2594/3564/4  2590/3551/4  2589/3310/4
usemtl prototype/128_honey_2
f  2593/3625/22  2591/3626/22  2590/3627/22  2594/3628/22
usemtl prototype/128_grey_3
f  2589/3629/23  2592/3630/23  2593/3631/23  2594/3632/23

o entity51_brush7
usemtl prototype/128_honey_2
f  2595/3633/1  2596/3634/1  2597/1764/1  2598/445/1
usemtl prototype/128_grey_3
f  2599/3635/67  2596/3589/67  2595/3636/67  2600/3637/67
usemtl prototype/16_grey_3
f  2601/3638/2  2598/3373/2  2597/3278/2  2602/3279/2
usemtl prototype/128_honey_2
f  2602/3282/3  2597/3281/3  2596/3577/3  2599/3639/3
usemtl prototype/128_grey_3
f  2600/3640/4  2595/3580/4  2598/3284/4  2601/3283/4
usemtl prototype/128_honey_2
f  2601/428/6  2602/1755/6  2599/3641/6  2600/3642/6

o entity51_brush8
usemtl prototype/128_honey_2
f  2603/3643/50  2604/3644/50  2605/3645/50  2606/3646/50
usemtl prototype/128_grey_3
f  2607/3647/11  2605/3573/11  2604/3648/11  2608/3649/11
usemtl prototype/128_honey_2
f  2609/3639/3  2606/3577/3  2605/3578/3  2607/3650/3
usemtl prototype/128_grey_3
f  2608/3651/4  2604/3579/4  2603/3580/4  2610/3640/4
usemtl prototype/16_grey_3
f  2610/3652/12  2603/3653/12  2606/3584/12  2609/3654/12
usemtl prototype/128_honey_2
f  2608/3655/170  2610/3656/170  2609/3657/170  2607/3658/170

o entity51_brush9
usemtl prototype/128_honey_2
f  2611/3659/53  2612/3660/53  2613/3661/53  2614/3662/53
usemtl prototype/128_grey_3
f  2615/3663/15  2613/3595/15  2612/3664/15  2616/3665/15
usemtl prototype/128_honey_2
f  2617/3650/3  2614/3578/3  2613/3599/3  2615/3666/3
usemtl prototype/128_grey_3
f  2616/3667/4  2612/3600/4  2611/3579/4  2618/3651/4
usemtl prototype/128_grey_3
f  2618/3668/16  2611/3669/16  2614/3604/16  2617/3670/16
usemtl prototype/128_honey_2
f  2616/3671/17  2618/3672/17  2617/3673/17  2615/3674/17

o entity51_brush10
usemtl prototype/128_grey_3
f  2619/3675/18  2620/3609/18  2621/3676/18  2622/3677/18
usemtl prototype/128_honey_2
f  2623/3678/52  2621/3679/52  2620/3680/52  2624/3681/52
usemtl prototype/128_honey_2
f  2625/3666/3  2624/3599/3  2620/3562/3  2619/3682/3
usemtl prototype/128_grey_3
f  2622/3683/4  2621/3563/4  2623/3600/4  2626/3667/4
usemtl prototype/128_grey_3
f  2626/3684/19  2623/3685/19  2624/3616/19  2625/3686/19
usemtl prototype/128_honey_2
f  2619/3687/20  2622/3688/20  2626/3689/20  2625/3690/20

o entity51_brush11
usemtl prototype/128_grey_3
f  2627/3691/8  2628/3559/8  2629/3692/8  2630/3693/8
usemtl prototype/128_honey_2
f  2631/3694/51  2629/3695/51  2628/3696/51  2632/3697/51
usemtl prototype/128_honey_2
f  2632/3562/3  2628/3561/3  2627/3698/3  2633/3682/3
usemtl prototype/128_grey_3
f  2634/3683/4  2630/3699/4  2629/3564/4  2631/3563/4
usemtl prototype/128_honey_2
f  2633/3700/9  2627/3701/9  2630/3702/9  2634/3703/9
usemtl prototype/128_grey_3
f  2634/3704/10  2631/3705/10  2632/3571/10  2633/3706/10

o entity51_brush12
usemtl prototype/128_grey_3
f  2635/3707/21  2636/3623/21  2637/3708/21  2638/3709/21
usemtl prototype/128_honey_2
f  2639/3710/171  2637/3711/171  2636/3712/171  2640/3713/171
usemtl prototype/128_honey_2
f  2640/3561/3  2636/3550/3  2635/3714/3  2641/3698/3
usemtl prototype/128_grey_3
f  2642/3699/4  2638/3715/4  2637/3551/4  2639/3564/4
usemtl prototype/128_honey_2
f  2641/3716/63  2635/3717/63  2638/3718/63  2642/3719/63
usemtl prototype/128_grey_3
f  2642/3720/23  2639/3721/23  2640/3631/23  2641/3722/23

o entity51_brush13
usemtl prototype/128_grey_3
f  2643/3290/1  2644/3291/1  2645/957/1  2646/909/1
usemtl prototype/128_honey_2
f  2647/303/2  2645/930/2  2644/3293/2  2648/3318/2
usemtl prototype/128_honey_2
f  2648/3550/3  2644/3294/3  2643/3297/3  2649/3714/3
usemtl prototype/128_grey_3
f  2650/3715/4  2646/3298/4  2645/3301/4  2647/3551/4
usemtl prototype/128_honey_2
f  2649/3723/5  2643/3302/5  2646/268/5  2650/3724/5
usemtl prototype/128_grey_3
f  2650/3725/7  2647/3726/7  2648/3555/7  2649/3727/7

o entity52_brush0
usemtl prototype/128_grey_3
f  2651/3321/1  2652/1809/1  2653/3728/1  2654/3729/1
usemtl prototype/128_honey_2
f  2655/3730/2  2653/3731/2  2652/1716/2  2656/1715/2
usemtl prototype/128_grey_3
f  2656/3732/3  2652/3733/3  2651/3734/3  2657/3735/3
usemtl prototype/128_grey_3
f  2658/3736/4  2654/3737/4  2653/3738/4  2655/3739/4
usemtl prototype/128_honey_2
f  2657/1725/5  2651/22/5  2654/3740/5  2658/3741/5
usemtl prototype/16_grey_3
f  2658/3742/6  2655/3743/6  2656/1808/6  2657/3326/6

o entity52_brush1
usemtl prototype/128_grey_3
f  2659/3321/1  2660/1809/1  2661/179/1  2662/3744/1
usemtl prototype/128_honey_2
f  2663/1746/2  2661/270/2  2660/1731/2  2664/1716/2
usemtl prototype/128_grey_3
f  2664/3733/3  2660/3745/3  2659/3746/3  2665/3734/3
usemtl prototype/128_grey_3
f  2666/3737/4  2662/3747/4  2661/3748/4  2663/3738/4
usemtl prototype/128_honey_2
f  2665/22/5  2659/1736/5  2662/285/5  2666/1747/5
usemtl prototype/16_grey_3
f  2666/3749/6  2663/153/6  2664/1808/6  2665/3326/6

o entity52_brush2
usemtl prototype/128_grey_3
f  2667/3321/1  2668/1809/1  2669/3091/1  2670/3750/1
usemtl prototype/128_honey_2
f  2671/2850/2  2669/3751/2  2668/3752/2  2672/1731/2
usemtl prototype/128_grey_3
f  2672/3745/3  2668/3753/3  2667/3754/3  2673/3746/3
usemtl prototype/128_grey_3
f  2674/3747/4  2670/3755/4  2669/3756/4  2671/3748/4
usemtl prototype/128_honey_2
f  2673/1736/5  2667/3757/5  2670/3758/5  2674/2860/5
usemtl prototype/16_grey_3
f  2674/3759/6  2671/3082/6  2672/1808/6  2673/3326/6

o entity52_brush3
usemtl prototype/128_grey_3
f  2675/3321/1  2676/1809/1  2677/230/1  2678/958/1
usemtl prototype/128_honey_2
f  2679/401/2  2677/150/2  2676/3322/2  2680/3752/2
usemtl prototype/128_grey_3
f  2680/3753/3  2676/3323/3  2675/3295/3  2681/3754/3
usemtl prototype/128_grey_3
f  2682/3755/4  2678/3300/4  2677/3324/4  2679/3756/4
usemtl prototype/128_honey_2
f  2681/3757/5  2675/3325/5  2678/135/5  2682/398/5
usemtl prototype/16_grey_3
f  2682/3760/6  2679/156/6  2680/1808/6  2681/3326/6

o entity53_brush0
usemtl prototype/128_honey_2
f  2683/3634/1  2684/1764/1  2685/230/1  2686/3761/1
usemtl prototype/128_honey_2
f  2687/150/2  2685/155/2  2684/3272/2  2688/3292/2
usemtl prototype/128_honey_2
f  2688/3323/3  2684/3275/3  2683/3762/3
usemtl prototype/128_grey_3
f  2686/3763/4  2685/3276/4  2687/3324/4
usemtl prototype/128_grey_3
f  2688/3764/46  2683/3765/46  2686/3766/46  2687/3767/46

o entity53_brush1
usemtl prototype/128_honey_2
f  2689/3768/57  2690/3769/57  2691/3770/57  2692/3771/57
usemtl prototype/128_grey_3
f  2693/3772/45  2691/3773/45  2690/3774/45  2694/3775/45
usemtl prototype/128_honey_2
f  2694/3323/3  2690/3776/3  2689/3777/3
usemtl prototype/128_grey_3
f  2692/3778/4  2691/3779/4  2693/3324/4
usemtl prototype/128_grey_3
f  2694/3780/33  2689/3781/33  2692/3782/33  2693/3783/33

o entity53_brush2
usemtl prototype/128_grey_3
f  2695/3784/39  2696/3785/39  2697/3786/39  2698/3787/39
usemtl prototype/128_honey_2
f  2699/3788/61  2697/3789/61  2696/3790/61  2700/3791/61
usemtl prototype/128_honey_2
f  2698/3323/3  2697/3792/3  2699/3793/3
usemtl prototype/128_grey_3
f  2700/3794/4  2696/3795/4  2695/3324/4
usemtl prototype/128_grey_3
f  2695/3796/35  2698/3797/35  2699/3798/35  2700/3799/35

o entity53_brush3
usemtl prototype/128_grey_3
f  2701/3800/36  2702/3801/36  2703/3802/36  2704/3803/36
usemtl prototype/128_honey_2
f  2704/3323/3  2703/3793/3  2705/3295/3
usemtl prototype/128_grey_3
f  2706/3300/4  2702/3794/4  2701/3324/4
usemtl prototype/128_honey_2
f  2705/3303/5  2703/1745/5  2702/3804/5  2706/135/5
usemtl prototype/128_grey_3
f  2701/156/6  2704/1755/6  2705/3305/6  2706/3760/6

o entity53_brush4
usemtl prototype/128_grey_3
f  2707/3805/32  2708/3806/32  2709/3807/32  2710/3808/32
usemtl prototype/128_honey_2
f  2711/3809/56  2709/3810/56  2708/3811/56  2712/3812/56
usemtl prototype/128_honey_2
f  2710/3323/3  2709/3813/3  2711/3792/3
usemtl prototype/128_grey_3
f  2712/3795/4  2708/3814/4  2707/3324/4
usemtl prototype/128_grey_3
f  2707/3815/38  2710/3816/38  2711/3817/38  2712/3818/38

o entity53_brush5
usemtl prototype/128_honey_2
f  2713/3819/54  2714/3820/54  2715/3821/54  2716/3822/54
usemtl prototype/128_grey_3
f  2717/3823/42  2715/3824/42  2714/3825/42  2718/3826/42
usemtl prototype/128_honey_2
f  2718/3323/3  2714/3777/3  2713/3813/3
usemtl prototype/128_grey_3
f  2716/3814/4  2715/3778/4  2717/3324/4
usemtl prototype/128_grey_3
f  2718/3827/41  2713/3828/41  2716/3829/41  2717/3830/41

o entity53_brush6
usemtl prototype/128_honey_2
f  2719/3831/58  2720/3832/58  2721/3833/58  2722/3834/58
usemtl prototype/128_grey_3
f  2723/3835/48  2721/3836/48  2720/3837/48  2724/3838/48
usemtl prototype/128_honey_2
f  2724/3323/3  2720/3762/3  2719/3776/3
usemtl prototype/128_grey_3
f  2722/3779/4  2721/3763/4  2723/3324/4
usemtl prototype/128_grey_3
f  2724/3839/43  2719/3840/43  2722/3841/43  2723/3842/43

o entity53_brush7
usemtl prototype/16_grey_3
f  2725/3843/36  2726/3802/36  2727/3844/36  2728/3845/36
usemtl prototype/128_honey_2
f  2729/3846/2  2727/3847/2  2726/1738/2  2730/3292/2
usemtl prototype/128_honey_2
f  2730/3295/3  2726/3793/3  2725/3848/3  2731/3296/3
usemtl prototype/128_grey_3
f  2732/3299/4  2728/3849/4  2727/3794/4  2729/3300/4
usemtl prototype/128_honey_2
f  2731/3303/5  2725/3850/5  2728/3851/5  2732/3852/5
usemtl prototype/128_grey_3
f  2732/3853/6  2729/3854/6  2730/3305/6  2731/3306/6

o entity53_brush8
usemtl prototype/128_grey_3
f  2733/3785/39  2734/3855/39  2735/3856/39  2736/3786/39
usemtl prototype/128_honey_2
f  2737/3857/172  2735/3858/172  2734/3859/172  2738/3860/172
usemtl prototype/128_honey_2
f  2739/3793/3  2736/3792/3  2735/3861/3  2737/3848/3
usemtl prototype/128_grey_3
f  2738/3849/4  2734/3862/4  2733/3795/4  2740/3794/4
usemtl prototype/128_honey_2
f  2740/3863/37  2733/3864/37  2736/3865/37  2739/3866/37
usemtl prototype/128_grey_3
f  2738/3867/35  2740/3799/35  2739/3798/35  2737/3868/35

o entity53_brush9
usemtl prototype/128_grey_3
f  2741/3806/32  2742/3869/32  2743/3870/32  2744/3807/32
usemtl prototype/128_honey_2
f  2745/3871/56  2743/3872/56  2742/3873/56  2746/3874/56
usemtl prototype/128_honey_2
f  2747/3792/3  2744/3813/3  2743/3875/3  2745/3861/3
usemtl prototype/128_grey_3
f  2746/3862/4  2742/3876/4  2741/3814/4  2748/3795/4
usemtl prototype/128_honey_2
f  2748/3877/40  2741/3878/40  2744/3879/40  2747/3880/40
usemtl prototype/128_grey_3
f  2746/3881/38  2748/3818/38  2747/3817/38  2745/3882/38

o entity53_brush10
usemtl prototype/128_honey_2
f  2749/3883/54  2750/3884/54  2751/3885/54  2752/3886/54
usemtl prototype/128_grey_3
f  2753/3824/42  2751/3887/42  2750/3888/42  2754/3825/42
usemtl prototype/128_honey_2
f  2755/3813/3  2754/3777/3  2750/3889/3  2749/3875/3
usemtl prototype/128_grey_3
f  2752/3876/4  2751/3890/4  2753/3778/4  2756/3814/4
usemtl prototype/128_honey_2
f  2756/3891/34  2753/3892/34  2754/3893/34  2755/3894/34
usemtl prototype/128_grey_3
f  2749/3895/41  2752/3896/41  2756/3829/41  2755/3828/41

o entity53_brush11
usemtl prototype/128_honey_2
f  2757/3897/57  2758/3898/57  2759/3899/57  2760/3900/57
usemtl prototype/128_grey_3
f  2761/3773/45  2759/3901/45  2758/3902/45  2762/3774/45
usemtl prototype/128_honey_2
f  2762/3776/3  2758/3903/3  2757/3889/3  2763/3777/3
usemtl prototype/128_grey_3
f  2764/3778/4  2760/3890/4  2759/3904/4  2761/3779/4
usemtl prototype/128_grey_3
f  2763/3781/33  2757/3905/33  2760/3906/33  2764/3782/33
usemtl prototype/128_honey_2
f  2764/3907/44  2761/3908/44  2762/3909/44  2763/3910/44

o entity53_brush12
usemtl prototype/128_honey_2
f  2765/3911/58  2766/3912/58  2767/3913/58  2768/3914/58
usemtl prototype/128_grey_3
f  2769/3836/48  2767/3915/48  2766/3916/48  2770/3837/48
usemtl prototype/128_honey_2
f  2770/3762/3  2766/3917/3  2765/3903/3  2771/3776/3
usemtl prototype/128_grey_3
f  2772/3779/4  2768/3904/4  2767/3918/4  2769/3763/4
usemtl prototype/128_grey_3
f  2771/3840/43  2765/3919/43  2768/3920/43  2772/3841/43
usemtl prototype/128_honey_2
f  2772/3921/47  2769/3922/47  2770/3923/47  2771/3924/47

o entity53_brush13
usemtl prototype/128_honey_2
f  2773/3925/1  2774/1764/1  2775/230/1  2776/3926/1
usemtl prototype/128_honey_2
f  2777/155/2  2775/398/2  2774/3927/2  2778/3272/2
usemtl prototype/128_honey_2
f  2778/3275/3  2774/3756/3  2773/3917/3  2779/3762/3
usemtl prototype/128_grey_3
f  2780/3763/4  2776/3918/4  2775/3753/4  2777/3276/4
usemtl prototype/128_grey_3
f  2779/3765/46  2773/3928/46  2776/3929/46  2780/3766/46
usemtl prototype/128_honey_2
f  2780/3930/6  2777/156/6  2778/1755/6  2779/3593/6

o entity54_brush0
usemtl prototype/16_honey_3
f  2781/3931/1  2782/3932/1  2783/3933/1  2784/3934/1
usemtl prototype/16_honey_3
f  2785/3935/2  2783/3936/2  2782/3937/2  2786/400/2
usemtl prototype/16_honey_3
f  2786/3938/3  2782/3939/3  2781/3940/3  2787/3941/3
usemtl prototype/16_honey_3
f  2788/3942/4  2784/3943/4  2783/3944/4  2785/3945/4
usemtl prototype/16_honey_3
f  2787/399/5  2781/3946/5  2784/3947/5  2788/3948/5
usemtl prototype/16_honey_3
f  2788/3949/6  2785/3950/6  2786/3951/6  2787/3952/6

o entity54_brush1
usemtl prototype/16_honey_3
f  2789/3953/1  2790/3954/1  2791/3955/1  2792/3956/1
usemtl prototype/16_honey_3
f  2793/3935/2  2791/3936/2  2790/3937/2  2794/400/2
usemtl prototype/16_honey_3
f  2794/3957/3  2790/3958/3  2789/3959/3  2795/3960/3
usemtl prototype/16_honey_3
f  2796/3961/4  2792/3962/4  2791/3963/4  2793/3964/4
usemtl prototype/16_honey_3
f  2795/399/5  2789/3946/5  2792/3947/5  2796/3948/5
usemtl prototype/16_honey_3
f  2796/3965/6  2793/3966/6  2794/3967/6  2795/3968/6

o entity54_brush2
usemtl prototype/16_honey_3
f  2797/3969/1  2798/3970/1  2799/3971/1  2800/3972/1
usemtl prototype/16_honey_3
f  2801/3935/2  2799/3936/2  2798/3937/2  2802/400/2
usemtl prototype/16_honey_3
f  2802/3973/3  2798/3974/3  2797/3975/3  2803/3976/3
usemtl prototype/16_honey_3
f  2804/3977/4  2800/3978/4  2799/3979/4  2801/3980/4
usemtl prototype/16_honey_3
f  2803/399/5  2797/3946/5  2800/3947/5  2804/3948/5
usemtl prototype/16_honey_3
f  2804/3981/6  2801/3982/6  2802/3983/6  2803/3984/6

o entity54_brush3
usemtl prototype/16_honey_3
f  2805/3985/1  2806/3986/1  2807/3987/1  2808/3988/1
usemtl prototype/16_honey_3
f  2809/3935/2  2807/3936/2  2806/3937/2  2810/400/2
usemtl prototype/16_honey_3
f  2810/3989/3  2806/3990/3  2805/3991/3  2811/3992/3
usemtl prototype/16_honey_3
f  2812/3993/4  2808/3994/4  2807/3995/4  2809/3996/4
usemtl prototype/16_honey_3
f  2811/399/5  2805/3946/5  2808/3947/5  2812/3948/5
usemtl prototype/16_honey_3
f  2812/3997/6  2809/3998/6  2810/3999/6  2811/4000/6

o entity54_brush4
usemtl prototype/16_honey_3
f  2813/4001/1  2814/4002/1  2815/4003/1  2816/4004/1
usemtl prototype/16_honey_3
f  2817/3935/2  2815/3936/2  2814/3937/2  2818/400/2
usemtl prototype/16_honey_3
f  2818/4005/3  2814/4006/3  2813/4007/3  2819/4008/3
usemtl prototype/16_honey_3
f  2820/4009/4  2816/4010/4  2815/4011/4  2817/4012/4
usemtl prototype/16_honey_3
f  2819/399/5  2813/3946/5  2816/3947/5  2820/3948/5
usemtl prototype/16_honey_3
f  2820/4013/6  2817/4014/6  2818/4015/6  2819/4016/6

o entity55_brush0
usemtl prototype/128_blue_3
f  2821/4017/1  2822/4018/1  2823/4019/1  2824/4020/1
usemtl prototype/128_blue_3
f  2825/4021/2  2824/4022/2  2823/4023/2  2826/4024/2
usemtl prototype/128_blue_3
f  2826/4025/3  2823/3336/3  2822/4026/3  2827/4027/3
usemtl prototype/128_blue_3
f  2827/4028/5  2822/4029/5  2821/4030/5  2828/4031/5
usemtl prototype/128_blue_3
f  2828/4032/173  2821/4033/173  2824/4034/173  2825/4035/173
usemtl prototype/128_blue_3
f  2827/4036/6  2828/4037/6  2825/4038/6  2826/4039/6

o entity55_brush1
usemtl prototype/128_blue_3
f  2829/4040/174  2830/4041/174  2831/4042/174  2832/4043/174
usemtl prototype/128_blue_3
f  2833/4044/175  2831/4045/175  2830/4046/175  2834/4047/175
usemtl prototype/128_blue_3
f  2835/4048/2  2832/4049/2  2831/4022/2  2833/4021/2
usemtl prototype/128_blue_3
f  2834/4031/5  2830/4030/5  2829/4050/5  2836/4051/5
usemtl prototype/128_blue_3
f  2836/4052/176  2829/4053/176  2832/4054/176  2835/4055/176
usemtl prototype/128_blue_3
f  2835/4056/177  2833/4057/177  2834/4058/177  2836/4059/177

o entity55_brush2
usemtl prototype/128_blue_3
f  2837/4060/178  2838/4061/178  2839/4062/178  2840/4063/178
usemtl prototype/128_blue_3
f  2841/4064/179  2839/4065/179  2838/4066/179  2842/4067/179
usemtl prototype/128_blue_3
f  2843/4068/2  2840/4069/2  2839/4049/2  2841/4048/2
usemtl prototype/128_blue_3
f  2842/4051/5  2838/4050/5  2837/4070/5  2844/4071/5
usemtl prototype/128_blue_3
f  2844/4072/180  2837/4073/180  2840/4074/180  2843/4075/180
usemtl prototype/128_blue_3
f  2843/4076/181  2841/4077/181  2842/4078/181  2844/4079/181

o entity55_brush3
usemtl prototype/128_blue_3
f  2845/4080/182  2846/4081/182  2847/4082/182  2848/4083/182
usemtl prototype/128_blue_3
f  2849/4084/183  2847/4085/183  2846/4086/183  2850/4087/183
usemtl prototype/128_blue_3
f  2848/4088/2  2847/4069/2  2849/4068/2  2851/4089/2
usemtl prototype/128_blue_3
f  2852/4090/5  2850/4071/5  2846/4070/5  2845/4091/5
usemtl prototype/128_blue_3
f  2851/4092/184  2849/4093/184  2850/4094/184  2852/4095/184
usemtl prototype/128_blue_3
f  2852/4096/185  2845/4097/185  2848/4098/185  2851/4099/185

o entity55_brush4
usemtl prototype/128_blue_3
f  2853/4100/186  2854/4101/186  2855/4102/186  2856/4103/186
usemtl prototype/128_blue_3
f  2857/4104/187  2855/4105/187  2854/4106/187  2858/4107/187
usemtl prototype/128_blue_3
f  2858/4108/2  2854/4088/2  2853/4089/2  2859/4109/2
usemtl prototype/128_blue_3
f  2860/4110/5  2856/4090/5  2855/4091/5  2857/4111/5
usemtl prototype/128_blue_3
f  2859/4112/188  2853/4113/188  2856/4114/188  2860/4115/188
usemtl prototype/128_blue_3
f  2860/4116/189  2857/4117/189  2858/4118/189  2859/4119/189

o entity55_brush5
usemtl prototype/128_blue_3
f  2861/4120/190  2862/4121/190  2863/4122/190  2864/4123/190
usemtl prototype/128_blue_3
f  2865/4124/191  2863/4125/191  2862/4126/191  2866/4127/191
usemtl prototype/128_blue_3
f  2866/4128/2  2862/4108/2  2861/4109/2  2867/4129/2
usemtl prototype/128_blue_3
f  2868/4130/5  2864/4110/5  2863/4111/5  2865/4131/5
usemtl prototype/128_blue_3
f  2867/4132/192  2861/4133/192  2864/4134/192  2868/4135/192
usemtl prototype/128_blue_3
f  2868/4136/193  2865/4137/193  2866/4138/193  2867/4139/193

o entity55_brush6
usemtl prototype/128_blue_3
f  2869/4140/194  2870/4141/194  2871/4142/194  2872/4143/194
usemtl prototype/128_blue_3
f  2873/4144/2  2871/4128/2  2870/4129/2  2874/4145/2
usemtl prototype/128_blue_3
f  2874/4146/3  2870/4147/3  2869/4148/3  2875/4149/3
usemtl prototype/128_blue_3
f  2876/4150/4  2872/4151/4  2871/4152/4  2873/4153/4
usemtl prototype/128_blue_3
f  2875/4154/5  2869/4130/5  2872/4131/5  2876/4155/5
usemtl prototype/128_blue_3
f  2876/4156/6  2873/1097/6  2874/233/6  2875/4157/6

o entity55_brush7
usemtl prototype/128_blue_3
f  2877/4018/1  2878/4019/1  2879/4158/1  2880/4159/1
usemtl prototype/128_blue_3
f  2881/4160/195  2880/4161/195  2879/4162/195  2882/4163/195
usemtl prototype/128_blue_3
f  2882/4164/2  2879/4165/2  2878/4166/2  2883/4167/2
usemtl prototype/128_blue_3
f  2883/3335/3  2878/4168/3  2877/4169/3  2884/4170/3
usemtl prototype/128_blue_3
f  2884/4171/5  2877/4172/5  2880/4173/5  2881/4174/5
usemtl prototype/128_blue_3
f  2883/4039/6  2884/4036/6  2881/4175/6  2882/4176/6

o entity55_brush8
usemtl prototype/128_blue_3
f  2885/4177/196  2886/4178/196  2887/4179/196  2888/4180/196
usemtl prototype/128_blue_3
f  2889/4181/197  2887/4182/197  2886/4183/197  2890/4184/197
usemtl prototype/128_blue_3
f  2890/4185/2  2886/4186/2  2885/4165/2  2891/4164/2
usemtl prototype/128_blue_3
f  2892/4174/5  2888/4173/5  2887/4187/5  2889/4188/5
usemtl prototype/128_blue_3
f  2891/4189/198  2885/4190/198  2888/4191/198  2892/4192/198
usemtl prototype/128_blue_3
f  2892/4193/199  2889/4194/199  2890/4195/199  2891/4196/199

o entity55_brush9
usemtl prototype/128_blue_3
f  2893/4197/200  2894/4198/200  2895/4199/200  2896/4200/200
usemtl prototype/128_blue_3
f  2897/4201/201  2895/4202/201  2894/4203/201  2898/4204/201
usemtl prototype/128_blue_3
f  2898/4205/2  2894/4206/2  2893/4186/2  2899/4185/2
usemtl prototype/128_blue_3
f  2900/4188/5  2896/4187/5  2895/4207/5  2897/4208/5
usemtl prototype/128_blue_3
f  2899/4209/202  2893/4210/202  2896/4211/202  2900/4212/202
usemtl prototype/128_blue_3
f  2900/4213/203  2897/4214/203  2898/4215/203  2899/4216/203

o entity55_brush10
usemtl prototype/128_blue_3
f  2901/4217/204  2902/4218/204  2903/4219/204  2904/4220/204
usemtl prototype/128_blue_3
f  2905/4221/205  2903/4222/205  2902/4223/205  2906/4224/205
usemtl prototype/128_blue_3
f  2904/4225/2  2903/4226/2  2905/4206/2  2907/4205/2
usemtl prototype/128_blue_3
f  2908/4208/5  2906/4207/5  2902/4227/5  2901/4228/5
usemtl prototype/128_blue_3
f  2907/4229/206  2905/4230/206  2906/4231/206  2908/4232/206
usemtl prototype/128_blue_3
f  2908/4233/207  2901/4234/207  2904/4235/207  2907/4236/207

o entity55_brush11
usemtl prototype/128_blue_3
f  2909/4237/208  2910/4238/208  2911/4239/208  2912/4240/208
usemtl prototype/128_blue_3
f  2913/4241/209  2911/4242/209  2910/4243/209  2914/4244/209
usemtl prototype/128_blue_3
f  2915/4225/2  2912/4245/2  2911/4246/2  2913/4226/2
usemtl prototype/128_blue_3
f  2914/4227/5  2910/4247/5  2909/4248/5  2916/4228/5
usemtl prototype/128_blue_3
f  2916/4249/210  2909/4250/210  2912/4251/210  2915/4252/210
usemtl prototype/128_blue_3
f  2914/4253/211  2916/4254/211  2915/4255/211  2913/4256/211

o entity55_brush12
usemtl prototype/128_blue_3
f  2917/4257/212  2918/4258/212  2919/4259/212  2920/4260/212
usemtl prototype/128_blue_3
f  2921/4261/213  2919/4262/213  2918/4263/213  2922/4264/213
usemtl prototype/128_blue_3
f  2923/4245/2  2920/4265/2  2919/4266/2  2921/4246/2
usemtl prototype/128_blue_3
f  2922/4247/5  2918/4267/5  2917/4268/5  2924/4248/5
usemtl prototype/128_blue_3
f  2924/4269/214  2917/4270/214  2920/4271/214  2923/4272/214
usemtl prototype/128_blue_3
f  2922/4273/215  2924/4274/215  2923/4275/215  2921/4276/215

o entity55_brush13
usemtl prototype/128_blue_3
f  2925/4277/1  2926/939/1  2927/1084/1  2928/4278/1
usemtl prototype/128_blue_3
f  2929/4265/2  2927/4144/2  2926/4145/2  2930/4266/2
usemtl prototype/128_blue_3
f  2930/4279/3  2926/4146/3  2925/4149/3  2931/4280/3
usemtl prototype/128_blue_3
f  2932/4281/4  2928/4150/4  2927/4153/4  2929/4282/4
usemtl prototype/128_blue_3
f  2931/4267/5  2925/4154/5  2928/4155/5  2932/4268/5
usemtl prototype/128_blue_3
f  2932/4283/216  2929/4284/216  2930/4285/216  2931/4286/216

o entity55_brush14
usemtl prototype/128_blue_3
f  2933/4287/1  2934/3322/1  2935/4019/1  2936/4018/1
usemtl prototype/128_blue_3
f  2937/4024/2  2935/4023/2  2934/3362/2  2938/3308/2
usemtl prototype/128_blue_3
f  2938/4025/3  2934/3336/3  2933/4026/3  2939/4027/3
usemtl prototype/128_blue_3
f  2940/4288/4  2936/4289/4  2935/3339/4  2937/4290/4
usemtl prototype/128_blue_3
f  2939/3311/5  2933/3366/5  2936/4029/5  2940/4028/5
usemtl prototype/128_blue_3
f  2940/4036/6  2937/4039/6  2938/3325/6  2939/4291/6

o entity55_brush15
usemtl prototype/128_blue_3
f  2941/4287/1  2942/3322/1  2943/4019/1  2944/4018/1
usemtl prototype/128_blue_3
f  2945/4167/2  2943/4166/2  2942/4292/2  2946/3361/2
usemtl prototype/128_blue_3
f  2946/3335/3  2942/4168/3  2941/4169/3  2947/4170/3
usemtl prototype/128_blue_3
f  2948/4293/4  2944/4294/4  2943/4295/4  2945/3340/4
usemtl prototype/128_blue_3
f  2947/3367/5  2941/4296/5  2944/4172/5  2948/4171/5
usemtl prototype/128_blue_3
f  2948/4036/6  2945/4039/6  2946/3325/6  2947/4291/6

o entity56_brush0
usemtl prototype/128_honey_2
f  2949/4297/217  2950/4298/217  2951/4299/217  2952/4300/217
usemtl prototype/128_honey_2
f  2953/4108/2  2950/3345/2  2949/4088/2
usemtl prototype/128_honey_2
f  2952/4091/5  2951/3346/5  2954/4111/5
usemtl prototype/128_honey_2
f  2954/4301/218  2951/4302/218  2950/4303/218  2953/4304/218
usemtl prototype/blue_3
f  2952/4305/219  2954/4306/219  2953/4307/219  2949/4308/219

o entity56_brush1
usemtl prototype/128_honey_2
f  2955/4309/220  2956/4310/220  2957/4311/220  2958/4312/220
usemtl prototype/128_honey_2
f  2959/4128/2  2956/3345/2  2955/4108/2
usemtl prototype/128_honey_2
f  2960/4313/4  2957/3338/4  2956/3339/4  2959/4152/4
usemtl prototype/128_honey_2
f  2958/4111/5  2957/3346/5  2960/4131/5
usemtl prototype/blue_3
f  2960/4314/192  2959/4315/192  2955/4307/192  2958/4306/192

o entity56_brush2
usemtl prototype/128_honey_2
f  2961/4316/221  2962/4317/221  2963/4318/221  2964/4319/221
usemtl prototype/128_honey_2
f  2965/4088/2  2962/3345/2  2961/4069/2
usemtl prototype/128_honey_2
f  2964/4070/5  2963/3346/5  2966/4091/5
usemtl prototype/128_honey_2
f  2966/4320/222  2963/4321/222  2962/4322/222  2965/4323/222
usemtl prototype/blue_3
f  2961/4324/223  2964/4325/223  2966/4305/223  2965/4308/223

o entity56_brush3
usemtl prototype/128_honey_2
f  2967/4326/224  2968/4327/224  2969/4328/224  2970/4329/224
usemtl prototype/128_honey_2
f  2970/3345/2  2969/4049/2  2971/4069/2
usemtl prototype/128_honey_2
f  2972/4070/5  2968/4050/5  2967/3346/5
usemtl prototype/blue_3
f  2971/4330/225  2969/4331/225  2968/4332/225  2972/4333/225
usemtl prototype/128_honey_2
f  2967/4334/226  2970/4335/226  2971/4336/226  2972/4337/226

o entity56_brush4
usemtl prototype/128_honey_2
f  2973/1811/1  2974/2816/1  2975/4020/1  2976/1084/1
usemtl prototype/128_honey_2
f  2976/3345/2  2975/4022/2  2977/4049/2
usemtl prototype/128_honey_2
f  2978/4050/5  2974/4030/5  2973/3346/5
usemtl prototype/blue_3
f  2977/4331/25  2975/4020/25  2974/2816/25  2978/4332/25
usemtl prototype/128_honey_2
f  2973/4338/227  2976/4339/227  2977/4340/227  2978/4341/227

o entity56_brush5
usemtl prototype/blue_3
f  2979/4330/228  2980/4342/228  2981/4343/228  2982/4333/228
usemtl prototype/128_honey_2
f  2983/4344/229  2981/4345/229  2980/4346/229  2984/4347/229
usemtl prototype/128_honey_2
f  2984/45/2  2980/4225/2  2979/4205/2
usemtl prototype/128_honey_2
f  2982/4208/5  2981/4228/5  2983/46/5
usemtl prototype/128_honey_2
f  2984/4348/225  2979/4349/225  2982/4350/225  2983/4351/225

o entity56_brush6
usemtl prototype/blue_3
f  2985/4352/213  2986/4353/213  2987/4354/213  2988/4355/213
usemtl prototype/128_honey_2
f  2989/45/2  2986/4265/2  2985/4245/2
usemtl prototype/128_honey_2
f  2990/3337/4  2987/4356/4  2986/4282/4  2989/3340/4
usemtl prototype/128_honey_2
f  2988/4248/5  2987/4268/5  2990/46/5
usemtl prototype/128_honey_2
f  2990/4357/230  2989/4358/230  2985/4359/230  2988/4360/230

o entity56_brush7
usemtl prototype/blue_3
f  2991/4361/217  2992/4352/217  2993/4355/217  2994/4362/217
usemtl prototype/128_honey_2
f  2995/4363/231  2993/4364/231  2992/4365/231  2996/4366/231
usemtl prototype/128_honey_2
f  2996/45/2  2992/4245/2  2991/4225/2
usemtl prototype/128_honey_2
f  2994/4228/5  2993/4248/5  2995/46/5
usemtl prototype/128_honey_2
f  2996/4367/219  2991/4368/219  2994/4369/219  2995/4370/219

o entity56_brush8
usemtl prototype/blue_3
f  2997/4331/221  2998/4330/221  2999/4333/221  3000/4332/221
usemtl prototype/128_honey_2
f  3001/4371/232  2999/4372/232  2998/4373/232  3002/4374/232
usemtl prototype/128_honey_2
f  3002/45/2  2998/4205/2  2997/4185/2
usemtl prototype/128_honey_2
f  3000/4188/5  2999/4208/5  3001/46/5
usemtl prototype/128_honey_2
f  3002/4375/233  2997/4376/233  3000/4377/233  3001/4378/233

o entity56_brush9
usemtl prototype/128_honey_2
f  3003/4379/234  3004/4380/234  3005/4381/234  3006/4382/234
usemtl prototype/blue_3
f  3007/4020/24  3005/4331/24  3004/4332/24  3008/2816/24
usemtl prototype/128_honey_2
f  3006/45/2  3005/4185/2  3007/4164/2
usemtl prototype/128_honey_2
f  3008/4174/5  3004/4188/5  3003/46/5
usemtl prototype/128_honey_2
f  3003/1818/6  3006/1097/6  3007/4176/6  3008/2825/6

o entity57_brush0
usemtl prototype/128_blue_3
f  3009/4383/182  3010/4384/182  3011/4385/182  3012/4386/182
usemtl prototype/128_blue_3
f  3013/4387/183  3011/4388/183  3010/4389/183  3014/4390/183
usemtl prototype/128_blue_3
f  3012/4088/2  3011/4069/2  3013/4068/2  3015/4089/2
usemtl prototype/128_blue_3
f  3016/4090/5  3014/4071/5  3010/4070/5  3009/4091/5
usemtl prototype/128_blue_3
f  3015/4391/184  3013/4392/184  3014/4393/184  3016/4394/184
usemtl prototype/128_blue_3
f  3016/4395/185  3009/4396/185  3012/4397/185  3015/4398/185

o entity57_brush1
usemtl prototype/128_blue_3
f  3017/2816/1  3018/2847/1  3019/4399/1  3020/4400/1
usemtl prototype/128_blue_3
f  3021/4021/2  3020/4022/2  3019/4023/2  3022/4024/2
usemtl prototype/128_blue_3
f  3022/4401/3  3019/4402/3  3018/3332/3  3023/3302/3
usemtl prototype/128_blue_3
f  3023/4028/5  3018/4029/5  3017/4030/5  3024/4031/5
usemtl prototype/128_blue_3
f  3024/4403/173  3017/4404/173  3020/4405/173  3021/4406/173
usemtl prototype/128_blue_3
f  3023/2864/6  3024/4407/6  3021/4408/6  3022/4409/6

o entity57_brush2
usemtl prototype/128_blue_3
f  3025/4410/235  3026/4411/235  3027/4412/235  3028/4413/235
usemtl prototype/128_blue_3
f  3029/4414/175  3027/4415/175  3026/4416/175  3030/4417/175
usemtl prototype/128_blue_3
f  3031/4048/2  3028/4049/2  3027/4022/2  3029/4021/2
usemtl prototype/128_blue_3
f  3030/4031/5  3026/4030/5  3025/4050/5  3032/4051/5
usemtl prototype/128_blue_3
f  3032/4418/176  3025/4419/176  3028/4420/176  3031/4421/176
usemtl prototype/128_blue_3
f  3031/4422/177  3029/4423/177  3030/4424/177  3032/4425/177

o entity57_brush3
usemtl prototype/128_blue_3
f  3033/4426/236  3034/4427/236  3035/4428/236  3036/4429/236
usemtl prototype/128_blue_3
f  3037/4430/179  3035/4431/179  3034/4432/179  3038/4433/179
usemtl prototype/128_blue_3
f  3039/4068/2  3036/4069/2  3035/4049/2  3037/4048/2
usemtl prototype/128_blue_3
f  3038/4051/5  3034/4050/5  3033/4070/5  3040/4071/5
usemtl prototype/128_blue_3
f  3040/4434/180  3033/4435/180  3036/4436/180  3039/4437/180
usemtl prototype/128_blue_3
f  3039/4438/237  3037/4439/237  3038/4440/237  3040/4441/237

o entity57_brush4
usemtl prototype/128_blue_3
f  3041/4442/186  3042/4443/186  3043/4444/186  3044/4445/186
usemtl prototype/128_blue_3
f  3045/4446/187  3043/4447/187  3042/4448/187  3046/4449/187
usemtl prototype/128_blue_3
f  3046/4108/2  3042/4088/2  3041/4089/2  3047/4109/2
usemtl prototype/128_blue_3
f  3048/4110/5  3044/4090/5  3043/4091/5  3045/4111/5
usemtl prototype/128_blue_3
f  3047/4450/238  3041/4451/238  3044/4452/238  3048/4453/238
usemtl prototype/128_blue_3
f  3048/4454/189  3045/4455/189  3046/4456/189  3047/4457/189

o entity57_brush5
usemtl prototype/128_blue_3
f  3049/4458/190  3050/4459/190  3051/4460/190  3052/4461/190
usemtl prototype/128_blue_3
f  3053/4462/191  3051/4463/191  3050/4464/191  3054/4465/191
usemtl prototype/128_blue_3
f  3054/4128/2  3050/4108/2  3049/4109/2  3055/4129/2
usemtl prototype/128_blue_3
f  3056/4130/5  3052/4110/5  3051/4111/5  3053/4131/5
usemtl prototype/128_blue_3
f  3055/4466/192  3049/4467/192  3052/4468/192  3056/4469/192
usemtl prototype/128_blue_3
f  3056/4470/193  3053/4471/193  3054/4472/193  3055/4473/193

o entity57_brush6
usemtl prototype/128_blue_3
f  3057/4474/194  3058/4475/194  3059/4476/194  3060/4477/194
usemtl prototype/128_blue_3
f  3061/4144/2  3059/4128/2  3058/4129/2  3062/4145/2
usemtl prototype/128_blue_3
f  3062/4478/3  3058/4479/3  3057/4480/3  3063/4481/3
usemtl prototype/128_blue_3
f  3064/4482/4  3060/4313/4  3059/4483/4  3061/4484/4
usemtl prototype/128_blue_3
f  3063/4154/5  3057/4130/5  3060/4131/5  3064/4155/5
usemtl prototype/128_blue_3
f  3064/1818/6  3061/4485/6  3062/4486/6  3063/2617/6

o entity57_brush7
usemtl prototype/128_blue_3
f  3065/2847/1  3066/4399/1  3067/4487/1  3068/4488/1
usemtl prototype/128_blue_3
f  3069/4489/195  3068/4490/195  3067/4491/195  3070/4492/195
usemtl prototype/128_blue_3
f  3070/4164/2  3067/4165/2  3066/4166/2  3071/4167/2
usemtl prototype/128_blue_3
f  3071/4493/3  3066/4494/3  3065/1777/3  3072/3331/3
usemtl prototype/128_blue_3
f  3072/4171/5  3065/4172/5  3068/4173/5  3069/4174/5
usemtl prototype/128_blue_3
f  3071/4409/6  3072/2864/6  3069/2825/6  3070/4495/6

o entity57_brush8
usemtl prototype/128_blue_3
f  3073/4496/196  3074/4497/196  3075/4498/196  3076/4499/196
usemtl prototype/128_blue_3
f  3077/4500/197  3075/4501/197  3074/4502/197  3078/4503/197
usemtl prototype/128_blue_3
f  3078/4185/2  3074/4186/2  3073/4165/2  3079/4164/2
usemtl prototype/128_blue_3
f  3080/4174/5  3076/4173/5  3075/4187/5  3077/4188/5
usemtl prototype/128_blue_3
f  3079/4504/198  3073/4505/198  3076/4506/198  3080/4507/198
usemtl prototype/128_blue_3
f  3080/4508/199  3077/4509/199  3078/4510/199  3079/4511/199

o entity57_brush9
usemtl prototype/128_blue_3
f  3081/4512/200  3082/4513/200  3083/4514/200  3084/4515/200
usemtl prototype/128_blue_3
f  3085/4516/201  3083/4517/201  3082/4518/201  3086/4519/201
usemtl prototype/128_blue_3
f  3086/4205/2  3082/4206/2  3081/4186/2  3087/4185/2
usemtl prototype/128_blue_3
f  3088/4188/5  3084/4187/5  3083/4207/5  3085/4208/5
usemtl prototype/128_blue_3
f  3087/4520/202  3081/4521/202  3084/4522/202  3088/4523/202
usemtl prototype/128_blue_3
f  3088/4524/203  3085/4525/203  3086/4526/203  3087/4527/203

o entity57_brush10
usemtl prototype/128_blue_3
f  3089/4528/204  3090/4529/204  3091/4530/204  3092/4531/204
usemtl prototype/128_blue_3
f  3093/4532/205  3091/4533/205  3090/4534/205  3094/4535/205
usemtl prototype/128_blue_3
f  3092/4225/2  3091/4226/2  3093/4206/2  3095/4205/2
usemtl prototype/128_blue_3
f  3096/4208/5  3094/4207/5  3090/4227/5  3089/4228/5
usemtl prototype/128_blue_3
f  3095/4536/206  3093/4537/206  3094/4538/206  3096/4539/206
usemtl prototype/128_blue_3
f  3096/4540/207  3089/4541/207  3092/4542/207  3095/4543/207

o entity57_brush11
usemtl prototype/128_blue_3
f  3097/4544/208  3098/4545/208  3099/4546/208  3100/4547/208
usemtl prototype/128_blue_3
f  3101/4548/209  3099/4549/209  3098/4550/209  3102/4551/209
usemtl prototype/128_blue_3
f  3103/4225/2  3100/4245/2  3099/4246/2  3101/4226/2
usemtl prototype/128_blue_3
f  3102/4227/5  3098/4247/5  3097/4248/5  3104/4228/5
usemtl prototype/128_blue_3
f  3104/4552/210  3097/4553/210  3100/4554/210  3103/4555/210
usemtl prototype/128_blue_3
f  3102/4556/211  3104/4557/211  3103/4558/211  3101/4559/211

o entity57_brush12
usemtl prototype/128_blue_3
f  3105/4560/212  3106/4561/212  3107/4562/212  3108/4563/212
usemtl prototype/128_blue_3
f  3109/4564/213  3107/4565/213  3106/4566/213  3110/4567/213
usemtl prototype/128_blue_3
f  3111/4245/2  3108/4265/2  3107/4266/2  3109/4246/2
usemtl prototype/128_blue_3
f  3110/4247/5  3106/4267/5  3105/4268/5  3112/4248/5
usemtl prototype/128_blue_3
f  3112/4568/239  3105/4569/239  3108/4570/239  3111/4571/239
usemtl prototype/128_blue_3
f  3110/4572/215  3112/4573/215  3111/4574/215  3109/4575/215

o entity57_brush13
usemtl prototype/128_blue_3
f  3113/2621/1  3114/4576/1  3115/4577/1  3116/1811/1
usemtl prototype/128_blue_3
f  3117/4265/2  3115/4144/2  3114/4145/2  3118/4266/2
usemtl prototype/128_blue_3
f  3118/4578/3  3114/4478/3  3113/4481/3  3119/4579/3
usemtl prototype/128_blue_3
f  3120/4356/4  3116/4482/4  3115/4484/4  3117/4580/4
usemtl prototype/128_blue_3
f  3119/4267/5  3113/4154/5  3116/4155/5  3120/4268/5
usemtl prototype/128_blue_3
f  3120/4581/216  3117/4582/216  3118/4583/216  3119/4584/216

o entity57_brush14
usemtl prototype/128_blue_3
f  3121/86/1  3122/4585/1  3123/4399/1  3124/2847/1
usemtl prototype/128_blue_3
f  3125/4024/2  3123/4023/2  3122/3362/2  3126/3308/2
usemtl prototype/128_blue_3
f  3126/4401/3  3122/4402/3  3121/3332/3  3127/3302/3
usemtl prototype/128_blue_3
f  3128/3293/4  3124/3338/4  3123/4586/4  3125/4587/4
usemtl prototype/128_blue_3
f  3127/3311/5  3121/3366/5  3124/4029/5  3128/4028/5
usemtl prototype/128_blue_3
f  3128/2864/6  3125/4409/6  3126/4588/6  3127/21/6

o entity57_brush15
usemtl prototype/128_blue_3
f  3129/86/1  3130/4585/1  3131/4399/1  3132/2847/1
usemtl prototype/128_blue_3
f  3133/4167/2  3131/4166/2  3130/4292/2  3134/3361/2
usemtl prototype/128_blue_3
f  3134/4493/3  3130/4494/3  3129/1777/3  3135/3331/3
usemtl prototype/128_blue_3
f  3136/3337/4  3132/1788/4  3131/4589/4  3133/4590/4
usemtl prototype/128_blue_3
f  3135/3367/5  3129/4296/5  3132/4172/5  3136/4171/5
usemtl prototype/128_blue_3
f  3136/2864/6  3133/4409/6  3134/4588/6  3135/21/6

o entity58_brush0
usemtl prototype/128_grey_3
f  3137/4591/1  3138/4592/1  3139/4593/1  3140/1522/1
usemtl prototype/128_grey_3
f  3141/92/2  3139/4594/2  3138/1767/2  3142/1766/2
usemtl prototype/128_honey_2
f  3142/4595/3  3138/4596/3  3137/4597/3  3143/4598/3
usemtl prototype/128_grey_3
f  3144/4599/4  3140/4600/4  3139/4601/4  3141/4602/4
usemtl prototype/128_grey_3
f  3143/1775/5  3137/1774/5  3140/3804/5  3144/93/5
usemtl prototype/128_grey_3
f  3144/3289/6  3141/4603/6  3142/4604/6  3143/4605/6

o entity58_brush1
usemtl prototype/128_grey_3
f  3145/213/1  3146/4591/1  3147/1522/1  3148/214/1
usemtl prototype/128_grey_3
f  3149/3760/2  3147/92/2  3146/1766/2  3150/3749/2
usemtl prototype/128_honey_2
f  3150/4606/3  3146/4598/3  3145/4607/3  3151/3294/3
usemtl prototype/128_grey_3
f  3152/3301/4  3148/4608/4  3147/4599/4  3149/4609/4
usemtl prototype/128_grey_3
f  3151/3744/5  3145/1775/5  3148/93/5  3152/958/5
usemtl prototype/128_grey_3
f  3152/229/6  3149/3289/6  3150/4605/6  3151/231/6

o entity58_brush2
usemtl prototype/128_grey_3
f  3153/4591/1  3154/4592/1  3155/4593/1  3156/1522/1
usemtl prototype/128_grey_3
f  3157/4610/2  3155/3760/2  3154/3749/2  3158/4611/2
usemtl prototype/128_honey_2
f  3158/4612/3  3154/4613/3  3153/4606/3  3159/4614/3
usemtl prototype/128_grey_3
f  3160/4615/4  3156/4609/4  3155/4616/4  3157/4617/4
usemtl prototype/128_grey_3
f  3159/4618/5  3153/3744/5  3156/958/5  3160/4619/5
usemtl prototype/128_grey_3
f  3160/3289/6  3157/4603/6  3158/4604/6  3159/4605/6

o entity58_brush3
usemtl prototype/128_grey_3
f  3161/4592/1  3162/4620/1  3163/455/1  3164/4593/1
usemtl prototype/128_grey_3
f  3165/3760/2  3163/92/2  3162/1766/2  3166/3749/2
usemtl prototype/128_honey_2
f  3166/4621/3  3162/4622/3  3161/4595/3  3167/4613/3
usemtl prototype/128_grey_3
f  3168/4616/4  3164/4602/4  3163/4623/4  3165/4624/4
usemtl prototype/128_grey_3
f  3167/3744/5  3161/1775/5  3164/93/5  3168/958/5
usemtl prototype/128_grey_3
f  3168/4603/6  3165/157/6  3166/160/6  3167/4604/6

o entity58_brush4
usemtl prototype/128_grey_3
f  3169/4591/1  3170/4592/1  3171/4593/1  3172/1522/1
usemtl prototype/128_grey_3
f  3173/3760/2  3171/92/2  3170/1766/2  3174/3749/2
usemtl prototype/128_honey_2
f  3174/4613/3  3170/4595/3  3169/4598/3  3175/4606/3
usemtl prototype/128_grey_3
f  3176/4609/4  3172/4599/4  3171/4602/4  3173/4616/4
usemtl prototype/128_grey_3
f  3175/3744/5  3169/1775/5  3172/93/5  3176/958/5
usemtl prototype/128_grey_3
f  3176/3289/6  3173/4603/6  3174/4604/6  3175/4605/6

o entity58_brush5
usemtl *tele01
f  3177/4625/1  3178/4626/1  3179/556/1  3180/555/1
usemtl *tele01
f  3181/4627/2  3179/4628/2  3178/4629/2  3182/3326/2
usemtl *tele01
f  3182/4630/3  3178/4631/3  3177/4632/3  3183/4633/3
usemtl *tele01
f  3184/4634/4  3180/4635/4  3179/4636/4  3181/4637/4
usemtl *tele01
f  3183/3321/5  3177/4638/5  3180/4639/5  3184/4640/5
usemtl *tele01
f  3184/582/6  3181/4641/6  3182/4642/6  3183/4643/6

o entity58_brush6
usemtl prototype/128_honey_2
f  3185/208/1  3186/588/1  3187/595/1  3188/599/1
usemtl prototype/128_honey_2
f  3189/107/2  3187/4644/2  3186/1611/2  3190/92/2
usemtl prototype/128_honey_2
f  3190/4645/3  3186/4646/3  3185/4647/3  3191/4648/3
usemtl prototype/128_honey_2
f  3192/4649/4  3188/4650/4  3187/4651/4  3189/4652/4
usemtl prototype/128_honey_2
f  3191/93/5  3185/4653/5  3188/4654/5  3192/110/5
usemtl prototype/128_honey_2
f  3192/603/6  3189/597/6  3190/591/6  3191/602/6

o entity58_brush7
usemtl prototype/128_honey_2
f  3193/208/1  3194/588/1  3195/595/1  3196/599/1
usemtl prototype/128_honey_2
f  3197/4655/2  3195/4656/2  3194/3760/2  3198/4657/2
usemtl prototype/128_honey_2
f  3198/4658/3  3194/4659/3  3193/4660/3  3199/4661/3
usemtl prototype/128_honey_2
f  3200/4662/4  3196/4663/4  3195/4664/4  3197/4665/4
usemtl prototype/128_honey_2
f  3199/1499/5  3193/958/5  3196/4666/5  3200/4667/5
usemtl prototype/128_honey_2
f  3200/603/6  3197/597/6  3198/591/6  3199/602/6

o entity58_brush8
usemtl prototype/128_honey_2
f  3201/599/1  3202/595/1  3203/4668/1  3204/4669/1
usemtl prototype/128_honey_2
f  3205/4670/2  3203/4671/2  3202/4644/2  3206/4655/2
usemtl prototype/128_honey_2
f  3206/4658/3  3202/4646/3  3201/4647/3  3207/4661/3
usemtl prototype/128_honey_2
f  3208/4662/4  3204/4650/4  3203/4651/4  3205/4665/4
usemtl prototype/128_honey_2
f  3207/4667/5  3201/4654/5  3204/4672/5  3208/4673/5
usemtl prototype/128_honey_2
f  3208/4674/6  3205/4675/6  3206/597/6  3207/603/6

o entity58_brush9
usemtl prototype/128_grey_3
f  3209/4676/1  3210/213/1  3211/214/1  3212/4677/1
usemtl prototype/128_grey_3
f  3213/3760/2  3211/92/2  3210/1766/2  3214/3749/2
usemtl prototype/128_honey_2
f  3214/3294/3  3210/4607/3  3209/4678/3  3215/4679/3
usemtl prototype/128_grey_3
f  3216/4680/4  3212/4681/4  3211/4608/4  3213/3301/4
usemtl prototype/128_grey_3
f  3215/3744/5  3209/1775/5  3212/93/5  3216/958/5
usemtl prototype/128_grey_3
f  3216/4682/6  3213/229/6  3214/231/6  3215/4683/6

o entity59_brush0
usemtl prototype/128_honey_2
f  3217/4684/1  3218/4685/1  3219/4593/1  3220/4686/1
usemtl prototype/128_grey_3
f  3221/4687/3  3220/4688/3  3219/4596/3  3222/4689/3
usemtl prototype/128_grey_3
f  3223/4690/4  3218/4601/4  3217/4691/4  3224/4692/4
usemtl prototype/128_honey_2
f  3222/136/5  3219/3804/5  3218/1095/5  3223/459/5
usemtl prototype/128_grey_3
f  3224/4693/12  3217/4694/12  3220/4695/12  3221/4696/12
usemtl prototype/128_honey_2
f  3224/1616/6  3221/198/6  3222/4603/6  3223/4697/6

o entity59_brush1
usemtl prototype/128_honey_2
f  3225/4698/240  3226/4699/240  3227/4700/240  3228/4701/240
usemtl prototype/128_grey_3
f  3229/4702/14  3227/4703/14  3226/4704/14  3230/4705/14
usemtl prototype/128_grey_3
f  3231/4706/3  3228/4707/3  3227/4688/3  3229/4687/3
usemtl prototype/128_grey_3
f  3230/4692/4  3226/4691/4  3225/4708/4  3232/4709/4
usemtl prototype/128_grey_3
f  3232/4710/241  3225/4711/241  3228/4712/241  3231/4713/241
usemtl prototype/128_honey_2
f  3231/4714/13  3229/4715/13  3230/4716/13  3232/4717/13

o entity59_brush2
usemtl prototype/128_honey_2
f  3233/4718/53  3234/4719/53  3235/4720/53  3236/4721/53
usemtl prototype/128_grey_3
f  3237/4722/242  3235/4723/242  3234/4724/242  3238/4725/242
usemtl prototype/128_grey_3
f  3239/4726/3  3236/4727/3  3235/4707/3  3237/4706/3
usemtl prototype/128_grey_3
f  3238/4709/4  3234/4708/4  3233/4728/4  3240/4729/4
usemtl prototype/128_grey_3
f  3240/4730/243  3233/4731/243  3236/4732/243  3239/4733/243
usemtl prototype/128_honey_2
f  3239/4734/17  3237/4735/17  3238/4736/17  3240/4737/17

o entity59_brush3
usemtl prototype/128_honey_2
f  3241/4738/52  3242/4739/52  3243/4740/52  3244/4741/52
usemtl prototype/128_grey_3
f  3245/4742/244  3243/4743/244  3242/4744/244  3246/4745/244
usemtl prototype/128_grey_3
f  3244/4746/3  3243/4727/3  3245/4726/3  3247/4747/3
usemtl prototype/128_grey_3
f  3248/4748/4  3246/4729/4  3242/4728/4  3241/4749/4
usemtl prototype/128_honey_2
f  3247/4750/20  3245/4751/20  3246/4752/20  3248/4753/20
usemtl prototype/128_grey_3
f  3248/4754/245  3241/4755/245  3244/4756/245  3247/4757/245

o entity59_brush4
usemtl prototype/128_grey_3
f  3249/4758/246  3250/4759/246  3251/4760/246  3252/4761/246
usemtl prototype/128_honey_2
f  3253/4762/51  3251/4763/51  3250/4764/51  3254/4765/51
usemtl prototype/128_grey_3
f  3254/4766/3  3250/4746/3  3249/4747/3  3255/4767/3
usemtl prototype/128_grey_3
f  3256/4768/4  3252/4748/4  3251/4749/4  3253/4769/4
usemtl prototype/128_honey_2
f  3255/4770/9  3249/4771/9  3252/4772/9  3256/4773/9
usemtl prototype/128_grey_3
f  3256/4774/247  3253/4775/247  3254/4776/247  3255/4777/247

o entity59_brush5
usemtl prototype/128_grey_3
f  3257/4778/248  3258/4779/248  3259/4780/248  3260/4781/248
usemtl prototype/128_honey_2
f  3261/4782/62  3259/4783/62  3258/4784/62  3262/4785/62
usemtl prototype/128_grey_3
f  3262/4786/3  3258/4766/3  3257/4767/3  3263/4787/3
usemtl prototype/128_grey_3
f  3264/4788/4  3260/4768/4  3259/4769/4  3261/4789/4
usemtl prototype/128_honey_2
f  3263/4790/22  3257/4791/22  3260/4792/22  3264/4793/22
usemtl prototype/128_grey_3
f  3264/4794/7  3261/4795/7  3262/4796/7  3263/4797/7

o entity59_brush6
usemtl prototype/16_grey_3
f  3265/4798/21  3266/4799/21  3267/4800/21  3268/4801/21
usemtl prototype/128_honey_2
f  3269/963/2  3267/4802/2  3266/4803/2  3270/92/2
usemtl prototype/128_grey_3
f  3270/4622/3  3266/4786/3  3265/4787/3  3271/4804/3
usemtl prototype/128_grey_3
f  3272/4805/4  3268/4788/4  3267/4789/4  3269/4623/4
usemtl prototype/128_honey_2
f  3271/93/5  3265/4653/5  3268/310/5  3272/4806/5
usemtl prototype/128_honey_2
f  3272/1315/6  3269/449/6  3270/157/6  3271/4807/6

o entity59_brush7
usemtl prototype/128_honey_2
f  3273/4808/1  3274/455/1  3275/457/1  3276/1308/1
usemtl prototype/128_honey_2
f  3277/4809/2  3275/3304/2  3274/3760/2  3278/4810/2
usemtl prototype/128_grey_3
f  3278/4811/3  3274/4621/3  3273/4812/3  3279/4813/3
usemtl prototype/128_grey_3
f  3280/4814/4  3276/4815/4  3275/4624/4  3277/4816/4
usemtl prototype/128_honey_2
f  3279/1499/5  3273/958/5  3276/957/5  3280/4817/5
usemtl prototype/16_grey_3
f  3280/4818/35  3277/4819/35  3278/4820/35  3279/4821/35

o entity59_brush8
usemtl prototype/128_grey_3
f  3281/4822/36  3282/4823/36  3283/4824/36  3284/4825/36
usemtl prototype/128_honey_2
f  3285/4826/61  3283/4827/61  3282/4828/61  3286/4829/61
usemtl prototype/128_grey_3
f  3287/4830/3  3284/4811/3  3283/4813/3  3285/4831/3
usemtl prototype/128_grey_3
f  3286/4832/4  3282/4814/4  3281/4816/4  3288/4833/4
usemtl prototype/128_honey_2
f  3288/4834/249  3281/4835/249  3284/4836/249  3287/4837/249
usemtl prototype/128_grey_3
f  3286/4838/250  3288/4839/250  3287/4840/250  3285/4841/250

o entity59_brush9
usemtl prototype/128_grey_3
f  3289/4842/251  3290/4843/251  3291/4844/251  3292/4845/251
usemtl prototype/128_honey_2
f  3293/4846/56  3291/4847/56  3290/4848/56  3294/4849/56
usemtl prototype/128_grey_3
f  3295/4850/3  3292/4830/3  3291/4831/3  3293/4851/3
usemtl prototype/128_grey_3
f  3294/4852/4  3290/4832/4  3289/4833/4  3296/4853/4
usemtl prototype/128_honey_2
f  3296/4854/40  3289/4855/40  3292/4856/40  3295/4857/40
usemtl prototype/128_grey_3
f  3294/4858/252  3296/4859/252  3295/4860/252  3293/4861/252

o entity59_brush10
usemtl prototype/128_grey_3
f  3297/4862/253  3298/4863/253  3299/4864/253  3300/4865/253
usemtl prototype/128_honey_2
f  3301/4866/54  3299/4867/54  3298/4868/54  3302/4869/54
usemtl prototype/128_grey_3
f  3300/4850/3  3299/4851/3  3301/4870/3  3303/4871/3
usemtl prototype/128_grey_3
f  3304/4872/4  3302/4873/4  3298/4852/4  3297/4853/4
usemtl prototype/128_grey_3
f  3303/4874/254  3301/4875/254  3302/4876/254  3304/4877/254
usemtl prototype/128_honey_2
f  3304/4878/34  3297/4879/34  3300/4880/34  3303/4881/34

o entity59_brush11
usemtl prototype/128_honey_2
f  3305/4882/57  3306/4883/57  3307/4884/57  3308/4885/57
usemtl prototype/128_grey_3
f  3309/4886/255  3307/4887/255  3306/4888/255  3310/4889/255
usemtl prototype/128_grey_3
f  3310/4871/3  3306/4870/3  3305/4890/3  3311/4891/3
usemtl prototype/128_grey_3
f  3312/4892/4  3308/4893/4  3307/4873/4  3309/4872/4
usemtl prototype/128_grey_3
f  3311/4894/256  3305/4895/256  3308/4896/256  3312/4897/256
usemtl prototype/128_honey_2
f  3312/4898/44  3309/4899/44  3310/4900/44  3311/4901/44

o entity59_brush12
usemtl prototype/128_honey_2
f  3313/4902/58  3314/4903/58  3315/4904/58  3316/4905/58
usemtl prototype/128_grey_3
f  3317/4906/257  3315/4907/257  3314/4908/257  3318/4909/257
usemtl prototype/128_grey_3
f  3318/4891/3  3314/4890/3  3313/4910/3  3319/4911/3
usemtl prototype/128_grey_3
f  3320/4912/4  3316/4913/4  3315/4893/4  3317/4892/4
usemtl prototype/128_grey_3
f  3319/4914/46  3313/4915/46  3316/4916/46  3320/4917/46
usemtl prototype/128_honey_2
f  3320/4918/258  3317/4919/258  3318/4920/258  3319/4921/258

o entity59_brush13
usemtl prototype/128_honey_2
f  3321/4593/1  3322/1242/1  3323/4922/1  3324/4685/1
usemtl prototype/128_grey_3
f  3325/4923/48  3323/4924/48  3322/4925/48  3326/4926/48
usemtl prototype/128_grey_3
f  3326/4911/3  3322/4910/3  3321/4927/3  3327/4612/3
usemtl prototype/128_grey_3
f  3328/4617/4  3324/4928/4  3323/4913/4  3325/4912/4
usemtl prototype/128_honey_2
f  3327/4619/5  3321/137/5  3324/350/5  3328/4929/5
usemtl prototype/128_honey_2
f  3328/4697/6  3325/4930/6  3326/4931/6  3327/4603/6

o entity59_brush14
usemtl prototype/128_honey_2
f  3329/965/1  3330/4932/1  3331/1522/1  3332/964/1
usemtl prototype/128_grey_3
f  3333/4933/14  3330/4934/14  3329/4935/14  3334/4936/14
usemtl prototype/128_honey_2
f  3335/4937/2  3332/345/2  3331/346/2  3336/4610/2
usemtl prototype/128_grey_3
f  3336/4614/3  3331/4938/3  3330/4939/3  3333/4940/3
usemtl prototype/128_grey_3
f  3334/4941/4  3329/4942/4  3332/4943/4  3335/4615/4
usemtl prototype/128_honey_2
f  3335/985/6  3336/3289/6  3333/4944/6  3334/4945/6

o entity59_brush15
usemtl prototype/128_honey_2
f  3337/4946/50  3338/4947/50  3339/4948/50  3340/4949/50
usemtl prototype/128_grey_3
f  3341/4950/242  3339/4951/242  3338/4952/242  3342/4953/242
usemtl prototype/128_grey_3
f  3343/4940/3  3340/4939/3  3339/4954/3  3341/4955/3
usemtl prototype/128_grey_3
f  3342/4956/4  3338/4957/4  3337/4942/4  3344/4941/4
usemtl prototype/128_grey_3
f  3344/4958/12  3337/4959/12  3340/4960/12  3343/4961/12
usemtl prototype/128_honey_2
f  3342/4962/66  3344/4963/66  3343/4964/66  3341/4965/66

o entity59_brush16
usemtl prototype/128_honey_2
f  3345/4966/53  3346/4967/53  3347/4968/53  3348/4969/53
usemtl prototype/128_grey_3
f  3349/4970/244  3347/4971/244  3346/4972/244  3350/4973/244
usemtl prototype/128_grey_3
f  3351/4955/3  3348/4954/3  3347/4974/3  3349/4975/3
usemtl prototype/128_grey_3
f  3350/4976/4  3346/4977/4  3345/4957/4  3352/4956/4
usemtl prototype/128_grey_3
f  3352/4978/241  3345/4979/241  3348/4980/241  3351/4981/241
usemtl prototype/128_honey_2
f  3350/4982/17  3352/4983/17  3351/4984/17  3349/4985/17

o entity59_brush17
usemtl prototype/128_grey_3
f  3353/4986/246  3354/4987/246  3355/4988/246  3356/4989/246
usemtl prototype/128_honey_2
f  3357/4990/52  3355/4991/52  3354/4992/52  3358/4993/52
usemtl prototype/128_grey_3
f  3359/4975/3  3358/4974/3  3354/4994/3  3353/4995/3
usemtl prototype/128_grey_3
f  3356/4996/4  3355/4997/4  3357/4977/4  3360/4976/4
usemtl prototype/128_grey_3
f  3360/4998/243  3357/4999/243  3358/5000/243  3359/5001/243
usemtl prototype/128_honey_2
f  3353/5002/20  3356/5003/20  3360/5004/20  3359/5005/20

o entity59_brush18
usemtl prototype/128_grey_3
f  3361/5006/248  3362/5007/248  3363/5008/248  3364/5009/248
usemtl prototype/128_honey_2
f  3365/5010/51  3363/5011/51  3362/5012/51  3366/5013/51
usemtl prototype/128_grey_3
f  3366/4994/3  3362/5014/3  3361/5015/3  3367/4995/3
usemtl prototype/128_grey_3
f  3368/4996/4  3364/5016/4  3363/5017/4  3365/4997/4
usemtl prototype/128_honey_2
f  3367/5018/9  3361/5019/9  3364/5020/9  3368/5021/9
usemtl prototype/128_grey_3
f  3368/5022/245  3365/5023/245  3366/5024/245  3367/5025/245

o entity59_brush19
usemtl prototype/128_grey_3
f  3369/5026/21  3370/5027/21  3371/5028/21  3372/5029/21
usemtl prototype/128_honey_2
f  3373/5030/171  3371/5031/171  3370/5032/171  3374/5033/171
usemtl prototype/128_grey_3
f  3374/5014/3  3370/5034/3  3369/5035/3  3375/5015/3
usemtl prototype/128_grey_3
f  3376/5016/4  3372/5036/4  3371/5037/4  3373/5017/4
usemtl prototype/128_honey_2
f  3375/5038/63  3369/5039/63  3372/5040/63  3376/5041/63
usemtl prototype/128_grey_3
f  3376/5042/247  3373/5043/247  3374/5044/247  3375/5045/247

o entity59_brush20
usemtl prototype/128_honey_2
f  3377/214/1  3378/5046/1  3379/302/1  3380/930/1
usemtl prototype/128_honey_2
f  3381/5047/2  3379/3304/2  3378/3760/2  3382/4657/2
usemtl prototype/128_grey_3
f  3382/5034/3  3378/5048/3  3377/3294/3  3383/5035/3
usemtl prototype/128_grey_3
f  3384/5036/4  3380/3301/4  3379/5049/4  3381/5037/4
usemtl prototype/128_honey_2
f  3383/5050/5  3377/958/5  3380/957/5  3384/5051/5
usemtl prototype/16_grey_3
f  3384/5052/7  3381/5053/7  3382/5054/7  3383/5055/7

o entity59_brush21
usemtl prototype/128_honey_2
f  3385/5056/1  3386/1522/1  3387/964/1  3388/5057/1
usemtl prototype/128_honey_2
f  3389/447/2  3387/1086/2  3386/4594/2  3390/149/2
usemtl prototype/128_grey_3
f  3390/143/3  3386/4597/3  3385/5058/3  3391/5059/3
usemtl prototype/128_grey_3
f  3392/5060/4  3388/5061/4  3387/4600/4  3389/146/4
usemtl prototype/128_grey_3
f  3391/5062/46  3385/5063/46  3388/5064/46  3392/5065/46
usemtl prototype/128_honey_2
f  3392/984/6  3389/985/6  3390/3289/6  3391/5066/6

o entity59_brush22
usemtl prototype/128_honey_2
f  3393/5067/259  3394/5068/259  3395/5069/259  3396/5070/259
usemtl prototype/128_grey_3
f  3397/5071/48  3395/5072/48  3394/5073/48  3398/5074/48
usemtl prototype/128_grey_3
f  3398/5059/3  3394/5058/3  3393/5075/3  3399/5076/3
usemtl prototype/128_grey_3
f  3400/5077/4  3396/5078/4  3395/5061/4  3397/5060/4
usemtl prototype/128_grey_3
f  3399/5079/256  3393/5080/256  3396/5081/256  3400/5082/256
usemtl prototype/128_honey_2
f  3400/5083/47  3397/5084/47  3398/5085/47  3399/5086/47

o entity59_brush23
usemtl prototype/128_honey_2
f  3401/5087/57  3402/5088/57  3403/5089/57  3404/5090/57
usemtl prototype/128_grey_3
f  3405/5091/257  3403/5092/257  3402/5093/257  3406/5094/257
usemtl prototype/128_grey_3
f  3406/5076/3  3402/5075/3  3401/5095/3  3407/5096/3
usemtl prototype/128_grey_3
f  3408/5097/4  3404/5098/4  3403/5078/4  3405/5077/4
usemtl prototype/128_grey_3
f  3407/5099/254  3401/5100/254  3404/5101/254  3408/5102/254
usemtl prototype/128_honey_2
f  3408/5103/44  3405/5104/44  3406/5105/44  3407/5106/44

o entity59_brush24
usemtl prototype/128_honey_2
f  3409/5107/54  3410/5108/54  3411/5109/54  3412/5110/54
usemtl prototype/128_grey_3
f  3413/5111/255  3411/5112/255  3410/5113/255  3414/5114/255
usemtl prototype/128_grey_3
f  3415/5115/3  3414/5096/3  3410/5095/3  3409/5116/3
usemtl prototype/128_grey_3
f  3412/5117/4  3411/5098/4  3413/5097/4  3416/5118/4
usemtl prototype/128_honey_2
f  3416/5119/34  3413/5120/34  3414/5121/34  3415/5122/34
usemtl prototype/128_grey_3
f  3409/5123/252  3412/5124/252  3416/5125/252  3415/5126/252

o entity59_brush25
usemtl prototype/128_grey_3
f  3417/5127/253  3418/5128/253  3419/5129/253  3420/5130/253
usemtl prototype/128_honey_2
f  3421/5131/56  3419/5132/56  3418/5133/56  3422/5134/56
usemtl prototype/128_grey_3
f  3423/5135/3  3420/5115/3  3419/5116/3  3421/5136/3
usemtl prototype/128_grey_3
f  3422/5137/4  3418/5117/4  3417/5118/4  3424/5138/4
usemtl prototype/128_honey_2
f  3424/5139/40  3417/5140/40  3420/5141/40  3423/5142/40
usemtl prototype/128_grey_3
f  3422/5143/250  3424/5144/250  3423/5145/250  3421/5146/250

o entity59_brush26
usemtl prototype/128_grey_3
f  3425/5147/251  3426/5148/251  3427/5149/251  3428/5150/251
usemtl prototype/128_honey_2
f  3429/5151/260  3427/5152/260  3426/5153/260  3430/5154/260
usemtl prototype/128_grey_3
f  3431/5155/3  3428/5135/3  3427/5136/3  3429/5156/3
usemtl prototype/128_grey_3
f  3430/5157/4  3426/5137/4  3425/5138/4  3432/5158/4
usemtl prototype/128_honey_2
f  3432/5159/37  3425/5160/37  3428/5161/37  3431/5162/37
usemtl prototype/128_grey_3
f  3430/5163/35  3432/5164/35  3431/5165/35  3429/5166/35

o entity59_brush27
usemtl prototype/16_grey_3
f  3433/5167/36  3434/5168/36  3435/5169/36  3436/5170/36
usemtl prototype/128_honey_2
f  3437/963/2  3435/303/2  3434/1611/2  3438/92/2
usemtl prototype/128_grey_3
f  3438/5171/3  3434/5155/3  3433/5156/3  3439/4607/3
usemtl prototype/128_grey_3
f  3440/4608/4  3436/5157/4  3435/5158/4  3437/5172/4
usemtl prototype/128_honey_2
f  3439/93/5  3433/5173/5  3436/5174/5  3440/4806/5
usemtl prototype/128_honey_2
f  3440/268/6  3437/311/6  3438/5175/6  3439/229/6

o entity60_brush0
usemtl prototype/128_honey_2
f  3441/5176/1  3442/4591/1  3443/1522/1  3444/4932/1
usemtl prototype/128_honey_2
f  3445/92/2  3443/149/2  3442/152/2  3446/1766/2
usemtl prototype/128_honey_2
f  3446/4598/3  3442/143/3  3441/5059/3
usemtl prototype/128_grey_3
f  3444/5060/4  3443/146/4  3445/4599/4
usemtl prototype/128_grey_3
f  3446/5177/46  3441/5178/46  3444/5062/46  3445/5179/46

o entity60_brush1
usemtl prototype/128_honey_2
f  3447/5180/58  3448/5181/58  3449/5182/58  3450/5183/58
usemtl prototype/128_grey_3
f  3451/5184/48  3449/5074/48  3448/5185/48  3452/5186/48
usemtl prototype/128_honey_2
f  3452/4598/3  3448/5059/3  3447/5076/3
usemtl prototype/128_grey_3
f  3450/5077/4  3449/5060/4  3451/4599/4
usemtl prototype/128_grey_3
f  3452/5187/43  3447/5188/43  3450/5079/43  3451/5189/43

o entity60_brush2
usemtl prototype/128_honey_2
f  3453/5190/57  3454/5191/57  3455/5192/57  3456/5193/57
usemtl prototype/128_grey_3
f  3457/5194/45  3455/5094/45  3454/5195/45  3458/5196/45
usemtl prototype/128_honey_2
f  3458/4598/3  3454/5076/3  3453/5096/3
usemtl prototype/128_grey_3
f  3456/5097/4  3455/5077/4  3457/4599/4
usemtl prototype/128_grey_3
f  3458/5197/33  3453/5198/33  3456/5099/33  3457/5199/33

o entity60_brush3
usemtl prototype/128_honey_2
f  3459/5200/54  3460/5201/54  3461/4867/54  3462/4866/54
usemtl prototype/128_grey_3
f  3463/5202/42  3461/5114/42  3460/5203/42  3464/5204/42
usemtl prototype/128_honey_2
f  3464/4598/3  3460/5096/3  3459/5115/3
usemtl prototype/128_grey_3
f  3462/5118/4  3461/5097/4  3463/4599/4
usemtl prototype/128_grey_3
f  3464/5205/41  3459/5206/41  3462/5126/41  3463/5207/41

o entity60_brush4
usemtl prototype/128_grey_3
f  3465/5208/32  3466/5130/32  3467/5209/32  3468/5210/32
usemtl prototype/128_honey_2
f  3469/5211/56  3467/5212/56  3466/5213/56  3470/5214/56
usemtl prototype/128_honey_2
f  3468/4598/3  3467/5115/3  3469/5135/3
usemtl prototype/128_grey_3
f  3470/5138/4  3466/5118/4  3465/4599/4
usemtl prototype/128_grey_3
f  3465/5215/38  3468/5216/38  3469/5217/38  3470/5145/38

o entity60_brush5
usemtl prototype/128_grey_3
f  3471/5218/39  3472/5150/39  3473/5219/39  3474/5220/39
usemtl prototype/128_honey_2
f  3475/5221/61  3473/5222/61  3472/5223/61  3476/5224/61
usemtl prototype/128_honey_2
f  3474/4598/3  3473/5135/3  3475/5155/3
usemtl prototype/128_grey_3
f  3476/5158/4  3472/5138/4  3471/4599/4
usemtl prototype/128_grey_3
f  3471/5225/35  3474/5226/35  3475/5227/35  3476/5228/35

o entity60_brush6
usemtl prototype/128_grey_3
f  3477/5229/36  3478/5230/36  3479/5231/36  3480/5232/36
usemtl prototype/128_honey_2
f  3480/4598/3  3479/5155/3  3481/5171/3
usemtl prototype/128_grey_3
f  3482/5172/4  3478/5158/4  3477/4599/4
usemtl prototype/128_honey_2
f  3481/1775/5  3479/5233/5  3478/4653/5  3482/93/5
usemtl prototype/128_grey_3
f  3477/3289/6  3480/4605/6  3481/5234/6  3482/5175/6

o entity60_brush7
usemtl prototype/128_honey_2
f  3483/5235/1  3484/4591/1  3485/1522/1  3486/5056/1
usemtl prototype/128_honey_2
f  3487/149/2  3485/4594/2  3484/1767/2  3488/152/2
usemtl prototype/128_honey_2
f  3488/143/3  3484/4597/3  3483/5058/3  3489/5059/3
usemtl prototype/128_grey_3
f  3490/5060/4  3486/5061/4  3485/4600/4  3487/146/4
usemtl prototype/128_grey_3
f  3489/5178/46  3483/5236/46  3486/5063/46  3490/5062/46
usemtl prototype/128_honey_2
f  3490/5066/6  3487/3289/6  3488/4605/6  3489/5237/6

o entity60_brush8
usemtl prototype/16_grey_3
f  3491/5238/36  3492/5239/36  3493/5168/36  3494/5167/36
usemtl prototype/128_honey_2
f  3495/92/2  3493/1611/2  3492/5240/2  3496/1766/2
usemtl prototype/128_honey_2
f  3496/5171/3  3492/5155/3  3491/5156/3  3497/4607/3
usemtl prototype/128_grey_3
f  3498/4608/4  3494/5157/4  3493/5158/4  3495/5172/4
usemtl prototype/128_honey_2
f  3497/1775/5  3491/5241/5  3494/5173/5  3498/93/5
usemtl prototype/128_grey_3
f  3498/229/6  3495/5175/6  3496/5234/6  3497/231/6

o entity60_brush9
usemtl prototype/128_grey_3
f  3499/5150/39  3500/5149/39  3501/5242/39  3502/5219/39
usemtl prototype/128_honey_2
f  3503/5243/61  3501/5244/61  3500/5152/61  3504/5151/61
usemtl prototype/128_honey_2
f  3505/5155/3  3502/5135/3  3501/5136/3  3503/5156/3
usemtl prototype/128_grey_3
f  3504/5157/4  3500/5137/4  3499/5138/4  3506/5158/4
usemtl prototype/128_honey_2
f  3506/5162/37  3499/5161/37  3502/5245/37  3505/5246/37
usemtl prototype/128_grey_3
f  3504/5166/35  3506/5165/35  3505/5247/35  3503/5248/35

o entity60_brush10
usemtl prototype/128_grey_3
f  3507/5130/32  3508/5129/32  3509/5249/32  3510/5209/32
usemtl prototype/128_honey_2
f  3511/5250/56  3509/5251/56  3508/5132/56  3512/5131/56
usemtl prototype/128_honey_2
f  3513/5135/3  3510/5115/3  3509/5116/3  3511/5136/3
usemtl prototype/128_grey_3
f  3512/5137/4  3508/5117/4  3507/5118/4  3514/5138/4
usemtl prototype/128_honey_2
f  3514/5142/40  3507/5141/40  3510/5252/40  3513/5253/40
usemtl prototype/128_grey_3
f  3512/5146/38  3514/5145/38  3513/5217/38  3511/5254/38

o entity60_brush11
usemtl prototype/128_honey_2
f  3515/5255/54  3516/5256/54  3517/5108/54  3518/5107/54
usemtl prototype/128_grey_3
f  3519/5114/42  3517/5113/42  3516/5257/42  3520/5203/42
usemtl prototype/128_honey_2
f  3521/5115/3  3520/5096/3  3516/5095/3  3515/5116/3
usemtl prototype/128_grey_3
f  3518/5117/4  3517/5098/4  3519/5097/4  3522/5118/4
usemtl prototype/128_honey_2
f  3522/5122/34  3519/5121/34  3520/5258/34  3521/5259/34
usemtl prototype/128_grey_3
f  3515/5260/41  3518/5123/41  3522/5126/41  3521/5206/41

o entity60_brush12
usemtl prototype/128_honey_2
f  3523/5261/57  3524/5262/57  3525/5088/57  3526/5087/57
usemtl prototype/128_grey_3
f  3527/5094/45  3525/5093/45  3524/5263/45  3528/5195/45
usemtl prototype/128_honey_2
f  3528/5076/3  3524/5075/3  3523/5095/3  3529/5096/3
usemtl prototype/128_grey_3
f  3530/5097/4  3526/5098/4  3525/5078/4  3527/5077/4
usemtl prototype/128_grey_3
f  3529/5198/33  3523/5264/33  3526/5100/33  3530/5099/33
usemtl prototype/128_honey_2
f  3530/5106/44  3527/5105/44  3528/5265/44  3529/5266/44

o entity60_brush13
usemtl prototype/128_honey_2
f  3531/5267/58  3532/5268/58  3533/5068/58  3534/5067/58
usemtl prototype/128_grey_3
f  3535/5074/48  3533/5073/48  3532/5269/48  3536/5185/48
usemtl prototype/128_honey_2
f  3536/5059/3  3532/5058/3  3531/5075/3  3537/5076/3
usemtl prototype/128_grey_3
f  3538/5077/4  3534/5078/4  3533/5061/4  3535/5060/4
usemtl prototype/128_grey_3
f  3537/5188/43  3531/5270/43  3534/5080/43  3538/5079/43
usemtl prototype/128_honey_2
f  3538/5086/47  3535/5085/47  3536/5271/47  3537/5272/47

o entity61_brush0
usemtl prototype/128_grey_3
f  3539/1522/1  3540/5046/1  3541/5273/1  3542/4591/1
usemtl prototype/128_honey_2
f  3542/4606/3  3541/5048/3  3543/5034/3
usemtl prototype/128_grey_3
f  3544/5037/4  3540/5049/4  3539/4609/4
usemtl prototype/128_honey_2
f  3543/5274/5  3541/3744/5  3540/958/5  3544/1499/5
usemtl prototype/128_grey_3
f  3539/5275/7  3542/5276/7  3543/5277/7  3544/5278/7

o entity61_brush1
usemtl prototype/128_grey_3
f  3545/5279/21  3546/5280/21  3547/5281/21  3548/5282/21
usemtl prototype/128_honey_2
f  3548/4606/3  3547/5034/3  3549/5014/3
usemtl prototype/128_grey_3
f  3550/5017/4  3546/5037/4  3545/4609/4
usemtl prototype/128_honey_2
f  3549/5283/22  3547/5284/22  3546/5285/22  3550/5286/22
usemtl prototype/128_grey_3
f  3545/5287/23  3548/5288/23  3549/5289/23  3550/5044/23

o entity61_brush2
usemtl prototype/128_grey_3
f  3551/5290/8  3552/5007/8  3553/5291/8  3554/5292/8
usemtl prototype/128_honey_2
f  3554/4606/3  3553/5014/3  3555/4994/3
usemtl prototype/128_grey_3
f  3556/4997/4  3552/5017/4  3551/4609/4
usemtl prototype/128_honey_2
f  3555/5293/9  3553/5294/9  3552/5295/9  3556/5296/9
usemtl prototype/128_grey_3
f  3551/5297/10  3554/5298/10  3555/5299/10  3556/5024/10

o entity61_brush3
usemtl prototype/128_grey_3
f  3557/5300/18  3558/5301/18  3559/5302/18  3560/4987/18
usemtl prototype/128_honey_2
f  3561/4974/3  3558/4606/3  3557/4994/3
usemtl prototype/128_grey_3
f  3560/4997/4  3559/4609/4  3562/4977/4
usemtl prototype/128_grey_3
f  3562/5000/19  3559/5303/19  3558/5304/19  3561/5305/19
usemtl prototype/128_honey_2
f  3557/5306/20  3560/4751/20  3562/4750/20  3561/5307/20

o entity61_brush4
usemtl prototype/128_grey_3
f  3563/5308/15  3564/5309/15  3565/5310/15  3566/4971/15
usemtl prototype/128_honey_2
f  3567/4954/3  3564/4606/3  3563/4974/3
usemtl prototype/128_grey_3
f  3566/4977/4  3565/4609/4  3568/4957/4
usemtl prototype/128_grey_3
f  3568/5311/16  3565/5312/16  3564/5313/16  3567/5314/16
usemtl prototype/128_honey_2
f  3566/5315/17  3568/5316/17  3567/5317/17  3563/5318/17

o entity61_brush5
usemtl prototype/128_grey_3
f  3569/5319/11  3570/5320/11  3571/5321/11  3572/5322/11
usemtl prototype/128_honey_2
f  3573/4939/3  3570/4606/3  3569/4954/3
usemtl prototype/128_grey_3
f  3572/4957/4  3571/4609/4  3574/4942/4
usemtl prototype/128_grey_3
f  3574/5323/12  3571/5324/12  3570/5325/12  3573/5326/12
usemtl prototype/128_honey_2
f  3572/5327/13  3574/5328/13  3573/5329/13  3569/5330/13

o entity61_brush6
usemtl prototype/128_grey_3
f  3575/5331/14  3576/5332/14  3577/5333/14  3578/5334/14
usemtl prototype/128_honey_2
f  3579/346/2  3577/3760/2  3576/3749/2  3580/5335/2
usemtl prototype/128_honey_2
f  3580/4938/3  3576/4606/3  3575/4939/3
usemtl prototype/128_grey_3
f  3578/4942/4  3577/4609/4  3579/4943/4
usemtl prototype/128_honey_2
f  3580/4605/6  3575/5237/6  3578/5066/6  3579/3289/6

o entity61_brush7
usemtl prototype/128_honey_2
f  3581/4932/1  3582/5176/1  3583/4591/1  3584/1522/1
usemtl prototype/128_grey_3
f  3585/5336/14  3582/5337/14  3581/4934/14  3586/4933/14
usemtl prototype/128_honey_2
f  3587/4610/2  3584/346/2  3583/5335/2  3588/4611/2
usemtl prototype/128_honey_2
f  3588/4614/3  3583/4938/3  3582/4939/3  3585/4940/3
usemtl prototype/128_grey_3
f  3586/4941/4  3581/4942/4  3584/4943/4  3587/4615/4
usemtl prototype/128_honey_2
f  3587/3289/6  3588/4605/6  3585/5338/6  3586/4944/6

o entity61_brush8
usemtl prototype/128_grey_3
f  3589/5339/8  3590/5291/8  3591/5007/8  3592/5006/8
usemtl prototype/128_honey_2
f  3593/5013/51  3591/5012/51  3590/5340/51  3594/5341/51
usemtl prototype/128_honey_2
f  3594/4994/3  3590/5014/3  3589/5015/3  3595/4995/3
usemtl prototype/128_grey_3
f  3596/4996/4  3592/5016/4  3591/5017/4  3593/4997/4
usemtl prototype/128_honey_2
f  3595/5342/9  3589/5343/9  3592/5019/9  3596/5018/9
usemtl prototype/128_grey_3
f  3596/5025/10  3593/5024/10  3594/5299/10  3595/5344/10

o entity61_brush9
usemtl prototype/128_grey_3
f  3597/213/1  3598/5273/1  3599/5046/1  3600/214/1
usemtl prototype/128_honey_2
f  3601/4657/2  3599/3760/2  3598/3749/2  3602/5345/2
usemtl prototype/128_honey_2
f  3602/5034/3  3598/5048/3  3597/3294/3  3603/5035/3
usemtl prototype/128_grey_3
f  3604/5036/4  3600/3301/4  3599/5049/4  3601/5037/4
usemtl prototype/128_honey_2
f  3603/5346/5  3597/3744/5  3600/958/5  3604/5050/5
usemtl prototype/16_grey_3
f  3604/5055/7  3601/5054/7  3602/5347/7  3603/5348/7

o entity61_brush10
usemtl prototype/128_grey_3
f  3605/5349/21  3606/5350/21  3607/5027/21  3608/5026/21
usemtl prototype/128_honey_2
f  3609/5033/171  3607/5032/171  3606/5351/171  3610/5352/171
usemtl prototype/128_honey_2
f  3610/5014/3  3606/5034/3  3605/5035/3  3611/5015/3
usemtl prototype/128_grey_3
f  3612/5016/4  3608/5036/4  3607/5037/4  3609/5017/4
usemtl prototype/128_honey_2
f  3611/5353/22  3605/5354/22  3608/5039/22  3612/5038/22
usemtl prototype/128_grey_3
f  3612/5045/23  3609/5044/23  3610/5289/23  3611/5355/23

o entity61_brush11
usemtl prototype/128_grey_3
f  3613/5356/18  3614/5300/18  3615/4987/18  3616/4986/18
usemtl prototype/128_honey_2
f  3617/4993/52  3615/4992/52  3614/5357/52  3618/5358/52
usemtl prototype/128_honey_2
f  3619/4975/3  3618/4974/3  3614/4994/3  3613/4995/3
usemtl prototype/128_grey_3
f  3616/4996/4  3615/4997/4  3617/4977/4  3620/4976/4
usemtl prototype/128_grey_3
f  3620/5001/19  3617/5000/19  3618/5305/19  3619/5359/19
usemtl prototype/128_honey_2
f  3613/5360/20  3616/5002/20  3620/5005/20  3619/5361/20

o entity61_brush12
usemtl prototype/128_honey_2
f  3621/4969/53  3622/4968/53  3623/5362/53  3624/5363/53
usemtl prototype/128_grey_3
f  3625/5364/15  3623/5308/15  3622/4971/15  3626/4970/15
usemtl prototype/128_honey_2
f  3627/4955/3  3624/4954/3  3623/4974/3  3625/4975/3
usemtl prototype/128_grey_3
f  3626/4976/4  3622/4977/4  3621/4957/4  3628/4956/4
usemtl prototype/128_grey_3
f  3628/4981/16  3621/4980/16  3624/5365/16  3627/5366/16
usemtl prototype/128_honey_2
f  3626/4985/17  3628/4984/17  3627/5367/17  3625/5368/17

o entity61_brush13
usemtl prototype/128_honey_2
f  3629/4949/50  3630/4948/50  3631/5369/50  3632/5370/50
usemtl prototype/128_grey_3
f  3633/5371/11  3631/5372/11  3630/4951/11  3634/4950/11
usemtl prototype/128_honey_2
f  3635/4940/3  3632/4939/3  3631/4954/3  3633/4955/3
usemtl prototype/128_grey_3
f  3634/4956/4  3630/4957/4  3629/4942/4  3636/4941/4
usemtl prototype/128_grey_3
f  3636/4961/12  3629/4960/12  3632/5373/12  3635/5374/12
usemtl prototype/128_honey_2
f  3634/4965/13  3636/4964/13  3635/5375/13  3633/5376/13

o entity62_brush0
usemtl prototype/128_grey_3
f  3637/5377/48  3638/5378/48  3639/5379/48  3640/5380/48
usemtl prototype/128_honey_2
f  3640/4910/3  3639/4613/3  3641/4927/3
usemtl prototype/128_grey_3
f  3642/4928/4  3638/4616/4  3637/4913/4
usemtl prototype/128_honey_2
f  3641/140/5  3639/3744/5  3638/958/5  3642/137/5
usemtl prototype/128_honey_2
f  3637/198/6  3640/199/6  3641/4604/6  3642/4603/6

o entity62_brush1
usemtl prototype/128_grey_3
f  3643/4908/45  3644/5381/45  3645/5382/45  3646/5383/45
usemtl prototype/128_honey_2
f  3646/4890/3  3645/4613/3  3647/4910/3
usemtl prototype/128_grey_3
f  3648/4913/4  3644/4616/4  3643/4893/4
usemtl prototype/128_grey_3
f  3647/5384/46  3645/5385/46  3644/5386/46  3648/5387/46
usemtl prototype/128_honey_2
f  3643/5388/47  3646/5389/47  3647/5390/47  3648/5391/47

o entity62_brush2
usemtl prototype/128_grey_3
f  3649/5392/42  3650/5393/42  3651/5394/42  3652/5395/42
usemtl prototype/128_honey_2
f  3652/4870/3  3651/4613/3  3653/4890/3
usemtl prototype/128_grey_3
f  3654/4893/4  3650/4616/4  3649/4873/4
usemtl prototype/128_grey_3
f  3653/5396/43  3651/5397/43  3650/5398/43  3654/4895/43
usemtl prototype/128_honey_2
f  3649/5399/44  3652/5400/44  3653/5401/44  3654/5402/44

o entity62_brush3
usemtl prototype/128_grey_3
f  3655/4864/32  3656/5403/32  3657/5404/32  3658/5405/32
usemtl prototype/128_honey_2
f  3658/4851/3  3657/4613/3  3659/4870/3
usemtl prototype/128_grey_3
f  3660/4873/4  3656/4616/4  3655/4852/4
usemtl prototype/128_grey_3
f  3659/5406/33  3657/5407/33  3656/5408/33  3660/5409/33
usemtl prototype/128_honey_2
f  3655/5121/34  3658/5258/34  3659/5259/34  3660/5122/34

o entity62_brush4
usemtl prototype/128_grey_3
f  3661/5410/39  3662/5411/39  3663/4844/39  3664/5412/39
usemtl prototype/128_honey_2
f  3665/4851/3  3662/4831/3  3661/4613/3
usemtl prototype/128_grey_3
f  3664/4616/4  3663/4832/4  3666/4852/4
usemtl prototype/128_honey_2
f  3666/5413/40  3663/5414/40  3662/5415/40  3665/5416/40
usemtl prototype/128_grey_3
f  3661/5417/41  3664/5418/41  3666/4861/41  3665/5419/41

o entity62_brush5
usemtl prototype/128_grey_3
f  3667/5420/36  3668/5421/36  3669/5422/36  3670/5423/36
usemtl prototype/128_honey_2
f  3671/4831/3  3668/4813/3  3667/4613/3
usemtl prototype/128_grey_3
f  3670/4616/4  3669/4814/4  3672/4832/4
usemtl prototype/128_honey_2
f  3672/5424/37  3669/5425/37  3668/5426/37  3671/5427/37
usemtl prototype/128_grey_3
f  3667/5428/38  3670/5429/38  3672/4841/38  3671/5430/38

o entity62_brush6
usemtl prototype/128_grey_3
f  3673/4592/1  3674/5431/1  3675/4808/1  3676/4593/1
usemtl prototype/128_honey_2
f  3677/4657/2  3675/3760/2  3674/3749/2  3678/5345/2
usemtl prototype/128_honey_2
f  3678/4813/3  3674/4812/3  3673/4613/3
usemtl prototype/128_grey_3
f  3676/4616/4  3675/4815/4  3677/4814/4
usemtl prototype/128_grey_3
f  3678/5432/35  3673/5433/35  3676/5434/35  3677/5435/35

o entity62_brush7
usemtl prototype/128_grey_3
f  3679/5431/1  3680/4620/1  3681/455/1  3682/4808/1
usemtl prototype/128_honey_2
f  3683/4810/2  3681/3760/2  3680/3749/2  3684/5436/2
usemtl prototype/128_honey_2
f  3684/4811/3  3680/4621/3  3679/4812/3  3685/4813/3
usemtl prototype/128_grey_3
f  3686/4814/4  3682/4815/4  3681/4624/4  3683/4816/4
usemtl prototype/128_honey_2
f  3685/5274/5  3679/3744/5  3682/958/5  3686/1499/5
usemtl prototype/16_grey_3
f  3686/4821/35  3683/4820/35  3684/5437/35  3685/5438/35

o entity62_brush8
usemtl prototype/128_grey_3
f  3687/4845/39  3688/4844/39  3689/5411/39  3690/5439/39
usemtl prototype/128_honey_2
f  3691/5440/56  3689/5441/56  3688/4847/56  3692/4846/56
usemtl prototype/128_honey_2
f  3693/4850/3  3690/4830/3  3689/4831/3  3691/4851/3
usemtl prototype/128_grey_3
f  3692/4852/4  3688/4832/4  3687/4833/4  3694/4853/4
usemtl prototype/128_honey_2
f  3694/4857/40  3687/4856/40  3690/5442/40  3693/5443/40
usemtl prototype/128_grey_3
f  3692/4861/41  3694/4860/41  3693/5444/41  3691/5419/41

o entity62_brush9
usemtl prototype/128_grey_3
f  3695/4825/36  3696/4824/36  3697/5445/36  3698/5446/36
usemtl prototype/128_honey_2
f  3699/5447/61  3697/5448/61  3696/4827/61  3700/4826/61
usemtl prototype/128_honey_2
f  3701/4830/3  3698/4811/3  3697/4813/3  3699/4831/3
usemtl prototype/128_grey_3
f  3700/4832/4  3696/4814/4  3695/4816/4  3702/4833/4
usemtl prototype/128_honey_2
f  3702/4837/37  3695/4836/37  3698/5449/37  3701/5450/37
usemtl prototype/128_grey_3
f  3700/4841/38  3702/4840/38  3701/5451/38  3699/5430/38

o entity62_brush10
usemtl prototype/128_grey_3
f  3703/4865/32  3704/4864/32  3705/5405/32  3706/5452/32
usemtl prototype/128_honey_2
f  3707/5200/54  3705/5201/54  3704/4867/54  3708/4866/54
usemtl prototype/128_honey_2
f  3706/4850/3  3705/4851/3  3707/4870/3  3709/4871/3
usemtl prototype/128_grey_3
f  3710/4872/4  3708/4873/4  3704/4852/4  3703/4853/4
usemtl prototype/128_grey_3
f  3709/5453/33  3707/5454/33  3708/4875/33  3710/4874/33
usemtl prototype/128_honey_2
f  3710/4881/34  3703/4880/34  3706/5455/34  3709/5456/34

o entity62_brush11
usemtl prototype/128_honey_2
f  3711/5457/57  3712/5458/57  3713/4883/57  3714/4882/57
usemtl prototype/128_grey_3
f  3715/4889/42  3713/4888/42  3712/5459/42  3716/5460/42
usemtl prototype/128_honey_2
f  3716/4871/3  3712/4870/3  3711/4890/3  3717/4891/3
usemtl prototype/128_grey_3
f  3718/4892/4  3714/4893/4  3713/4873/4  3715/4872/4
usemtl prototype/128_grey_3
f  3717/5461/43  3711/5396/43  3714/4895/43  3718/4894/43
usemtl prototype/128_honey_2
f  3718/4901/44  3715/4900/44  3716/5462/44  3717/5463/44

o entity62_brush12
usemtl prototype/128_honey_2
f  3719/5464/58  3720/5465/58  3721/4903/58  3722/4902/58
usemtl prototype/128_grey_3
f  3723/4909/45  3721/4908/45  3720/5383/45  3724/5466/45
usemtl prototype/128_honey_2
f  3724/4891/3  3720/4890/3  3719/4910/3  3725/4911/3
usemtl prototype/128_grey_3
f  3726/4912/4  3722/4913/4  3721/4893/4  3723/4892/4
usemtl prototype/128_grey_3
f  3725/5467/46  3719/5468/46  3722/4915/46  3726/4914/46
usemtl prototype/128_honey_2
f  3726/4921/47  3723/4920/47  3724/5469/47  3725/5470/47

o entity62_brush13
usemtl prototype/128_honey_2
f  3727/4592/1  3728/5471/1  3729/1242/1  3730/4593/1
usemtl prototype/128_grey_3
f  3731/4926/48  3729/4925/48  3728/5472/48  3732/5473/48
usemtl prototype/128_honey_2
f  3732/4911/3  3728/4910/3  3727/4927/3  3733/4612/3
usemtl prototype/128_grey_3
f  3734/4617/4  3730/4928/4  3729/4913/4  3731/4912/4
usemtl prototype/128_honey_2
f  3733/4618/5  3727/140/5  3730/137/5  3734/4619/5
usemtl prototype/128_honey_2
f  3734/4603/6  3731/4931/6  3732/5474/6  3733/4604/6

o entity63_brush0
usemtl prototype/128_grey_3
f  3735/5475/21  3736/5476/21  3737/5477/21  3738/5478/21
usemtl prototype/128_honey_2
f  3739/92/2  3737/1611/2  3736/5240/2  3740/1766/2
usemtl prototype/128_honey_2
f  3740/4804/3  3736/4787/3  3735/4595/3
usemtl prototype/128_grey_3
f  3738/4602/4  3737/4788/4  3739/4805/4
usemtl prototype/128_grey_3
f  3740/5479/6  3735/4604/6  3738/4603/6  3739/4807/6

o entity63_brush1
usemtl prototype/128_grey_3
f  3741/5480/8  3742/5481/8  3743/4778/8  3744/5482/8
usemtl prototype/128_honey_2
f  3745/5483/171  3743/5484/171  3742/5485/171  3746/5486/171
usemtl prototype/128_honey_2
f  3746/4787/3  3742/4767/3  3741/4595/3
usemtl prototype/128_grey_3
f  3744/4602/4  3743/4768/4  3745/4788/4
usemtl prototype/128_grey_3
f  3746/5487/7  3741/5488/7  3744/5489/7  3745/5490/7

o entity63_brush2
usemtl prototype/128_grey_3
f  3747/5491/18  3748/5492/18  3749/5493/18  3750/5494/18
usemtl prototype/128_honey_2
f  3751/5495/51  3749/5496/51  3748/5497/51  3752/5498/51
usemtl prototype/128_honey_2
f  3752/4767/3  3748/4747/3  3747/4595/3
usemtl prototype/128_grey_3
f  3750/4602/4  3749/4748/4  3751/4768/4
usemtl prototype/128_grey_3
f  3752/5499/23  3747/5500/23  3750/5501/23  3751/4777/23

o entity63_brush3
usemtl prototype/128_honey_2
f  3753/4993/52  3754/4992/52  3755/5357/52  3756/5358/52
usemtl prototype/128_grey_3
f  3757/5502/15  3755/5503/15  3754/4742/15  3758/5504/15
usemtl prototype/128_honey_2
f  3756/4747/3  3755/4726/3  3757/4595/3
usemtl prototype/128_grey_3
f  3758/4602/4  3754/4729/4  3753/4748/4
usemtl prototype/128_grey_3
f  3753/5505/10  3756/5506/10  3757/5507/10  3758/5508/10

o entity63_brush4
usemtl prototype/128_honey_2
f  3759/5509/53  3760/5510/53  3761/5511/53  3762/5512/53
usemtl prototype/128_grey_3
f  3763/5513/11  3761/5514/11  3760/5515/11  3764/5516/11
usemtl prototype/128_honey_2
f  3762/4726/3  3761/4706/3  3763/4595/3
usemtl prototype/128_grey_3
f  3764/4602/4  3760/4709/4  3759/4729/4
usemtl prototype/128_grey_3
f  3759/4733/19  3762/5517/19  3763/5518/19  3764/5519/19

o entity63_brush5
usemtl prototype/128_honey_2
f  3765/5520/50  3766/5521/50  3767/5522/50  3768/5523/50
usemtl prototype/128_grey_3
f  3769/5524/14  3767/5525/14  3766/4702/14  3770/5526/14
usemtl prototype/128_honey_2
f  3768/4706/3  3767/4687/3  3769/4595/3
usemtl prototype/128_grey_3
f  3770/4602/4  3766/4692/4  3765/4709/4
usemtl prototype/128_grey_3
f  3765/5527/16  3768/5528/16  3769/5529/16  3770/5530/16

o entity63_brush6
usemtl prototype/128_honey_2
f  3771/1242/1  3772/4593/1  3773/4592/1  3774/5471/1
usemtl prototype/128_honey_2
f  3774/4687/3  3773/4689/3  3775/4595/3
usemtl prototype/128_grey_3
f  3776/4602/4  3772/4690/4  3771/4692/4
usemtl prototype/128_honey_2
f  3775/1775/5  3773/133/5  3772/136/5  3776/93/5
usemtl prototype/128_grey_3
f  3771/4696/12  3774/5531/12  3775/5532/12  3776/5533/12

o entity63_brush7
usemtl prototype/128_honey_2
f  3777/4686/1  3778/4593/1  3779/4592/1  3780/5534/1
usemtl prototype/128_honey_2
f  3781/4687/3  3780/4688/3  3779/4596/3  3782/4689/3
usemtl prototype/128_grey_3
f  3783/4690/4  3778/4601/4  3777/4691/4  3784/4692/4
usemtl prototype/128_honey_2
f  3782/133/5  3779/1774/5  3778/3804/5  3783/136/5
usemtl prototype/128_grey_3
f  3784/4696/12  3777/4695/12  3780/5535/12  3781/5531/12
usemtl prototype/128_honey_2
f  3784/198/6  3781/199/6  3782/4604/6  3783/4603/6

o entity63_brush8
usemtl prototype/128_honey_2
f  3785/4701/50  3786/4700/50  3787/5536/50  3788/5537/50
usemtl prototype/128_grey_3
f  3789/5525/14  3787/5538/14  3786/4703/14  3790/4702/14
usemtl prototype/128_honey_2
f  3791/4706/3  3788/4707/3  3787/4688/3  3789/4687/3
usemtl prototype/128_grey_3
f  3790/4692/4  3786/4691/4  3785/4708/4  3792/4709/4
usemtl prototype/128_grey_3
f  3792/4713/16  3785/4712/16  3788/5539/16  3791/5540/16
usemtl prototype/128_honey_2
f  3791/5541/13  3789/5542/13  3790/4715/13  3792/4714/13

o entity63_brush9
usemtl prototype/128_honey_2
f  3793/4721/53  3794/4720/53  3795/5543/53  3796/5544/53
usemtl prototype/128_grey_3
f  3797/5545/11  3795/5546/11  3794/4723/11  3798/4722/11
usemtl prototype/128_honey_2
f  3799/4726/3  3796/4727/3  3795/4707/3  3797/4706/3
usemtl prototype/128_grey_3
f  3798/4709/4  3794/4708/4  3793/4728/4  3800/4729/4
usemtl prototype/128_grey_3
f  3800/4733/19  3793/4732/19  3796/5547/19  3799/5517/19
usemtl prototype/128_honey_2
f  3799/5548/17  3797/5549/17  3798/4735/17  3800/4734/17

o entity63_brush10
usemtl prototype/128_honey_2
f  3801/4741/52  3802/4740/52  3803/5550/52  3804/5551/52
usemtl prototype/128_grey_3
f  3805/5503/15  3803/5552/15  3802/4743/15  3806/4742/15
usemtl prototype/128_honey_2
f  3804/4746/3  3803/4727/3  3805/4726/3  3807/4747/3
usemtl prototype/128_grey_3
f  3808/4748/4  3806/4729/4  3802/4728/4  3801/4749/4
usemtl prototype/128_honey_2
f  3807/5307/20  3805/5306/20  3806/4751/20  3808/4750/20
usemtl prototype/128_grey_3
f  3808/4757/10  3801/4756/10  3804/5553/10  3807/5554/10

o entity63_brush11
usemtl prototype/128_grey_3
f  3809/5555/18  3810/5556/18  3811/4759/18  3812/4758/18
usemtl prototype/128_honey_2
f  3813/4765/51  3811/4764/51  3810/5557/51  3814/5558/51
usemtl prototype/128_honey_2
f  3814/4766/3  3810/4746/3  3809/4747/3  3815/4767/3
usemtl prototype/128_grey_3
f  3816/4768/4  3812/4748/4  3811/4749/4  3813/4769/4
usemtl prototype/128_honey_2
f  3815/5559/9  3809/5560/9  3812/4771/9  3816/4770/9
usemtl prototype/128_grey_3
f  3816/4777/23  3813/4776/23  3814/5561/23  3815/5499/23

o entity63_brush12
usemtl prototype/128_grey_3
f  3817/5481/8  3818/5562/8  3819/4779/8  3820/4778/8
usemtl prototype/128_honey_2
f  3821/4785/261  3819/4784/261  3818/5563/261  3822/5564/261
usemtl prototype/128_honey_2
f  3822/4786/3  3818/4766/3  3817/4767/3  3823/4787/3
usemtl prototype/128_grey_3
f  3824/4788/4  3820/4768/4  3819/4769/4  3821/4789/4
usemtl prototype/128_honey_2
f  3823/5565/22  3817/5566/22  3820/4791/22  3824/4790/22
usemtl prototype/128_grey_3
f  3824/4797/7  3821/4796/7  3822/5567/7  3823/5568/7

o entity63_brush13
usemtl prototype/16_grey_3
f  3825/5569/21  3826/5570/21  3827/4799/21  3828/4798/21
usemtl prototype/128_honey_2
f  3829/92/2  3827/4803/2  3826/5571/2  3830/1766/2
usemtl prototype/128_honey_2
f  3830/4622/3  3826/4786/3  3825/4787/3  3831/4804/3
usemtl prototype/128_grey_3
f  3832/4805/4  3828/4788/4  3827/4789/4  3829/4623/4
usemtl prototype/128_honey_2
f  3831/1775/5  3825/5233/5  3828/4653/5  3832/93/5
usemtl prototype/128_grey_3
f  3832/4807/6  3829/157/6  3830/160/6  3831/5479/6

o entity64_brush0
usemtl prototype/16_blue_3
f  3833/91/1  3834/4629/1  3835/107/1  3836/4644/1
usemtl prototype/blue_3
f  3837/5572/2  3835/5573/2  3834/3407/2  3838/5574/2
usemtl prototype/blue_3
f  3838/5575/3  3834/5576/3  3833/5577/3  3839/5578/3
usemtl prototype/blue_3
f  3840/5579/4  3836/5580/4  3835/5581/4  3837/5582/4
usemtl prototype/blue_3
f  3839/5583/5  3833/5584/5  3836/5585/5  3840/5586/5
usemtl prototype/blue_3
f  3840/4654/6  3837/110/6  3838/4638/6  3839/94/6

o entity64_brush1
usemtl prototype/16_blue_3
f  3841/91/1  3842/4629/1  3843/1766/1  3844/5240/1
usemtl prototype/blue_3
f  3845/5587/2  3843/5588/2  3842/3361/2  3846/3407/2
usemtl prototype/blue_3
f  3846/5576/3  3842/5589/3  3841/5590/3  3847/5577/3
usemtl prototype/blue_3
f  3848/5580/4  3844/5591/4  3843/5592/4  3845/5581/4
usemtl prototype/blue_3
f  3847/5584/5  3841/3367/5  3844/5593/5  3848/5594/5
usemtl prototype/blue_3
f  3848/5233/6  3845/1775/6  3846/4638/6  3847/94/6

o entity64_brush2
usemtl prototype/16_blue_3
f  3849/5595/1  3850/5596/1  3851/5597/1  3852/5598/1
usemtl key_prototype/gold_1
f  3853/309/2  3851/3543/2  3850/1494/2  3854/5175/2
usemtl prototype/key_silver_1
f  3854/5599/3  3850/5600/3  3849/5601/3  3855/5602/3
usemtl prototype/key_silver_1
f  3856/5603/4  3852/5604/4  3851/5605/4  3853/5606/4
usemtl key_prototype/gold_1
f  3855/5175/5  3849/1494/5  3852/3543/5  3856/309/5
usemtl prototype/key_silver_1
f  3856/5607/6  3853/5608/6  3854/5609/6  3855/5610/6

o entity64_brush3
usemtl prototype/16_blue_3
f  3857/5598/1  3858/5597/1  3859/5611/1  3860/5612/1
usemtl prototype/blue_3
f  3861/5613/28  3859/5614/28  3858/5615/28  3862/5616/28
usemtl prototype/blue_3
f  3862/5617/3  3858/5618/3  3857/5619/3  3863/5620/3
usemtl prototype/blue_3
f  3864/5580/4  3860/5591/4  3859/5592/4  3861/5581/4
usemtl prototype/blue_3
f  3863/5621/29  3857/5622/29  3860/5623/29  3864/5624/29
usemtl prototype/blue_3
f  3864/5625/6  3861/5626/6  3862/5608/6  3863/5607/6

o entity64_brush4
usemtl prototype/16_blue_3
f  3865/5612/1  3866/5611/1  3867/107/1  3868/4644/1
usemtl prototype/blue_3
f  3869/5573/2  3867/5627/2  3866/5628/2  3870/5629/2
usemtl prototype/blue_3
f  3870/5576/3  3866/5589/3  3865/5590/3  3871/5577/3
usemtl prototype/blue_3
f  3872/5580/4  3868/5591/4  3867/5592/4  3869/5581/4
usemtl prototype/blue_3
f  3871/5630/5  3865/5631/5  3868/5632/5  3872/5585/5
usemtl prototype/blue_3
f  3872/4654/6  3869/110/6  3870/5626/6  3871/5625/6

o entity64_brush5
usemtl prototype/16_blue_3
f  3873/5240/1  3874/1766/1  3875/5596/1  3876/5595/1
usemtl prototype/blue_3
f  3877/5633/30  3875/5634/30  3874/5635/30  3878/5636/30
usemtl prototype/blue_3
f  3878/5576/3  3874/5589/3  3873/5590/3  3879/5577/3
usemtl prototype/blue_3
f  3880/5637/4  3876/5638/4  3875/5639/4  3877/5640/4
usemtl prototype/blue_3
f  3879/5641/31  3873/5642/31  3876/5643/31  3880/5644/31
usemtl prototype/blue_3
f  3880/5610/6  3877/5609/6  3878/1775/6  3879/5233/6

o entity65_brush0
usemtl prototype/blue_3
f  3881/91/1  3882/4629/1  3883/1766/1  3884/5240/1
usemtl prototype/blue_3
f  3885/5588/2  3883/5645/2  3882/5646/2  3886/3361/2
usemtl prototype/blue_3
f  3886/5589/3  3882/5647/3  3881/5648/3  3887/5590/3
usemtl prototype/blue_3
f  3888/5591/4  3884/5649/4  3883/5650/4  3885/5592/4
usemtl prototype/blue_3
f  3887/3367/5  3881/5651/5  3884/5652/5  3888/5593/5
usemtl prototype/16_blue_3
f  3888/5233/6  3885/1775/6  3886/4638/6  3887/94/6

o entity65_brush1
usemtl prototype/blue_3
f  3889/5240/1  3890/1766/1  3891/5596/1  3892/5595/1
usemtl prototype/blue_3
f  3893/5634/30  3891/5653/30  3890/5654/30  3894/5635/30
usemtl prototype/blue_3
f  3894/5589/3  3890/5647/3  3889/5648/3  3895/5590/3
usemtl prototype/blue_3
f  3896/5638/4  3892/5655/4  3891/5656/4  3893/5639/4
usemtl prototype/blue_3
f  3895/5642/31  3889/5657/31  3892/5658/31  3896/5643/31
usemtl prototype/16_blue_3
f  3896/5610/6  3893/5609/6  3894/1775/6  3895/5233/6

o entity65_brush2
usemtl prototype/blue_3
f  3897/91/1  3898/4629/1  3899/107/1  3900/4644/1
usemtl prototype/blue_3
f  3901/5659/2  3899/5660/2  3898/5661/2  3902/5646/2
usemtl prototype/blue_3
f  3902/5647/3  3898/5662/3  3897/5663/3  3903/5648/3
usemtl prototype/blue_3
f  3904/5649/4  3900/5664/4  3899/5665/4  3901/5650/4
usemtl prototype/blue_3
f  3903/5651/5  3897/5666/5  3900/5667/5  3904/5668/5
usemtl prototype/16_blue_3
f  3904/4654/6  3901/110/6  3902/4638/6  3903/94/6

o entity65_brush3
usemtl prototype/key_silver_1
f  3905/5595/1  3906/5596/1  3907/5597/1  3908/5598/1
usemtl key_prototype/gold_1
f  3909/3543/2  3907/266/2  3906/5669/2  3910/1494/2
usemtl prototype/key_silver_1
f  3910/5600/3  3906/5670/3  3905/5671/3  3911/5601/3
usemtl prototype/key_silver_1
f  3912/5604/4  3908/5672/4  3907/5673/4  3909/5605/4
usemtl key_prototype/gold_1
f  3911/1494/5  3905/5669/5  3908/266/5  3912/3543/5
usemtl prototype/16_blue_3
f  3912/5607/6  3909/5608/6  3910/5609/6  3911/5610/6

o entity65_brush4
usemtl prototype/blue_3
f  3913/5598/1  3914/5597/1  3915/5611/1  3916/5612/1
usemtl prototype/blue_3
f  3917/5614/28  3915/5674/28  3914/5675/28  3918/5615/28
usemtl prototype/blue_3
f  3918/5618/3  3914/5676/3  3913/5677/3  3919/5619/3
usemtl prototype/blue_3
f  3920/5591/4  3916/5649/4  3915/5650/4  3917/5592/4
usemtl prototype/blue_3
f  3919/5622/29  3913/5678/29  3916/5679/29  3920/5623/29
usemtl prototype/16_blue_3
f  3920/5625/6  3917/5626/6  3918/5608/6  3919/5607/6

o entity65_brush5
usemtl prototype/blue_3
f  3921/5612/1  3922/5611/1  3923/107/1  3924/4644/1
usemtl prototype/blue_3
f  3925/5627/2  3923/5659/2  3922/5680/2  3926/5628/2
usemtl prototype/blue_3
f  3926/5589/3  3922/5647/3  3921/5648/3  3927/5590/3
usemtl prototype/blue_3
f  3928/5591/4  3924/5649/4  3923/5650/4  3925/5592/4
usemtl prototype/blue_3
f  3927/5631/5  3921/5681/5  3924/5668/5  3928/5632/5
usemtl prototype/16_blue_3
f  3928/4654/6  3925/110/6  3926/5626/6  3927/5625/6

